#include <cstdint>
alignas(64) const uint32_t T0[36864] = {
  0x14EA1F49,0x025E3678,0x75569D5B,0xCCB185B8,0x3BD9F35C,0x67EA6980,0x6A9DE62B,0x53193895,0x99FE56BF,0xBDECDE93,0xEEF5E606,0x43FBFA36,0xC39B27F1,0x7E77F962,0x1BC0BD00,0xCAE475B0,
  0x51441577,0x2412882C,0x34F04A8F,0xD124C8B0,0xECABD07E,0xAF502A48,0x241193B6,0x67E9721A,0x4A87B3ED,0xF13E9D76,0x8060DDC7,0x6E953BC1,0x199E8B78,0x1BC3A69A,0x0F2AA249,0xD52F0EC0,
  0x00000000,0x9BA37B5D,0x3FD12EB6,0x4E8C759D,0x9DF68B55,0xD858816B,0xC790E181,0xFA1FF94F,0xA47255EB,0x41A5CC4E,0x7E74E2F8,0xF842D4AD,0xE8A30D94,0x16B42931,0xB9E40379,0x1D954D08,
  0xCEEFB3C0,0xB6CEA130,0x9DF590CF,0x0B216439,0xA224BE79,0xFC4A0947,0xCCB29E22,0x90821F64,0x908104FE,0xD77138B8,0x45AD11A4,0x0B227FA3,0xFE143F3F,0xD52C155A,0x5A65714E,0xD85B9AF1,
  0xF76B6D7E,0x1FCB7B70,0xEEF6FD9C,0xF13D86EC,0x948AC28E,0x8D1449F6,0xFC4912DD,0x846B1BB7,0x3BDAE8C6,0xA227A5E3,0xDE0D7163,0x51470EED,0xAD0D07AA,0x5C308146,0x3FD2352C,0x199D90E2,
  0x10E1D939,0x63E1AFF0,0x3987C524,0x8063C65D,0x2D6DDA6D,0x264FA5CE,0x782112F0,0xE5D4823F,0x7C2AD480,0x891C941C,0x32A6A11D,0x68C0CBC9,0xA62C6393,0x8F4A7F8E,0xB2C67CDA,0xD379E552,
  0xB2C56740,0xBBB92E9B,0x823EEBBF,0x715D5B2B,0xCAE76E2A,0xF360AB0E,0x5E6EB73E,0x92DF3286,0xB6CDBAAA,0xC5CED7F9,0x8F496414,0xDA06B713,0x823DF025,0x2F30F78F,0x29650787,0x12BCF4DB,
  0x16B732AB,0x1FC860EA,0xE3817237,0xC1C51189,0xEAFE2076,0xBBBA3501,0xB9E718E3,0x0408DDEA,0x0D778FAB,0x10E2C2A3,0xDC505C81,0x7A7C3F12,0x2B382A65,0x6CCB0DB9,0xB0984AA2,0xEAFD3BEC,
  0xA62F7809,0x73036D53,0x32A5BA87,0x86363655,0x5E6DACA4,0x34F35115,0xDE0E6AF9,0x4CD1587F,0xB4938CD2,0x3984DEBE,0x6E96205B,0xBDEFC509,0x30F89765,0xBFB1F371,0xE78AB447,0xE1DC5FD5,
  0xC793FA1B,0x61BC8212,0x92DC291C,0x14E904D3,0x7822096A,0xCEECA85A,0x4E8F6E07,0xA905DA40,0xE5D799A5,0x755586C1,0xF76876E4,0x58385CAC,0x20194E5C,0x0D749431,0x6CC81623,0x9BA060C7,
  0x730076C9,0x770BB0B9,0xC8BA43C8,0x9FA8BD2D,0x5711E57F,0x43F8E1AC,0xF363B094,0x30FB8CFF,0xD127D32A,0x7A7F2488,0xA906C1DA,0x48DA9E0F,0x68C3D053,0x63E2B46A,0x9FABA6B7,0x554CC89D,
  0x531A230F,0x8468002D,0x4A84A877,0x2F33EC15,0x097C49DB,0x8B41B9FE,0x12BFEF41,0x583B4736,0x264CBE54,0x224463BE,0x0F29B9D3,0x47F327DC,0xECA8CBE4,0x96D4F4F6,0xC3983C6B,0x9489D914,
  0x025D2DE2,0xA079939B,0x36AD676D,0xC8B95852,0x5712FEE5,0x61BF9988,0x48D98595,0xA07A8801,0x1D965692,0x45AE0A3E,0xDA05AC89,0xAB5BEC38,0xBFB2E8EB,0xE789AFDD,0x47F03C46,0x65B45FF8,
  0x715E40B1,0xAD0E1C30,0xE8A0160E,0x96D7EF6C,0x29661C1D,0x0655F008,0x891F8F86,0xA4714E71,0xF5355B06,0x99FD4D25,0x65B74462,0x040BC670,0x0656EB92,0x554FD307,0x5A666AD4,0xB4909748,
  0x2D6EC1F7,0x3D8F18CE,0xD37AFEC8,0x41A6D7D4,0x201A55C6,0xDC53471B,0x8D17526C,0x6A9EFDB1,0x00031B9A,0xF536409C,0xB09B5138,0xAB58F7A2,0xD7722322,0xE38269AD,0x7708AB23,0x4CD243E5,
  0x2B3B31FF,0xE1DF444F,0x5C339ADC,0x097F5241,0xFA1CE2D5,0xC5CDCC63,0x36AE7CF7,0xFE1724A5,0x8B42A264,0xAF5331D2,0xC1C60A13,0x22477824,0x86352DCF,0xF841CF37,0x3D8C0354,0x7C29CF1A,
  0xE9655384,0xF1FEE461,0x189BB7E5,0xFB10DAB1,0x4C22E3C8,0xB62A8CFF,0x612759CF,0x29349A55,0x61372577,0x22D26DBB,0xE86D9ABA,0xDCEB22DE,0x0AEE3ED0,0xEC5CBAE8,0x7C850746,0x95E054C2,
  0x7C957BFE,0xBCD4CE97,0xD22440E4,0x6516799D,0xBCC4B22F,0xB8F5927D,0xE6B28438,0xAB88D276,0xDDE3EBE0,0xB3136593,0x5190C1F9,0xCABFF701,0x7D9DB2C0,0x8D7BE327,0x43E548CC,0x9A27FFC6,
  0xD70DD530,0x1CAA97B7,0xA07E5920,0xCF861E6D,0x79BCEE2A,0x5E471645,0x895ABFCD,0x358E715A,0x509808C7,0x0118B586,0x0AFE4268,0xFF31865B,0x052995D4,0x9B3F4A40,0xCBB73E3F,0x5E576AFD,
  0x78B42714,0xEC4CC650,0x5A664AAF,0x7763F0A8,0x30B79836,0x82BC4823,0xE283A46A,0xC1497C57,0xD8CA7E34,0x42ED81F2,0x27EB84D7,0x1DB22231,0x83B4811D,0xAFB9F224,0xAFA98E9C,0xFB00A609,
  0x27FBF86F,0xA547B04C,0x22C21103,0x175C1CE1,0x43F53474,0xBDDC07A9,0xA06E2598,0x9E16DF94,0x641EB0A3,0xB303192B,0xF0F62D5F,0x767B452E,0x77738C10,0x6AD1D299,0xAA801B48,0x5A763617,
  0x1DA25E89,0xA166ECA6,0x868D6871,0x23CAD83D,0xE293D8D2,0xC470953B,0xF5DFB88B,0x91C10828,0x8D6B9F9F,0x3E6886B4,0xAB98AECE,0x0BE6F7EE,0x6FE83BF5,0x7D8DCE78,0x282C2FD3,0x4813C39A,
  0x79AC9292,0xAEA147A2,0x1644A967,0x00000000,0xA45F05CA,0x283C536B,0x725A19C4,0x46CCDD18,0xC460E983,0xE87DE602,0x46DCA1A0,0xB8E5EEC5,0x3A59A6E6,0xC041B569,0x359E0DE2,0xA176901E,
  0x0FC7AB04,0x04312052,0xBDCC7B11,0x0539E96C,0x19830263,0x65060525,0xF4D771B5,0xAA9067F0,0x4D3A564E,0x766B3996,0x4D2A2AF6,0x5B7EFF29,0x30A7E48E,0x2C0D7339,0x2D15C6BF,0xD61560B6,
  0x174C6059,0xC15900EF,0xCAAF8BB9,0x603FEC49,0x885276F3,0x2924E6ED,0xF0E651E7,0x31BF5108,0x8795DDF7,0x1265F58D,0x3496C4DC,0x78A45BAC,0x82AC349B,0x1654D5DF,0xDCFB5E66,0xD2343C5C,
  0x490B761C,0xE38B6D54,0xD71DA988,0x95F0287A,0xFA18138F,0x136D3CB3,0x5088747F,0xD9C2B70A,0x724A657C,0xC051C9D1,0x3486B864,0xD9D2CBB2,0x9F0E6A12,0x6EF08E73,0x5180BD41,0x12758935,
  0x04215CEA,0x3F604F8A,0x8C6356A1,0xE9752F3C,0xFF21FAE3,0x23DAA485,0x00107CB8,0xB63AF047,0xC56820BD,0xED440F6E,0x9B2F36F8,0x42FDFD4A,0x5B6E8391,0x8785A14F,0xAEB13B1A,0x0FD7D7BC,
  0x2D05BA07,0x3E78FA0C,0xCE8ED753,0xB9FD5B43,0x94E89DFC,0x83A4FDA5,0x4803BF22,0xE6A2F880,0xD6051C0E,0x3A49DA5E,0xB72245C1,0x7352D0FA,0x88420A4B,0xCE9EABEB,0x869D14C9,0x6EE0F2CB,
  0x2C1D0F81,0xF1EE98D9,0xF5CFC433,0xD8DA028C,0x19937EDB,0x602F90F1,0xE39B11EC,0x1CBAEB0F,0xB20BD015,0xCF9662D5,0xFE2933DD,0xDDF39758,0x8C732A19,0x9E06A32C,0x90C9C116,0x91D17490,
  0x55A1E1AB,0x3B411360,0xB21BACAD,0x6AC1AE21,0xA557CCF4,0x3B516FD8,0x47C41426,0xFA086F37,0x4C329F70,0xB9ED27FB,0xE7BA4D06,0xFE394F65,0x54B9542D,0xED5473D6,0x5F4FDF7B,0xF4C70D0D,
  0x640ECC1B,0x55B19D13,0xC5785C05,0xB7323979,0xD32C89DA,0xCBA74287,0x26E34DE9,0x7342AC42,0x6BD91BA7,0xE7AA31BE,0x9A37837E,0x5F5FA3C3,0x137D400B,0x26F33151,0x90D9BDAE,0x9F1E16AA,
  0x894AC375,0x491B0AA4,0x0EDF1E82,0x0108C93E,0x0ECF623A,0x47D4689E,0x31AF2DB0,0x6FF8474D,0x54A92895,0x3F703332,0x94F8E144,0xA44F7972,0x6BC9671F,0x188BCB5D,0x0BF68B56,0xD33CF562,
  0x9D8C2CA9,0x00000000,0xBCDB08CF,0x074F33B0,0xD9F942B4,0x8FF32069,0xAC84A5CA,0x1A88197D,0xF536E11A,0x9AC31F19,0x7C22C5FB,0xF279D2AA,0x98E3BEDC,0xF6BE77E7,0x13D73BF8,0xE8F1CBD7,
  0xC0F9CD34,0x20FF135E,0x8B348524,0xEE16CF5F,0xBEFBA90A,0xE959FCEF,0x16B8A98D,0xF059736F,0x9014AB61,0x775D46BB,0xEAD16A12,0x37EF8DEB,0x40B2CB50,0x0FB8260D,0xB81CAD82,0xF49ED622,
  0xB1438F07,0x29A031DB,0x91BC9C59,0x18A8B8B8,0x42926A95,0xC5965F41,0xAF0C3337,0xBA3C0C47,0x2A28A726,0x4D2A4C98,0x44756E1D,0x85249411,0x939C3D9C,0xB9B49ABA,0x83C39099,0x01A83738,
  0x6702EBBE,0x7FAA5306,0x826BA7A1,0x8C7BB694,0x7012750B,0x34671B16,0x237785A3,0x06E70488,0x27B020EE,0x1FE78B08,0x78E560B6,0xFDC1F4A7,0x604DD80E,0xB0EBB83F,0x21572466,0x280806E3,
  0x3857ABE6,0x63C54EF3,0xBB943B7F,0x4C827BA0,0x96F3AFE9,0xE2267FAF,0xC61EC9BC,0x57A255E5,0xABCB967A,0xA11C2202,0x68BACDB3,0xB42C1D72,0x8DD381AC,0x2D679496,0x5A3AD22D,0x9FAC8D6C,
  0xC3715BC9,0xF90651EA,0x08F715BD,0x1C6F1DF5,0x59B244D0,0x261817D6,0xC2D96CF1,0x891424E1,0xEB795D2A,0xF8AE66D2,0x30A0BE5B,0x1B202E45,0xC9A6EFB1,0x4F0AED5D,0x47FDF8E0,0xB3632EC2,
  0xA294B4FF,0x35CF2C2E,0x4655CFD8,0xE4C17B27,0x648A7D43,0xD461C57C,0x5EFD7760,0xDF1E463C,0x88BC13D9,0xA473B077,0x1E4FBC30,0xCB864E74,0xE6E1DAE2,0xA0B4153A,0xD10E5709,0x66AADC86,
  0xE1AEE952,0x8A9CB21C,0x9C241B91,0x74D5D046,0xB7A48B8F,0x5D75E19D,0x0E101135,0xE006DE6A,0xA65311B2,0x433A5DAD,0x6A9A6C76,0xFFE15562,0xD5C9F244,0x2B80901E,0x52CDC790,0x0220A1C5,
  0xC80ED889,0x6B325B4E,0x3EB0AF6E,0x32801F9E,0x2590812B,0x6DD55FC6,0x2F473553,0xF71640DF,0x5145516D,0xE38E4897,0xCF41EB39,0x038896FD,0x804B0664,0x0B7F8340,0xBD733FF7,0x5F554058,
  0x3F189856,0xCEE9DC01,0xEC366E9A,0x7E02643E,0x76F57183,0x5B92E515,0x45DD5925,0x3BDF3D1B,0x14980848,0xD64164B9,0x86AC02EC,0x49EDE9D5,0x65224A7B,0x5582F420,0xB5842A4A,0xD851758C,
  0x0AD7B478,0x4A657F28,0x8E5B1751,0x9E04BA54,0xED9E59A2,0x3647BAD3,0x6C7D68FE,0xAA63A142,0x15303F70,0x105FAD05,0x4BCD4810,0x19008F80,0xFA8EC717,0x4EA2DA65,0xCCC97DC4,0xBF539E32,
  0x31088963,0x7B6DF64B,0x4845DEED,0xA7FB268A,0x411AFC68,0x81E3315C,0x626D79CB,0xDD3EE7F9,0x794D578E,0x6FF5FE03,0x2438B613,0x542AC318,0x994B89E4,0xC43E6879,0xFC69C39F,0xA8430087,
  0xB60CBCB7,0x3C900EAB,0x94D30E2C,0x332828A6,0x7AC5C173,0xA5DB874F,0xDBD9E371,0x056F9275,0xE5694C1F,0x61E5EF36,0xB2CB19FA,0xD286C1F4,0x7D8AF2C3,0xF1F14457,0x0D9887C8,0xA9EB37BF,
  0xAD2C92F2,0x2EEF026B,0x3A770A23,0x870435D4,0xCA2E794C,0xCD614AFC,0x6E5DC93B,0x3D383993,0x11F79A3D,0x17109EB5,0x757DE77E,0x6912FA8B,0x1DC72ACD,0xEFBEF867,0x22DFB29B,0xD7E95381,
  0x39FF9CDE,0xD0A66031,0x5365F0A8,0x5CDDD6A5,0x50ED6655,0x0C30B0F0,0x581A73E8,0xAEA4040F,0x560A62DD,0x7232D4CE,0xD32EF6CC,0x095F2285,0xDEB67104,0x9B6B2821,0xF3D1E592,0xE749EDDA,
  0xC151FA0C,0xDA71D449,0x04C7A54D,0x975B98D1,0x127F0CC0,0xFE49625A,0xFB26F02F,0xC7B6FE84,0x2CCFA3AE,0x848CA329,0xA33C83C7,0x92340AA4,0xDC96D0C1,0x739AE3F6,0x71BA4233,0x957B3914,
  0x837E5E52,0x77D48ED2,0x62247E34,0xE15A2066,0xBBABF79D,0xDACA3205,0x1D6B2648,0x14632E24,0xE8E2054D,0xB3800C74,0x4FB10A5A,0xC682E7C8,0xCE193166,0xAC3D4F52,0x968EAEB4,0x94E8E69D,
  0xAD1EBCD7,0xC7A1144D,0x3A03CCA1,0x76F77D57,0x02664829,0x61D1E8DF,0x82ED8090,0xFEE76340,0x9CC31D74,0x2E60E285,0x3946770D,0xE2AFB68D,0x8933ED92,0x38658488,0xB0C5B7D8,0x2F431100,
  0x8983C0D5,0xD8AC7A2C,0xAFC8D9B9,0xFF74BD82,0xA7530F17,0xD1A47240,0x38D5A9CF,0xFC812B69,0x62945373,0xFFC490C5,0x1605660D,0x7EDC86BE,0xA4A699FC,0x089BD6AE,0x02D6656E,0x46B90236,
  0x7491357E,0xD251E4AB,0xB213D2B6,0x60F21B5A,0x7E6CABF9,0xC632CA8F,0x2768EAE9,0xBB1BDADA,0x304E7F61,0x81A83B3C,0x3B901263,0x03F596EB,0xE9C1F6C8,0x83CE7315,0x31DDA1A3,0x1DDB0B0F,
  0x32981A0F,0x17269588,0xC45482A6,0x7F4F587C,0x7D993D12,0x446F6758,0x7D291055,0xFC31062E,0x6B9C5B1F,0xAC8D6215,0x4D676F34,0x16B54B4A,0xEB1793A6,0x808BC8B9,0x264B196C,0x53F9DF97,
  0xC711390A,0xB85E6176,0x75B2C6FB,0xF75F466B,0x694A3E71,0x242D5145,0x8A76563E,0x30FE5226,0x95CB1518,0x1C48D5CD,0xDB59ECC7,0xCDECA78D,0xA416B4BB,0x6161C598,0xA535473E,0x44DF4A1F,
  0x69FA1336,0x00000000,0xCCCF5408,0x63078DB1,0x249D7C02,0x8BE588FC,0x0193DEC2,0x500C497C,0x7FFF753B,0x0AFD9E87,0xC4E4AFE1,0x1CF8F88A,0x25BE8F87,0x0345BBAC,0xB1E6445D,0x4CF4B1F6,
  0x082BFBE9,0xF6CC98A9,0x9458CBDA,0x7C0AE3D0,0xE38C4508,0x1F0D6E61,0xFDA2D8EC,0x33BBE98A,0x97AD5D31,0x0A4DB3C0,0x63B7A0F6,0x58979FD2,0x52DA2C12,0xD1145F07,0xD372172E,0x2C06AAAC,
  0xDA7A1F42,0xC5777123,0xE33C684F,0x32283748,0x9F86A6D8,0xADAE9190,0x2D95746E,0x2ED0CFC2,0xAF78F4FE,0x46092F71,0xB9CDBFB4,0xE1EA0D21,0x479AF1B3,0x59044110,0x4F01271D,0x9DE0EEF1,
  0x5BD2247E,0x5827B295,0x1FBD4326,0xF4AAD080,0xE21F9BCA,0xB156691A,0xFD12F5AB,0x6B2C7658,0x5B620939,0x454C94DD,0xD08781C5,0xB8EE4C31,0x68D9E0B3,0x15F0F0E6,0x3AB3E1E6,0xDBE9C180,
  0x519F97BE,0x963E83F3,0x88101E17,0x472ADCF4,0xF41AFDC7,0xE079D3E3,0x0BDE6D02,0x4C449CB1,0xB2A3FFF1,0xF7EF6B2C,0x4E22D498,0xEA346023,0x971D7076,0x6042361D,0xFE574E07,0x4DD74273,
  0x526A0155,0x74211839,0xA6C0D1D5,0x39F65A4A,0x957B385F,0xF67CB5EE,0x26FB342B,0xC5C75C64,0x9EA5555D,0xAE5B077B,0x250EA2C0,0x45FCB99A,0x330BC4CD,0x2FF33C47,0xD98F89A9,0xA670FC92,
  0x9D50C3B6,0xCF8AEFA4,0xD81C576B,0x1540DDA1,0x00B02D47,0x0B6E4045,0x09B8252B,0x316D8CE4,0x8118167B,0xCD5C8ACA,0x9C733033,0x2CB687EB,0xAEEB2A3C,0xD037AC82,0xA5856A79,0xB0759A9F,
  0x6869CDF4,0xA7E32250,0xE0C9FEA4,0xCF3AC2E3,0x0123F385,0x0908086C,0x8B55A5BB,0x3B203F24,0x88A03350,0x7502EBBC,0xE971DB8F,0x803BE5FE,0x76475010,0x1796B8CF,0x9E15781A,0x1E2E9DE4,
  0xBA38295F,0x6ABFA89A,0xB97D92F3,0x14D30363,0xBA880418,0x5A41FABC,0x27D8C7AE,0x50BC643B,0xCC7F794F,0x825DADD7,0xD93FA4EE,0x7CBACE97,0x5AF1D7FB,0xCEA91C21,0x9F368B9F,0x4E92F9DF,
  0xEA844D64,0x8AC67B79,0x5349F2D0,0xEBA7BEE1,0x59B46C57,0x512FBAF9,0x1E9EB0A3,0xF5390E42,0xD2E1C9EC,0xF5892305,0x6A0F85DD,0xB3302133,0xE852280A,0xD3C23A69,0x2D255929,0x7764A395,
  0x2FAEC7A6,0xAEB927E3,0x94B46E0E,0xEE65C6EA,0x08765B76,0x8B2BFA3B,0x9A1ED342,0x0EAABD4C,0xA482B4E9,0xD8887343,0x444A463B,0x2103F39E,0x3A0D49ED,0xBB1D20DC,0x8961BB33,0x1944FB7B,
  0x8FBD5D09,0x21047AEA,0xCD2C747C,0xF56CF5ED,0x6BE308E9,0xAA2809A5,0x57352E4A,0xCF61BC00,0x835DA14D,0x6F7226AF,0x7AD1A8E4,0xA259DBA7,0x557F6F42,0xA6CF7C95,0xC55DA67E,0xEAF361D8,
  0x17EE4637,0x46000733,0x6BE4819D,0x5BD5D20E,0x27DF15A4,0xA01413DB,0x6549B5A5,0xDE531C0D,0x1DD25C49,0x2DE486AE,0x763154A0,0x00000000,0x8FBAD47D,0xE61414E8,0x599F9306,0xDAC5BB3F,
  0x9E887470,0x5F44FC48,0x2FA94ED2,0xE8B920D0,0x85814777,0xE0CF7BA6,0xB7FDDC98,0x67047DD9,0x4296A001,0x06DB6F4E,0x0A3C1A7E,0xE0C8F2D2,0x34A7F4A1,0x789C6098,0x234E3BE2,0x2B3FE9E0,
  0x7E470FD6,0xF56B7C99,0xF7213D91,0xC55A2F0A,0x137F6871,0xF1FA52DF,0x4C3B9439,0x5D093434,0x1132A00D,0x72A7F392,0x6395539F,0x61D89BE3,0xC9BAD34E,0xFF50EF93,0xCF663574,0x00078974,
  0x2349B296,0x1F981D41,0xFBC648A1,0x024A4108,0x1B093307,0x3E9C67AB,0x8B2C734F,0x1F9F9435,0xFD1AAE9B,0x5D0EBD40,0x61DF1297,0xC9BD5A3A,0xEC2F87E2,0xEAF4E8AC,0xE2853AAE,0x7C0D4EDE,
  0x1DD5D53D,0x5732A73E,0xA25E52D3,0xD622CE0F,0x51E9C870,0x48AD330B,0xE459DC94,0xB950E8A0,0x3036DAE7,0x654E3CD1,0x38408191,0xE282B3DA,0xACF366EB,0x0871D202,0x89663247,0xD4688F07,
  0x72A07AE6,0x6D3FEED3,0x15A38E4B,0x327C9BEF,0x9A195A36,0x7AD62190,0xCBF71B32,0xD0F9A141,0x4AE0FB77,0x40DB687D,0xBF8B87EE,0xB95761D4,0x34A07DD5,0x7C0AC7AA,0xE45E55E0,0x46078E47,
  0x48AABA7F,0x53A38978,0x81106931,0x92688834,0xD88FFA37,0xA865C1D9,0x0CE0FC44,0x5BD25B7A,0x51EE4104,0xC386C930,0x747C9CDC,0xC3814044,0x8586CE03,0x2975A8E8,0xB36CF2DE,0xD46F0673,
  0x789BE9EC,0xBDC64F92,0x0496A732,0x30315393,0xAA2F80D1,0x17E9CF43,0xEE624F9E,0x926F0140,0xFD1D27EF,0x70EDB29A,0xF98B80DD,0x3A0AC099,0x69A949E1,0xC1CC8838,0x3CD626A3,0x36EA3CDD,
  0x6D3867A7,0xB5B79D90,0xAEBEAE97,0x5F43753C,0x96F9A672,0x42912975,0xBDC1C6E6,0xFF5766E7,0x9E8FFD04,0x4C3C1D4D,0x40DCE109,0xA86248AD,0x87CC8F0B,0x5578E636,0xF3B013D7,0x0EAD3438,
  0x1B0EBA73,0x7636DDD4,0x0A3B930A,0x3E9BEEDF,0xDC195D05,0xD2B4693D,0x444DCF4F,0x36EDB5A9,0x384708E5,0x2972219C,0x15A4073F,0xE6139D9C,0xA4853D9D,0x8DF71C01,0x6392DAEB,0xDAC2324B,
  0x2DE30FDA,0xC1CB014C,0x835A2839,0xFBC1C1D5,0xCD2BFD08,0xC7106E02,0x747B15A8,0xD0FE2835,0x9022C93C,0xF726B4E5,0xB36B7BAA,0x9854924A,0x6F75AFDB,0xB126B3D6,0x259554AC,0xD2B3E049,
  0xE8BEA9A4,0x11352979,0x327B129B,0x2592DDD8,0x4E765C45,0x3CD1AFD7,0x4AE77203,0x70EA3BEE,0x98531B3E,0x024DC87C,0x8117E045,0xEC280E96,0x87CB067F,0x27D89CD0,0xACF4EF9F,0x94B3E77A,
  0xF1FDDBAB,0xA6C8F5E1,0xF98C09A9,0xDC1ED471,0x59981A72,0x9CC23578,0x9CC5BC0C,0xF3B79AA3,0xB7FA55EC,0xC717E776,0x69AEC095,0xA0139AAF,0x6703F4AD,0x1378E105,0xB1213AA2,0x4E71D531,
  0xD625477B,0x96FE2F06,0x1943720F,0xBF8C0E9A,0xDE549579,0xB5B014E4,0xCBF09246,0x8DF09575,0x06DCE63A,0x90254048,0x04912E46,0x0CE77530,0xBB1AA9A8,0x2B386094,0x7E4086A2,0x53A4000C,
  0xC138D4C2,0xBC965F90,0x15806975,0x511A0ABD,0x027B34CB,0x3F25BC6A,0x5CC1D440,0xCEBBE209,0x6E3FB6D7,0x34EF3667,0x96105672,0x570B5E4D,0x5AD080B0,0x79E73794,0x18786B75,0x4F50E9C5,
  0x5553B67B,0x4D2BDD0E,0x3B4FDC51,0xD940BFB7,0x2337B724,0xED8C552D,0xC11B083F,0x2ECFB524,0xAD7C56DE,0x55706A86,0x09B1BEC6,0x682EE227,0xD0F10171,0x40F003F3,0x63C7B4D7,0x2C975D12,
  0x999360B9,0x4B3A89FE,0x707555AF,0xFC45809E,0x81EB0BCC,0x00000000,0x885AB50A,0x8E4BE1FA,0x3D5E88A1,0x7FF66364,0x9DDADC7F,0x680D3EDA,0x1A035FBE,0x0FA0EA36,0x887969F7,0x9448BE44,
  0xBAA4D79D,0x3F066097,0x216F5F12,0xA6B6DCD3,0x0023DCFD,0x5EBAE08B,0xA08454DE,0xB14D816D,0xF3C6B655,0xB8DFE356,0x63E4682A,0x4D0801F3,0x0BCA8A0D,0xDB185781,0x5AF35C4D,0x28DEE1D4,
  0x46C28BFE,0x13B2E178,0xE43DEBEB,0x40D3DF0E,0x9FA1E8B4,0x1A208343,0x2A8609E2,0xB527E156,0x87D983C1,0xAD5F8A23,0xAF076215,0x743CE969,0xC5716804,0x46E15703,0x17FB5DBE,0x5342E28B,
  0xDB3B8B7C,0x81C8D731,0xEFD4BD1B,0x5E993C76,0x0992623B,0xF78F0A93,0xD6E05581,0xBEED6B5B,0x44B9BF35,0x0DDBDEFD,0x39173467,0x32FE6297,0x741F3594,0x96338A8F,0xA91636E5,0x1E693F85,
  0xD28A35BA,0x6C675EE1,0xD963634A,0x85A2B70A,0x90010282,0xC8896A04,0x061154F0,0x2EEC69D9,0x79C4EB69,0xD49B614A,0x0F8336CB,0xB315695B,0xFE3EB455,0xFA54D46E,0x9BE85472,0xBECEB7A6,
  0x6A760A11,0x87FA5F3C,0x32DDBE6A,0x927A3649,0x65D6E027,0xC7298032,0x369402AC,0x25053F29,0x61BC801C,0x4B195503,0x7D8D57AF,0x3085565C,0x0DF80200,0x9022DE7F,0xA695002E,0xAB4EDED3,
  0xD4B8BDB7,0x7FD5BF99,0x70568952,0xA935EA18,0x046A603B,0xF7ACD66E,0x1C31D7B3,0xE41E3716,0xA2DCBCE8,0x1C120B4E,0xDD090371,0xEDAF89D0,0x449A63C8,0xF82FE0A5,0xA0A78823,0x99B0BC44,
  0xA4CDE818,0xA4EE34E5,0x9F823449,0x722DBD99,0xF19E5E63,0x0632880D,0xC552B4F9,0x23146BD9,0x6A55D6EC,0xEB9D01DD,0x7B9C035F,0x9BCB888F,0x34CCEA9A,0x15A3B588,0xB5043DAB,0xE0578BD0,
  0xE20F63E6,0x275DD71F,0xE66503DD,0x28FD3D29,0x36B7DE51,0xFE1D68A8,0x4941BD35,0x946B62B9,0xF3E56AA8,0x53613E76,0xDF51EB47,0xB336B5A6,0x5CE208BD,0x3B6C00AC,0xB8FC3FAB,0x65F53CDA,
  0x8C1309CC,0x58886886,0x4F733538,0xF5F43E58,0x1E4AE378,0xEFF761E6,0x83B3E3FA,0xBA870B60,0x11C9D5B3,0xB75CD59D,0xE9C5E9EB,0xCE983EF4,0x13913D85,0x214C83EF,0x2AA5D51F,0x9259EAB4,
  0x0BE956F0,0xDD2ADF8C,0x3D7D545C,0x428B3738,0xC70A5CCF,0xF80C3C58,0x6E1C6A2A,0xD6C3897C,0x17D88143,0x58ABB47B,0xC343E009,0xD0D2DD8C,0xD2A9E947,0x67ADD4EC,0x9DF90082,0x619F5CE1,
  0xCAD18232,0x496261C8,0xF5D7E2A5,0x8E683D07,0x572882B0,0xFC665C63,0xEBBEDD20,0x85816BF7,0x2526E3D4,0x30A68AA1,0x0258E836,0xB77F0960,0x83903F07,0x185BB788,0xC8AAB6F9,0x3934E89A,
  0x5139D640,0x11EA094E,0xAB6D022E,0xBCB5836D,0x8C30D531,0x7BBFDFA2,0xE074572D,0xC3603CF4,0xDF7237BA,0xF1BD829E,0x8A2181C1,0xCCC0D6C2,0xE22CBF1B,0xFA770893,0x678E0811,0xCAF25ECF,
  0x0449BCC6,0x8A025D3C,0x42A8EBC5,0x2CB481EF,0x277E0BE2,0xB16E5D90,0xA2FF6015,0x7DAE8B52,0x720E6164,0xE646DF20,0x6C44821C,0x7647DDA2,0xAF24BEE8,0x7664015F,0xE9E63516,0xCCE30A3F,
  0xB5A25747,0x6AA0467E,0xD90B249C,0xF6D7E0DC,0xF8EFC137,0x1BF65EF2,0x3C22ACC1,0x001D6A97,0x8195A762,0x9C53EE08,0x9C4E849F,0xA8405687,0x15D3158E,0x8980FB86,0x56A6A215,0x2FF88CEA,
  0xC4CD6DF6,0x1DC6496A,0xB59B757A,0x795E2EFF,0xF6EEC2E1,0x5EAE9466,0xB3B60875,0xB5861FED,0x3C1B8EFC,0x79670CC2,0xBD934309,0x21DDC796,0x3C06E46B,0xF8D6E30A,0xE304F552,0xCAD104B7,
  0x00000000,0x4545A003,0xE510AA60,0x8F94A4B4,0x9C6ACC35,0xED05F684,0xA65C3FC6,0x29ECD3D8,0xA0550A63,0xC2E010F9,0x27F0BA99,0xED3CD4B9,0xEB11A9B6,0xDF021139,0x81AC855F,0x8F89CE23,
  0x9C77A6A2,0x62A8700D,0x321A8D2A,0x508BDF1A,0xD70A274A,0xF0C3BFEE,0x58A7A1C3,0x15CE7F19,0xBBBE3E06,0xA07142C9,0xDF1F7BAE,0xFEFB9E05,0x9A63F990,0x64A145A8,0x9446B2EC,0x4375B79B,
  0xA04860F4,0xE529885D,0x323EC580,0xD7174DDD,0x0831144E,0x3437F025,0x5EB3FEF1,0x0E1C6941,0x569F8028,0x797A6655,0x342A9AB2,0x6ABD2CE9,0x9A7E9307,0x4D69DEDA,0x4B60EB7F,0x9276A574,
  0x062D7D0F,0xA87974BA,0x924F8749,0x13E30216,0x27EDD00E,0xD9164E0B,0xFEDFD6AF,0xCCC55B85,0x4D50FCE7,0x29C89B72,0xC2C45853,0xF8F2ABA0,0xCAF54C1D,0x5E97B65B,0x7F571B5A,0xBD8E299E,
  0xD1275A45,0x457C823E,0xD7330577,0x6A840ED4,0x8188CDF5,0x13C74ABC,0x27C998A4,0xD11E7878,0xCCD83112,0xCCFC79B8,0xF0E7F744,0x87A5B0FA,0x79434468,0xE33DD76F,0x3A12BB59,0xC2FD7A6E,
  0x71725026,0x4B59C942,0x15EA37B3,0x7F7353F0,0x2FC1AED7,0xEB0CC321,0x2FDCC440,0x1DFF6B57,0x27D4F233,0xA85D3C10,0xF0FA9DD3,0x3A0FD1CE,0xFEC2BC38,0x4B7D81E8,0x15F75D24,0x81B1EFC8,
  0x64850D02,0x002448AA,0x6CB4194C,0xCACC6E20,0x89B9D9BB,0x1BEB3465,0x9A5ADBAD,0x4B44A3D5,0xA678776C,0x3C3FC656,0x8FAD8689,0x3223AF17,0xA8641E2D,0x5883E969,0xA6651DFB,0xD13A30D2,
  0x082C7ED9,0x6CA973DB,0x7F6E3967,0x1BD21658,0x50AF97B0,0x3207E7BD,0x21E4E5AB,0x8781F850,0x62B51A9A,0x777B6583,0x0E3821EB,0x5096B58D,0xAE496322,0x89A4B32C,0xE50DC0F7,0xEB35E11C,
  0xAE5409B5,0x1DDB23FD,0x4558CA94,0xF6CA8A4B,0x1DE201C0,0x06301798,0xBDB70BA3,0x06145F32,0xD72E6FE0,0x947F90D1,0x29F1B94F,0xF8CB899D,0x5682EABF,0x060935A5,0x58BACB54,0xD93206A1,
  0xAE6D2B88,0xA06C285E,0x926BCFE3,0x4D4D9670,0x945BD87B,0xED189C13,0x6C8D3B71,0xFEE6F492,0x77660F14,0x6A996443,0x4D74B44D,0xB5BF3DD0,0x589E83FE,0x62915230,0xBBA35491,0xA6415551,
  0xC4D00761,0x13DA202B,0x714B721B,0xEB288B8B,0xB39240DF,0xC2D932C4,0x56BBC882,0xBDAA6134,0x21F98F3C,0x716F3AB1,0x29D5F1E5,0xED21BE2E,0xF6F3A876,0x08155CE4,0x1BCF7CCF,0x7156188C,
  0xC4F44FCB,0x340ED218,0x4561E8A9,0xCCE1132F,0x9462FA46,0xD92F6C36,0x87B8DA6D,0x0E254B7C,0xCAE8268A,0x2FE5E67D,0xDF265993,0xB38F2A48,0x775F2D29,0x774247BE,0x3A36F3F3,0x08083673,
  0x899D9111,0x8FB0EC1E,0x13FE6881,0x6C9051E6,0x0039223D,0x5E8ADCCC,0x9A47B13A,0x9252EDDE,0xAE70411F,0x64986795,0xBB871C3B,0x4351FF31,0x0E0103D6,0xBB9A76AC,0xB3AB62E2,0xE534E2CA,
  0x50B2FD27,0x7F4A71CD,0xE3199FC5,0x3A2B9964,0x879C92C7,0x628C38A7,0xDF3B3304,0x3413B88F,0x4368DD0C,0xF0DED579,0xD10312EF,0xC4E9255C,0x64BC2F3F,0x434C95A6,0x21C0AD01,0xE320BDF8,
  0x096C9650,0x2ADA7E92,0x9AFE62F8,0x713E46A9,0xEDCFF22F,0xE8471CD4,0x1D6354BE,0x0588EEFB,0xD7E4CA4F,0xF0ACA691,0xA352621D,0x4B157EC9,0x94EB4831,0xB152768D,0x7647FA30,0x16FE908C,
  0x38DA6A02,0xF9C030C1,0x3347AE30,0x27486CDE,0x39AC00E5,0x8B794EED,0xB0241C6A,0x879D3646,0xA6DA8CE6,0x75C0C2B5,0xAC312233,0x25B93EBC,0x36CF40CB,0x88FE7668,0x8215D8BD,0xD09D76D6,
  0x1F9206DC,0x74B6A852,0x9E00E6E4,0xA7ACE601,0xC492B438,0x7852D0F9,0xBDB60E26,0xFD3EB4DD,0x92E49E4F,0xFFCFE6BF,0xDFFE36F8,0x7CAC54E5,0x3ED5BC7C,0x2E24FA8E,0x1C153E59,0x30C096B5,
  0xA9B9CCC8,0xA1A3307F,0x4C6CC250,0xE652361D,0x1788FA6B,0x8A0F240A,0x45005400,0x1EE46C3B,0xF25DF4F3,0x57004090,0xDD0F649A,0x3231C4D7,0xDB00B2E4,0x773190D7,0xFA470844,0xAB489EAA,
  0xC7158CBD,0xE5D50E98,0x6D2B78F0,0x3D5284F9,0xC29D6246,0x6B24AE8E,0x0AEBAED5,0x54877815,0xBF475C44,0x856C6424,0xDE885C1F,0xCDFE2268,0xF6A370EF,0x4E9D9032,0x7BD5E87C,0x13767E77,
  0x73CF14CB,0x263E0639,0xA22408FA,0xECB998C8,0xC3EB08A1,0x3A2B3860,0xAA3EF44D,0x68A3960B,0xB5ACF291,0x80E48ADF,0xEBC02451,0xA42BDE84,0x9015CC2D,0x66B6BCC2,0x0E152AC9,0xF32B9E14,
  0x6447EEA0,0xFC48DE3A,0xDA76D803,0x7AA3829B,0xCC88488F,0xB4DA9876,0x00000000,0x343E12A9,0xB2D54E08,0x510F96EE,0x03873885,0x5E6CD6C0,0xD692A0A8,0xB3A324EF,0xF8B65A26,0x1A1AE827,
  0x70482C4E,0x3B5D5287,0x0D92124C,0x12001490,0xC11A5AC3,0x0F63402E,0x3FA3D69B,0x0779BC99,0xA55DB463,0x61CF005B,0x46876C85,0x9B88081F,0xBBB9D858,0x140FC2EE,0x2031D047,0xD463F2CA,
  0x5A9252DC,0x59156A59,0x5F1ABC27,0xD31A4E53,0x8C00F274,0xCA879EF1,0x4FEBFAD5,0x4279E899,0xF452228D,0x69D5FCEC,0x47F10662,0xB62BCA14,0x3548784E,0x56762A77,0x4A63142E,0xA0D55A98,
  0xCBF1F416,0xE3DAD8E6,0x89881C8F,0xEE48CAAA,0x18EBBA45,0xD515982D,0x633E5239,0xB83EE0DD,0xBE3136A3,0x53FEC48C,0xF524486A,0x10F146F2,0x72B97E2C,0xBACFB2BF,0x49E42CAB,0x60B96ABC,
  0x6A52C469,0xDC790E7D,0xC900A674,0xC06C3024,0x6EAC4075,0x01766AE7,0x282B2CF0,0x980F309A,0x961A1A53,0xE05DE063,0xCF0F700A,0x0CE478AB,0xE9317633,0x4D1AA8B7,0x1B6C82C0,0x5288AE6B,
  0x976C70B4,0x5DEBEE45,0xE7245CFA,0x2BAC1475,0x5079FC09,0x5BE4383B,0xC663E65A,0x430F827E,0x8363B25A,0x99795A7D,0x7E5D0687,0xA8CFA62F,0x9163A6CA,0x86EB5CA1,0x841A0EC3,0xF7D51A08,
  0x8F87CAF1,0xFB3162A3,0x04FE841C,0xD8878A61,0x2DA3C20B,0x65318447,0xB75DA0F3,0x2CD5A8EC,0xAD4748D4,0x586300BE,0x624838DE,0x5C9D84A2,0x7DDA3E02,0x081AFCB7,0x4892464C,0x22C08225,
  0xAFB61AB6,0x02F15262,0x23B6E8C2,0x24CF545B,0x6FDA2A92,0x11872C15,0x7F2B6C60,0xC876CC93,0x295D4617,0x2F529069,0xD26C24B4,0xE12B8A84,0x060FD67E,0xEAB64EB6,0xE2ACB201,0xD9F1E086,
  0xBCC064C1,0x7924BA1E,0x44763EE7,0x55F112F2,0xD1EB1C31,0x8EF1A016,0x37B92A2C,0x8D769893,0x959D22D6,0x0B9DC432,0x9392F4A8,0x9CF1B486,0x199DD0A2,0x41FED01C,0x2147BAA0,0x6C5D1217,
  0xE4A3647F,0xF1DACC76,0x4088BAFB,0x9F768C03,0x1579A809,0x67C0D625,0xFEB98C58,0x31B6FC52,0xC5E4DEDF,0x8192E038,0xB9488A3A,0xCE791AED,0xAEC07051,0xEF3EA04D,0x3C24EE1E,0x9D87DE61,
  0x433B1B9C,0x6A7D7587,0x16453B57,0x29466E1B,0x3ABB2658,0x4DF8D7ED,0x4AD83130,0x9A6D392E,0x4163FD17,0xA5AE1F20,0xAB6DD351,0x34B8996B,0xA9F54698,0x557E20CB,0x1ADE11AD,0x70A3642A,
  0x5006209D,0x4F604224,0x0720E6DD,0x5C9D0A67,0xF288D960,0x6FC50693,0xD0757B5C,0xFC8B6653,0xF9331547,0xF5A83FBD,0x75DB647C,0x98F5ACE7,0x33987FB6,0x11A5AEC8,0xB3EB2477,0xE4CDE237,
  0xB40BB1E8,0xA0D61F76,0xB6535763,0xE40D9175,0x0E03BF33,0xB32B5735,0xC110A6D6,0x9116864B,0x6106CAE2,0xC630400B,0xB4CBC2AA,0x6ABD06C5,0xD2EDEE95,0xFC4B1511,0x31C0993D,0x2B1E8890,
  0x96366096,0xEDEEBBD9,0x7B18A80D,0xAC8D46CE,0x9AAD4A6C,0x029895C9,0x41A38E55,0x61C6B9A0,0xBA080EDB,0x09E32AAC,0xD50D7B0A,0x82EBCE08,0x4D38A4AF,0xC468A680,0x29861D59,0x72FB82A1,
  0x2785A26A,0xBD28E806,0x80735BC1,0x7EA0DB19,0x0EC3CC71,0xDB0EC439,0x2EA6FB84,0xDBCEB77B,0xC6F03349,0x59E50A31,0x1A1E62EF,0x1DFEF770,0xAE15D307,0x44DB8E03,0x934E60C0,0x8EB097B0,
  0x850B5B97,0xEACE5D04,0x206537F5,0x07E0959F,0x822BBD4A,0x5E059FAE,0xB850E850,0xE1B5E261,0xCAAB6AF1,0x0C5B59B8,0x0BBBCC27,0xEFB65D52,0x2E6688C6,0x6D9DE018,0xD0B5081E,0x2BDEFBD2,
  0x2C3E6E4D,0x8CE8713B,0x00000000,0xE1759123,0x141DDDDC,0x46836888,0x1886F726,0xB8909B12,0x0B7BBF65,0xBDE89B44,0xCD4BFF6E,0x2745D128,0x1F6662B9,0x57E6B502,0xBAC87D99,0xFED380D8,
  0x9D4DDFF3,0xA93535DA,0xC388331F,0x3100EA7F,0x38E3C0D3,0x4840A4F9,0xB173B1BE,0xBF700E8D,0x25DD44E1,0x2CFE1D0F,0xCD8B8C2C,0x133D3B01,0x8950022F,0x3D5BB3C7,0xC1D0D594,0xE856C8CD,
  0x7E60A85B,0xBFB07DCF,0xFB6BF3CC,0x4A184272,0x751B173E,0xCFD36AA7,0x5C5D7925,0x223DD17E,0x43FB68DE,0x66E65F7D,0xD22D9DD7,0xA0166C34,0xDEB6B72D,0xA56E6C62,0x635E2C69,0x94AEF55F,
  0x3F03554C,0xB1B3C2FC,0x251D37A3,0x9F153978,0x1D3E8432,0x4880D7BB,0x5726C640,0xF9F36605,0x20A544B7,0x8753BD1C,0x68E5E04E,0x9FD54A3A,0x0C9B2AFA,0x4FA03166,0x7C384ED0,0xA7368AE9,
  0x946E861D,0xA28EF9FD,0x55BE5389,0x529EB554,0x1FA611FB,0x8B08E4A4,0x05780056,0x3FC3260E,0xC8F38C7A,0xE32D77A8,0x85CB28D5,0xED2EC89B,0x59257973,0xF248AA22,0x96F613D4,0x13FD4843,
  0xF5684CFF,0xD795EEC3,0xAC4D358C,0xE896BB8F,0xFBAB808E,0x441BFD41,0xC348405D,0xEF762E10,0x6825930C,0xFE13F39A,0xE65577FE,0x647ECAB4,0xD7559D81,0xF0104CA9,0x33580CF4,0x3823B391,
  0x7CF83D92,0xB6932421,0x36200CA2,0xDE76C46F,0xC4A8D5C2,0x778382F7,0x8BC897E6,0x00C07342,0x8990716D,0x9835DFA5,0xCA6B19B3,0xD5CD0848,0x1165DD8A,0x6D5D935A,0x8793CE5E,0xE69504BC,
  0x36E07FE0,0x05B87314,0x91D6F509,0xA7F6F9AB,0x092359EE,0x18468464,0x7743F1B5,0x46431BCA,0x938E1382,0x723BF1E3,0xEA0E2E46,0xA24E8ABF,0xF730AA74,0x64BEB9F6,0x80B32883,0x50C653DF,
  0x3A7B551A,0x66262C3F,0x5BBDECBA,0xDCEE51A6,0x14DDAE9E,0x0258E68B,0xD99651F0,0xDC2E22E4,0x9D8DACB1,0xF0D03FEB,0x6F0575D1,0x8C280279,0xE3ED04EA,0x22FDA23C,0x70631768,0xD95622B2,
  0x8E70E4F2,0xAED5A045,0x5EC5ECEC,0xC833FF38,0x79803DC4,0xF7F0D936,0x525EC616,0x639E5F2B,0xABADA013,0x5B7D9FF8,0x79404E86,0x7BD8DB4F,0x16854815,0xCF1319E5,0x3D9BC085,0x3478EA29,
  0x4A8E7E65,0x357631E2,0x58157EF2,0x15186AFE,0x157AA563,0x94793E75,0xD9FD4069,0xB32F4EA1,0xD924CE55,0xB4AC24C8,0x86597F43,0x12F9CF0A,0x5F1F7E8B,0xDE2ECE2C,0x94A0B049,0x20B7D520,
  0xEB081BE2,0x070A0079,0x58CCF0CE,0x07D38E45,0x6D88EA9D,0xA1866587,0xB4176569,0x206E5B1C,0x782BC1C2,0x07836A69,0x07B141D8,0x6D5164A1,0x93C87FAD,0x4DE6B181,0x7F21C1BB,0x27DF1AC4,
  0x6D01808D,0x075AE455,0x15488ED2,0x86099B6F,0x327C319B,0xB3A624B1,0x4A57F059,0x00000000,0x78F24FFE,0x321EFE06,0x6AD20EC8,0xA16DC00A,0x07E1A5F4,0x35441A53,0x86E23EE2,0xF9F1D4E8,
  0x5877B16F,0xA667C073,0xA15FEBBB,0x86B2DACE,0x12204136,0x3514FE7F,0x359D946F,0xCC87E50A,0xA655EBC2,0x324E1A2A,0xCB36A4D2,0x78A2ABD2,0xA13D2426,0x205C70AD,0xA1D681AB,0xEB6AD47F,
  0x58459ADE,0x12428EAB,0x93989B81,0xFEC9FF20,0xCC3CA4AB,0x6D33AB3C,0xA10F0F97,0xB37FAA8D,0xDE4C01B1,0x00BB41A1,0xFE10711C,0x322CD5B7,0x93733E0C,0xD916E5E4,0x35AFBFDE,0xA6050FEE,
  0xCC0E8F1A,0xF91A7165,0xDEF74010,0x7FCA6436,0xFEFBD491,0xCCE52A97,0x4DB655AD,0xA68C65FE,0x0768CFE4,0x9323DA20,0x4A65DBE8,0x200C9481,0x5F96149B,0xDEC56BA1,0x3526D5CE,0xECB95A3A,
  0x32979416,0x27ED3175,0xA6DC81D2,0x6A39AB45,0x81DA152A,0x941BF1E8,0x58FEDB7F,0x203EBF30,0xCC6C4087,0xD9742A79,0x152A414F,0x270694F8,0xCCB5CEBB,0xF978BEF8,0xDEA7A43C,0x8680F17F,
  0xA6BE4E4F,0x81039B16,0xEBE3BE6F,0xCB8DE573,0xCB048F63,0x0050E42C,0x12126A87,0xD9CF6BD8,0x78908063,0x4ADE9A49,0x4A353FC4,0xB3940F00,0x93FA541C,0xB3F6C09D,0x159100EE,0x6D634F10,
  0x589C14E2,0x6A0B80F4,0x129B0097,0x94F05465,0x32A5BFA7,0x6DD80EB1,0x58275543,0x9311F191,0x6AB0C155,0x15F3CF73,0xFE409530,0x07382BC8,0x27BDD559,0x20D51ABD,0x7FF84F87,0x5F7DB116,
  0x94929BF8,0x8161548B,0x7F9A801A,0x4A071475,0x00322BB1,0x818AF106,0x275670D4,0xB4478145,0xF94A9549,0xF9285AD4,0xDE7E2A00,0xA1B44E36,0x58AE3F53,0x0062CF9D,0x27645B65,0x7F13EA0A,
  0xB4254ED8,0x15C1E4C2,0xEC021B9B,0xEC30302A,0x5FF4DB06,0x00D98E3C,0xFE991B0C,0xEB3A3053,0x86D01553,0xECE9BE16,0xFEAB30BD,0xEC8B718B,0x4D3F3FBD,0x278FFEE8,0x20E7310C,0xDE958F8D,
  0xEBB35A43,0x7F712597,0x5FC6F0B7,0x78C0644F,0xA637245F,0x94C27FD4,0xEB58FFCE,0xF9931B75,0x4DD49A30,0xA1E4AA1A,0x2734BF49,0xB4CEEB55,0xF9A130C4,0xB49E0F79,0xCB546B4F,0x6DEA2500,
  0x5F4F9AA7,0xFE225AAD,0x944B15C4,0x5F2D553A,0xB3C4EB2C,0xCB6640FE,0xEC52FFB7,0x6AE02579,0x81E83E9B,0x4ABC55D4,0xA6EEAA63,0x4D5DF020,0x4D6FDB91,0x7FA8ABAB,0x934115BD,0xCBEF2AEE,
  0x4AECB1F8,0x863BB0DE,0xCC5E6B36,0x6A694F69,0x9429DA59,0x1270A51A,0x8131B0A7,0x32C7703A,0xEC60D406,0x81537F3A,0x35CD7043,0x7F430E26,0x15A32B5F,0x32F55B8B,0x93AAB030,0x6A82EAE4,
  0x866B54F2,0x2085FE91,0x00EBA58D,0x12A92B26,0x35FF5BF2,0xB475AAF4,0x6A5B64D8,0xCCD70126,0xEB8171F2,0x4D847E1C,0xB34D813C,0x12CBE4BB,0xFE72BE81,0xF9C3FF59,0xD99F8FF4,0xB31D6510,
  0xCBBFCEC2,0x787B25EE,0x6DBAC12C,0xDE1CE59D,0xCBDD015F,0x4D0D140C,0xD9ADA445,0x00896A10,0x5FA43F2A,0xD94601C8,0xB4FCC0E4,0x81B8DAB7,0x78490E5F,0x7819EA73,0xEBD195DE,0xECDB95A7,
  0xE3547553,0xFEA5CDD2,0xE608B5E8,0x6CD7E61D,0x87971785,0x4331E7DD,0x9CFC119F,0xCB7EC9D5,0xC8B8B7F5,0x07CCBD46,0x73B62361,0x8B895028,0xF2BB8A7F,0x040AC366,0xEA16F245,0x619FA26D,
  0xBCC229D2,0xF6B14919,0x1B6B061A,0xF83F7349,0xCCB27493,0xFFF3CE0F,0xA46F51E8,0xA3A3ECAE,0xEDDA4F03,0x2562F8F6,0xDD5D8BBF,0xAC7BD523,0x14B33F97,0x60C9A1B0,0x9E6C6C62,0xC6368DA5,
  0x3E09FEEC,0x4B256316,0x00000000,0x2BECC2A6,0x7C6E1AEC,0x2EB0021D,0xD143CC12,0x2C207FE0,0x5512A5B7,0x76EAE3DA,0x15E53C4A,0x6B1B5B5B,0x297CBF5B,0x081484CB,0x069ABE9B,0x8ADF53F5,
  0xE5CECBC8,0x82CBD73E,0x92722BCF,0x3DCF80CC,0xCA28CA08,0xA9271598,0xDBC73524,0xD41F0CA9,0xC9EEB428,0xB646D0E4,0x9DAA1242,0x0C1E47AD,0x99A0D124,0x18AD783A,0xB8C8EAB4,0x5444A66A,
  0xFC35B02F,0x98F6D2F9,0x56D4DB97,0x64C362D6,0xE0920B73,0x7BA2A7AA,0x0BD2FAEB,0x95BE9689,0xD68F7154,0x2FE601C0,0xA8711645,0xEF4A32FE,0x0A84F936,0xAAE16BB8,0xFBF90D69,0x630FDF90,
  0xF02BF782,0xD95748D9,0x70705D41,0x5D06217C,0xAFBDAB03,0x4A7360CB,0x1623426A,0xA065928E,0x72E020BC,0xDFCDF642,0x39C543AA,0x374B79FA,0x9F3A6FBF,0xAEEBA8DE,0x7932DA57,0xF9697094,
  0x810DA91E,0x752C9DFA,0xABB76865,0x71265E9C,0x0FD8398D,0xF17DF45F,0x3087C4BC,0xC0AC333E,0xCDE4774E,0x40F799FD,0x09428716,0x10B9FCF1,0xB4D6AD19,0x282ABC86,0xB580AEC4,0x4E79A3AD,
  0xB0DC6E7F,0x86C11458,0xBE52542F,0x504E650C,0x1DF1B881,0xA2F5EF73,0x5EC05F5C,0x45AB5946,0x8ED59093,0xF7E74AC4,0x4CE9DE50,0x44FD5A9B,0xF3ED89A2,0x6A4D5886,0xEC8C4CDE,0x49B51EEB,
  0x466D2766,0x23F8466D,0x4DBFDD8D,0x19FB7BE7,0xE202768E,0x137F82D1,0x3B553E57,0x884F2E08,0x11EFFF2C,0xBF0457F2,0x6595610B,0xC4A6F058,0x26A486D6,0xE8868FB8,0x1E37C6A1,0xD3D3B1EF,
  0xC5F0F385,0xD285B232,0x48E31D36,0x055CC0BB,0x7FA864CC,0x590CE21A,0x9B30ACD9,0xA6FF2C15,0x6259DC4D,0xC1FA30E3,0x7EFE6711,0xD7D97289,0x7D381931,0x1F61C57C,0x6E479BE0,0x7864D98A,
  0x68DD257B,0xBD942A0F,0x2D767C3D,0xBB0E9494,0xF42134E4,0x2ABAC17B,0xE1C408AE,0x3341BA9C,0x6D81E5C0,0x85076A78,0xC23C4EC3,0xC36A4D1E,0x89192DD5,0xB99EE969,0xEB40F198,0x698B26A6,
  0xE9D08C65,0x7AF4A477,0x77BCE007,0x4F2FA070,0x1CA7BB5C,0xF5773739,0xDA9136F9,0x6F11983D,0x203E384D,0xA5395235,0x94E89554,0x361D7A27,0xDE9BF59F,0x3F5FFD31,0x90E25632,0x67051CF6,
  0xE498C815,0x5C5022A1,0x585AE1C7,0x839DD4E3,0xB18A6DA2,0xB710D339,0xD5490F74,0x31D1C761,0x747A9E27,0x35DB0407,0x3C998311,0xFD63B3F2,0x91B455EF,0xA7A92FC8,0xE75EB635,0x1229810C,
  0x3217B941,0x53881B2C,0x41A19A20,0xCF740AB3,0x03C67E20,0x21683B90,0x805BAAC3,0xFAAF0EB4,0x93242812,0x9678E8A9,0x3A033D8A,0x473B24BB,0xAD2DD6FE,0x511866D1,0xCE22096E,0x8D13EEB3,
  0x9A66AF04,0x5F965C81,0x22AE45B0,0x52DE18F1,0xA1339153,0xB31A105F,0x5ACA9C3A,0xBA589749,0xC7608E78,0x015603DD,0x348D07DA,0x0E8E3A50,0x8F83934E,0x27F2850B,0x38934077,0x845169A5,
  0x5782D84A,0xEE1C3123,0xD8014B04,0xDC0B8862,0xD015CFCF,0x8C45ED6E,0x1A3D05C7,0x2434FB2B,0xB24C1382,0x02907DFD,0x5B9C9FE7,0x972EEB74,0x66531F2B,0x0D484470,0x177541B7,0x4267E400,
  0xBF081C9C,0x520C3889,0x87F16DC0,0x73A472BF,0xCA80D5EB,0xF5354BD1,0x988CED62,0x4243DCF7,0x5B12E79D,0x8DA951A1,0xBB02108F,0x5F18EB8E,0x1C3B63D7,0x062CBBC8,0x7EB0A1B8,0xD7DBE292,
  0x450F3391,0x6F9F1168,0x80BD82A6,0xB844F3FA,0xAD614F39,0x5C5E08FB,0x79FC4EDE,0x497BB438,0xEB289FDD,0xE63C4CDA,0xF941CC78,0xEE42C760,0x00000000,0x88C3091C,0x25A24625,0x4F570FF0,
  0xE90E2806,0x4E375B5E,0x8691396E,0xC79406EC,0x1E1DD40C,0x399925F2,0xC6F45242,0x7588C977,0x81DDD608,0xEF2293CE,0xFE0D231E,0x056A58BD,0x502A8F52,0x6B951D7B,0xF279A4B7,0x96DEDD10,
  0xA80B1784,0xEC6470BB,0xDBAF653B,0x4D71B82B,0x2FFA7A44,0x446F673F,0xB37C9B35,0x6EFF45C6,0xE170A3BC,0x90F266D8,0xB15A2CEE,0xF713FC0A,0x5D3E5C55,0x32A14D3D,0x3BBF9229,0x2E9A2EEA,
  0xED042415,0x4729844A,0xF05F136C,0x77AE7EAC,0x21A84A36,0x99ECB9CC,0x22EEA943,0xBD2EAB47,0xE23640C9,0xB21CCF9B,0x1525BCC3,0xC4D2E599,0xFA072F0D,0x1F7D80A2,0x074CEF66,0x9AAA5AB9,
  0x61CD211A,0x29D6C18C,0x4A3D574D,0xAB4DF4F1,0x93B485AD,0xCBE08145,0xD5FD5549,0xD49D01E7,0xD8E9864E,0x0B3868CF,0xD6BBB63C,0xF82198D6,0x57666034,0x2784F1FE,0xF4551F7F,0x6AF549D5,
  0x9FC00204,0x40656B2C,0xC2FE5E51,0x31E7AE48,0x4B5D03E3,0xB616C388,0x040A0C13,0x16635FB6,0x8EEFB2D4,0xCCAC6E23,0x1A17D81F,0x64A779A7,0x0C7487A9,0xC1B8BD24,0xD3D1EE81,0x536C6C27,
  0x481BE096,0xE41AFB01,0xB03A7840,0x7C961663,0x74E89DD9,0xCE8AD9F8,0x85D7DA1B,0xC5B2B137,0x9BCA0E17,0x72C42611,0x18316FC4,0x97BE89BE,0x5A72B333,0x8AE5BEC7,0x26E4A550,0xAC011B97,
  0x1445E86D,0xA96B432A,0x3D9329E1,0x0E523072,0x59345046,0x9DE6B5DF,0x1309070B,0xAA2DA05F,0x70E291CA,0x112FB0D0,0x3ED5CA94,0xB55020FD,0x628BC26F,0x0226B7DB,0x8B85EA69,0xBC4EFFE9,
  0x83FB61D3,0x54208341,0x4C11EC85,0x94F86ACB,0x0346E375,0x28B69522,0x19513B6A,0xB924A754,0x33C11993,0xFB677BA3,0x9EA056AA,0xA3337F4B,0xCDCC3A8D,0x9C86E171,0x7FD0F516,0xD989D2E0,
  0x3ADFC687,0xB4307453,0xD2B1BA2F,0x1D5B3779,0xF13F47C2,0xAE27AC4C,0xCFEA8D56,0x20C81E98,0x8F8FE67A,0x89A35DB2,0xDACF3195,0x8CC9050F,0x6CD9F21D,0x6681CE7C,0x6DB9A6B3,0xC8A66230,
  0x36AB412E,0xE3561467,0x5606349A,0xA0759C3E,0xA115C890,0x4649D0E4,0xE010F712,0xD1F7595A,0x43238859,0x67E19AD2,0x104FE47E,0xE86E7CA8,0x0A583C61,0x585404E8,0x91923276,0x3087FAE6,
  0xA51FC483,0xDCE38A5D,0x829B357D,0xDEC53D86,0x84B78EB5,0x7ABAADAB,0x0F3264DC,0x087E8BBA,0x7BDAF905,0x5E78BF20,0xC0D8E98A,0x2A9022F9,0x789C1A70,0x35EDA25B,0x7182C564,0xE57AAFAF,
  0x60AD75B4,0x92D4D103,0x091EDF14,0x7DF642CD,0x95983E65,0xFD4BC06B,0x65C72D09,0x2BF07657,0xAF47F8E2,0xB7769726,0xE75C1874,0x24C2128B,0x1B778CB1,0x17030B18,0xA47F902D,0xC9C6369E,
  0xF673A8A4,0x016054AE,0x126953A5,0x348DF6F5,0x68D3FE0E,0xBA624421,0x37CB1580,0x514ADBFC,0xDFA56928,0x63EB96C1,0x238EFDED,0x38F9715C,0xFF6D77B0,0xDD83DEF3,0xD0970DF4,0x3CF37D4F,
  0x76CE2A02,0xC39E0AFF,0x3FB59E3A,0xA2532BE5,0x2DDCCD9F,0x0D14D307,0x41053F82,0xBE684832,0xA65927F6,0xF319F019,0x2CBC9931,0x69B3AAA0,0xA7397358,0xFC2B94C5,0x5540D7EF,0xEA48CB73,
  0x425481AC,0x897EBFF9,0xB715BE88,0x85E0743E,0x01D1B0E5,0x1DAA6CF9,0x5E2F5DB0,0xE83EF4CE,0xD80B1D74,0x994E0F31,0xDB1A8E9D,0x3E6B0171,0x1030B0C8,0x428126BF,0x3035E9BA,0x50A41268,
  0xF8DBE315,0xEAFED7C2,0x72B4CF05,0xCB2A3E55,0xF44528D2,0x7F2E1334,0xDBCF298E,0xF650ACCD,0x3EBEA662,0x7CEA27CE,0x1C7BDC1C,0xE5718FEC,0x1CAE7B0F,0x2210DD6D,0x0D4F7B22,0xBA5AC5AA,
  0x4350965A,0x8A6F2C10,0xD784455A,0xFBCA70FC,0x7074EC09,0xA9AE4198,0xF9DFF4E3,0xD8DEBA67,0xC8EE0AAF,0x53B58181,0x7DEE3038,0xC9EA1D59,0x9A5F9CD8,0x88AF0F1C,0x984A18C7,0x5EFAFAA3,
  0x2E5BB1B9,0x00000000,0x1E6E5803,0x52643164,0x32206DA5,0x51A0059E,0x0F8F582E,0xA5308A5F,0xE4A03F09,0x7C3F80DD,0x5D3ECE59,0xB6C40E6D,0x122534D7,0x30E04EA9,0xC5A1718D,0x13F48432,
  0x73657FE0,0x6DDE80F0,0x94017413,0x87F5F021,0x10E517DB,0x6D0B27E3,0x32F5CAB6,0xC93FBA4A,0xBB5ED25C,0x4E1FED78,0xA4E13ABA,0x5071B57B,0x6ECF1319,0x84E463C8,0xE5A428FF,0x6E1AB40A,
  0x3D7A9298,0xA7F0A953,0x72616816,0x4F1BFA8E,0x9614F00C,0xD495D6B3,0xB94B5643,0xDA1E996B,0x03C434FA,0xD5446656,0x2314CA9B,0x4DDBD982,0x21014E84,0x53602692,0xE8EB53DD,0xF80E4406,
  0x9710E7FA,0xB84F41B5,0xDACB3E78,0x4D0E7E91,0xEB2F6727,0x6251D8DE,0x2D4A2250,0xB99EF150,0xC7B4F592,0x0215841F,0x9B8E2C3D,0x1F6A4FF5,0x23C16D88,0x12F093C4,0xC83BADBC,0x96C1571F,
  0x41451245,0xC470C168,0x4C0A6967,0xC6B0E264,0x20D0FE61,0xA7250E40,0xAB6E6294,0xD9DAAD91,0x5DEB694A,0xE93AE338,0xCAFB8EB0,0xC4A5667B,0x3FBAB194,0x6CDA9706,0x3F6F1687,0x404105B3,
  0x21D4E997,0x0F5AFF3D,0x4094A2A0,0x010417F6,0x20055972,0x6355CF28,0x7E2A04C2,0xB4042D61,0x61404B37,0x989FBFD4,0x0C4B6CD4,0x0D9ADC31,0xA87FF17D,0xC574D69E,0x8431C4DB,0x89AB18EA,
  0xB4D18A72,0x2E8E16AA,0xEBFAC034,0xFA1BC019,0x2F8A015C,0x73B0D8F3,0x4CDFCE74,0xE7B1ACE0,0x2D9F8543,0x11E1002D,0x94D4D300,0x7170FBFF,0x6C0F3015,0xA8AA566E,0x1FBFE8E6,0xCA2E29A3,
  0x13212321,0x71A55CEC,0x95D0C4F6,0x33247A53,0xE9EF442B,0x8535D32D,0xA62119B6,0x950563E5,0x97C540E9,0xBA8F62B9,0x3131FE4C,0xFACE670A,0x2C4E35A6,0xB7C0199B,0x7EFFA3D1,0x887AA80F,
  0x999BA822,0x1EBBFF10,0xA97BE68B,0xF5949837,0xB611A97E,0xF6850BDE,0x02C0230C,0x8ABA8B03,0x31E4595F,0x1D7FCBEA,0xCBFF9946,0xD44071A0,0xD90F0A82,0x0E8B4FD8,0xA4349DA9,0x031193E9,
  0xF90A53F0,0xE6601C05,0x862440C4,0x9A8A3BCB,0x7FFBB427,0xEA2B70D1,0xD655F5BF,0x1134A73E,0xD68052AC,0x5F2B4A46,0x87205732,0xA6F4BEA5,0x0E5EE8CB,0xD591C145,0xBB8B754F,0xF4908FC1,
  0xFB1FD7EF,0x52B19677,0x5FFEED55,0xD751E249,0x8BBE9CF5,0x5CEF7EBC,0x5175A28D,0x6195EC24,0x6380683B,0x6FCB04EF,0x86F1E7D7,0x6091FBD2,0x60445CC1,0xC6654577,0x0C9ECBC7,0x9B5B8B2E,
  0xB5D59D84,0xB89AE6A6,0x2F5FA64F,0x8B6B3BE6,0xF7811C28,0xA5E52D4C,0x22C57A7E,0x7D3B972B,0xABBBC587,0x43853149,0x3DAF358B,0x70A14B1A,0xF754BB3B,0x4190B556,0xE475981A,0x00D5A713,
  0xAABFD271,0xC7615281,0x4ECA4A6B,0x4FCE5D9D,0xB5003A97,0x6F1EA3FC,0x5C3AD9AF,0x3C7E856E,0xF5413F24,0xAA6A7562,0x2C9B92B5,0x3CAB227D,0xE7640BF3,0x62847FCD,0xE6B5BB16,0x33F1DD40,
  0x030D96E2,0x47CBA74A,0x567AFD42,0x11B15A08,0x00C98A03,0x9AFB0A94,0xCB04561F,0x9B91070C,0xA7E3F4B3,0xB2DA9990,0xF6D5223B,0x6A080EFD,0x6E49B3D5,0x7FF8E9DD,0xB3791E0B,0x55776BA0,
  0x9B588D0F,0x03C41CE1,0x6E8039D6,0x8F0BEDB4,0x2E07B556,0xE60E75AB,0x9FD0BA24,0x9E733DBF,0x440FBBAB,0x8E61E02C,0x69CC121C,0x0488372B,0x6905981F,0x9CDD2CC6,0x2982149F,0x2C602E2C,
  0xE6C7FFA8,0x28E81907,0x466820D1,0x51FF5C8B,0xB652AEBB,0xD8D2976D,0x79DECF8F,0xDD30ADDE,0xF25D1510,0xA5846FC9,0x5398C7F1,0x2D0A23B4,0x892DCBE6,0xE7647833,0x3A9D5FEE,0x523B406A,
  0x89E441E5,0x888E4C7D,0x438A1A62,0x7E5B6E46,0x42E017FA,0xE7ADF230,0x2ECE3F55,0x149AEAB8,0x15F0E720,0x541D6638,0x3FB6EF5E,0x56B37741,0xF3FE928B,0xDF5736A4,0x2FA432CD,0x8DA5FCCD,
  0x40878C80,0x06262652,0x8A205D04,0xA4EE6251,0x68A61F84,0xD81B1D6E,0xCDEBFA4E,0x6C2E28AF,0xDA7C8614,0xF5113EDA,0x993F1675,0x38334E97,0x787D4814,0x8D6C76CE,0x9C14A6C5,0x7917458C,
  0xA54DE5CA,0x2F6DB8CE,0x7B70DEF6,0xE503E349,0x9F193027,0xA72A7EB0,0xE02853F9,0x175EF659,0xF61CA838,0xDEF4B13F,0x404E0683,0xD97110F6,0x9A328097,0x53514DF2,0xDC932A45,0x3EDCE2C6,
  0x00000000,0x131F4B71,0x7C3CF53C,0x2DC3A9B7,0xCEE66CAC,0x2B2C05E6,0xA3A2499B,0xD9B89AF5,0x6F23BE4D,0x3E1568C5,0x42299DF9,0x10DB5790,0x8B83DA9F,0x46A1AAD2,0xE18BD462,0x41ED8118,
  0xA2C84403,0x3D18FE27,0x01A3879B,0x074C2BCA,0x7D9F72A7,0x0441BD28,0x6BAB8966,0x145360BB,0xDB168B8C,0x38FAC494,0x2A8F827D,0xC809C0FD,0x02679B7A,0xF19909F1,0xA201CE00,0xE469EED1,
  0xC963CD65,0xB4FCBFC2,0xB2131393,0xB07488E9,0xB7F12920,0x05E23AB3,0xF03A8E6A,0x7BB954F5,0x8EA86A2F,0xE5CA694A,0xE24FC883,0x7CF57F3F,0xF3371888,0x5710F0DA,0xE3EC4F18,0xDE3D3B3C,
  0x9EBAB7BC,0xA10C58E2,0x44C631A8,0xC9AA4766,0xF5D8B4D9,0xDDF927DD,0x41240B1B,0xA066557A,0x052BB0B0,0x15396D23,0x1178D00B,0xDBDF018F,0x12BCCCEA,0x7E92E445,0x6D442537,0x3B3ED875,
  0xE1425E61,0x7A1AD36E,0xE325C51B,0xF15083F2,0x3BF75276,0xF0F30469,0x55BEE1A3,0x02AE1179,0xCF45EB37,0xCA6E5B87,0xE0E1D9FA,0xB3B09408,0xF7BF2FA3,0x8CCFF155,0x8C067B56,0x2BE58FE5,
  0x3CBB79BC,0x45AC3C30,0xB0BD02EA,0x016A0D98,0x16FD71C2,0x6AC184FE,0x7D56F8A4,0xCD22704D,0x8847C67E,0x686F9587,0xB11E8571,0xF2949F13,0x9DB7215E,0xDF9EBCA7,0xB55F3859,0x8B4A509C,
  0xA6407328,0x57D97AD9,0xA689F92B,0x52F2CA69,0xB69B24B8,0xB43535C1,0x3990C90C,0xE4A064D2,0xF47B3342,0xA1C5D2E1,0x1634FBC1,0x3A54D5ED,0x6FEA344E,0x3C72F3BF,0x98551BED,0x8AE9D707,
  0x6CE7A2AC,0xCAA7D184,0x127546E9,0x8FC267B7,0x50955113,0x6D8DAF34,0xE2864280,0x7AD3596D,0x5136D688,0x4565B633,0xCC487DD5,0x6B620365,0xF4B2B941,0xDAB50C17,0x1012DD93,0xDC5AA046,
  0x989C91EE,0x43439061,0x7F3163DE,0xC8C04AFE,0x78B4C217,0xF776A5A0,0x17977C5A,0xA0AFDF79,0x2A46087E,0x99F69C76,0xB596B25A,0x3F7F655D,0xCBCDDC1C,0xCC81F7D6,0x0785A1C9,0xB1D70F72,
  0xA36BC398,0x54D4EC3B,0x3959430F,0x28219304,0xCE2FE6AF,0x47022D49,0x9D7EAB5D,0xA427E852,0x294B9E9C,0x3DD17424,0x13D6C172,0x2CA9A42F,0x505CDB10,0x06EFAC51,0xB738A323,0xCF8C6134,
  0x7EFE1AB0,0xEC8021D3,0x1A74D869,0x5A108C5D,0x384E8D06,0xB409C3E1,0x1715BF44,0x04AFBD9A,0x6909B583,0x83BF47A5,0x0BB5A4AF,0x7E1C0AC7,0xE82F9C49,0x812629CA,0x4DE7236E,0x77D2D070,
  0xEAB6F226,0xB0A67E7B,0x3A35F31E,0xF616E9CD,0x0B57B4D8,0x00E21077,0xE1035689,0x33FB29A9,0x20A33B00,0x1E397584,0xF48F87A2,0x8A938D65,0xAE9F0BFF,0x092CCAC0,0x135812A9,0x9B52F1A3,
  0x240C869A,0x00000000,0x37549433,0x4429F9D9,0x2FB92235,0x739F7D9D,0x929C2B14,0xA84BC87D,0x754BBE1F,0x60257F43,0x352FEA2B,0x316247C6,0x927E3B63,0xF0C22A4F,0x20412B77,0x99298FBB,
  0x027B7E18,0x648AC2D9,0xB23F1014,0xAAD2A612,0xC50FD013,0xEEFB5FCB,0x9633968E,0xC33903E6,0x6DA60819,0x4F7E4D01,0x6B72CB9B,0x856B8427,0xCA15C926,0xBBF1CAA3,0xF6F4F9BA,0x02996E6F,
  0x5EBF31C7,0x7730C007,0xF9EEE08F,0xA751D148,0x6F3F6676,0x6613ACB6,0xA3FE6CD2,0x1C420B9C,0x37B68444,0x6D44186E,0x69EBA5F4,0x782AD932,0x550A9568,0xACE475E7,0xD061114F,0x9D642256,
  0x11236CB1,0xC5EDC064,0x53DE56EA,0xCAF7D951,0x4D053319,0x2677F882,0xCC231AD3,0x66F1BCC1,0x9F1F5C4E,0x4F9C5D76,0xA31C7CA5,0x78C8C945,0x11C17CC6,0x1EDB65F3,0x9D863221,0xF25B4420,
  0x3E9A4E84,0x2B169FAF,0x737D6DEA,0xF46D97D5,0x5E5D21B0,0x94AAF8E1,0x318057B1,0x2BF48FD8,0xD6B5D2CD,0xDB36A597,0x51473885,0xC88CA749,0x81C439BD,0x2D204C5A,0x625E015B,0xD657C2BA,
  0x87F2EA48,0x4B33E0EC,0xFFD8337A,0x9BB0E1D4,0xE7D7950B,0x5771EB70,0xF0203A38,0x40645434,0x1CA01BEB,0x3CE1309C,0xC1427DFE,0xDF99180D,0x8A719D12,0x71E40385,0x8E3C30FF,0x8CA55E90,
  0x0D83775A,0xC796BE7C,0x044DADED,0xA18512CA,0x2F5B3242,0xF2B95457,0x90E7550C,0xA16702BD,0x13BA02DE,0xA5C8BF27,0xB0446E0C,0x2DC25C2D,0xCEBA74BC,0x0636D3F5,0x3C0320EB,0xB2DD0063,
  0xB690AD8E,0x710613F2,0x35CDFA5C,0xE8CD8C3E,0xBDC71956,0xBFBC674E,0x5CC44FDF,0xEE194FBC,0x835D57D2,0x156EC15C,0xA52AAF50,0xAE7D1B88,0xE5ACEB13,0xC3DB1391,0xFD415D15,0x533C469D,
  0xFDA34D62,0xD4CEACD5,0x0D61672D,0x331939DE,0xD2F87F20,0xE735857C,0xDF7B087A,0x8710FA3F,0x180FA671,0xE3782891,0xB98AB4BB,0x85899450,0xC86EB73E,0x7A51A72A,0x40864443,0xD42CBCA2,
  0x7AB3B75D,0xCE5864CB,0x5889E232,0xC774AE0B,0x38AC9D71,0x158CD12B,0x7C6774DF,0xBB13DAD4,0x6468D2AE,0x9448E896,0xFB959E97,0x421F2A2C,0x18EDB606,0xD9AFCBF8,0xBF5E7739,0x586BF245,
  0x49489EF4,0xA7B3C13F,0xEA54E251,0x51A528F2,0x6FDD7601,0x3E785EF3,0x9005457B,0x60C76F34,0x5C265FA8,0xF90CF0F8,0x223A556F,0x880AE30A,0x6B90DBEC,0x17F7AF33,0x46B097B6,0x22D84518,
  0x75A9AE68,0xAA30B665,0xC1A06D89,0x298FF1C0,0x5793FB07,0x0F1A1935,0xB968A4CC,0x465287C1,0x5AF29C2A,0x09CEDAB7,0x296DE1B7,0x9FFD4C39,0x99CB9FCC,0x8EDE2088,0x7C8564A8,0xDBD4B5E0,
  0x3AD7E369,0xFF3A230D,0xAC066590,0x44CBE9AE,0x06D4C382,0x1A96C81E,0xDDE26615,0xB672BDF9,0xD0830138,0xD94DDB8F,0xFB778EE0,0x55E8851F,0x42FD3A5B,0xB4EBD396,0x49AA8E83,0x24EE96ED,
  0xE54EFB64,0xA8A9D80A,0xCCC10AA4,0x8C474EE7,0x0FF80942,0x4BD1F09B,0x62BC112C,0x88E8F37D,0xD21A6F57,0xE1E146FE,0xBD250921,0x2695E8F5,0xEC6231A4,0xDD007662,0x96D186F9,0xE39A38E6,
  0x5AECCCD7,0xAA1DD177,0xAA21214B,0x7B5B1D87,0x8607CE5E,0x8226E6FD,0x8B96F01B,0x02AF30E4,0xFD57C9FF,0xFFC40927,0x8D241860,0x574102AE,0x041DD89F,0x84A8FEBA,0x574A1888,0x8F8B2884,
  0xD8CA2A2A,0x5EC6FE52,0x7B67EDBB,0x5C69CEB6,0xAA16CB51,0x8939C0FF,0xFBEE3BA2,0x536B302B,0x2AA8F752,0xACAF390C,0x0DADCE79,0x55D2C276,0xD17A3CCC,0x80B52625,0x587F0C0F,0xD3E9FC14,
  0x8D18E85C,0x8B9DEA3D,0x53602A0D,0xAE0B13CE,0x84940E86,0xA8B9FBB5,0xFD6023E5,0x51F8F0F3,0xF97DFB7A,0x863B3E62,0xDCDCE893,0xA88E11AF,0xA51F2FEA,0x704F21A3,0x06B9F25D,0xAC93C930,
  0xD3DE160E,0x2E82C5D7,0xD8F6DA16,0x8932DAD9,0xF4DB2F25,0x06B2E87B,0x098CE6DA,0x00000000,0x2C11050F,0x02A42AC2,0xA8850B89,0x21803B4A,0x09BB0CC0,0x2C26EF15,0x2A94076E,0x0F3E0EA1,
  0x042128A3,0xAC98D316,0x51F3EAD5,0xF4ECC53F,0xA523DFD6,0xA787F514,0x0037EA1A,0x283B378A,0x5C62D490,0xA7BB0528,0x7B6CF79D,0xF4D03503,0x84A3E49C,0x2313FB92,0xDA59EAF2,0xD7C8D4B7,
  0xFFF8F91B,0x72EB0B61,0x8082CC3F,0xD7C3CE91,0x76C139E4,0xA13E0749,0xD7FF3EAD,0xD7F4248B,0x76CA23C2,0x2739C917,0x06850261,0x70443B85,0x23241188,0x5848E615,0x8F8032A2,0x7DE2EFDA,
  0x5ADB26CD,0x232F0BAE,0xF94A1160,0xFBE52184,0xAE3CF9D4,0x849F14A0,0xF6741FC1,0x890E2AE5,0xDA6E00E8,0x5C553E8A,0xFFF3E33D,0x7452F93C,0x76FDC9D8,0x822DFCDB,0x09B016E6,0x25A113E9,
  0x577DF292,0xFD6B39C3,0xACA4232A,0x0B23D63E,0xF269C75E,0x7F46C518,0xD8C1300C,0x86302444,0xF25E2D44,0xAE37E3F2,0x2E89DFF1,0x5ECDE474,0x2318E1B4,0x5AE7D6F1,0xD56CFE75,0xDCEB0289,
  0x2A9F1D48,0xD5500E49,0x7073D19F,0x8D13F27A,0x72E01147,0x76F6D3FE,0xDA52F0D4,0x0F09E4BB,0x2807C7B6,0xDE78C251,0x042A3285,0xF0C6F7BA,0x5C5E24AC,0xF67F05E7,0xA8B2E193,0x25AA09CF,
  0x2EBE35EB,0x79C3C779,0xA3ADC791,0xDCE018AF,0x259DE3D5,0x0298DAFE,0x0987FCFC,0xD55B146F,0x5EFA0E6E,0xFFCF1301,0x821A16C1,0xD8FDC030,0x79F42D63,0x2596F9F3,0x860CD478,0x2705392B,
  0x7DD505C0,0xD3D50C28,0x003CF03C,0x5EF11448,0x0F02FE9D,0xAE0009E8,0xDE73D877,0xF9410B46,0xF648EFFD,0x7459E31A,0x2C2DF533,0x5AD03CEB,0x8BA11A01,0xDE4F284B,0x2AA3ED74,0x7078CBB9,
  0xF976E15C,0x8D2F0246,0xF0F11DA0,0x82110CE7,0x72DCE17B,0xD146CCF0,0x535CDA31,0x280CDD90,0x58741629,0x5357C017,0x21BCCB76,0xA528C5F0,0x55EE324A,0x0B143C24,0x5776E8B4,0xA78CEF32,
  0x2EB52FCD,0xFBD2CB9E,0x80BE3C03,0x8FBCC29E,0x0DA6D45F,0x000B1A26,0x51CF1AE9,0xD3E2E632,0x068E1847,0xA7B01F0E,0x79FF3745,0xA1351D6F,0x7B5007A1,0xA102F775,0xF262DD78,0x2C1A1F29,
  0x55E5286C,0x74651326,0xFBD9D1B8,0xA39A2D8B,0xF0CDED9C,0x5843FC33,0x746E0900,0xDA651ACE,0x8089D619,0xAA2A3B6D,0xDE44326D,0xA39137AD,0xD17126EA,0x0293C0D8,0x51C400CF,0x0D9A2463,
  0x890530C3,0x79C8DD5F,0xF4E7DF19,0xF2553762,0x7F7A3524,0x270E230D,0x7F712F02,0x55D9D850,0xF643F5DB,0xDCD7F2B5,0x28302DAC,0x0416C2B9,0x0B28CC18,0x8FB7D8B8,0x8BAA0027,0x21B7D150,
  0x7F4DDF3E,0xA109ED53,0xA3A6DDB7,0xD14DD6D6,0x0B1F2602,0x7DE9F5FC,0xFD5CD3D9,0xD567E453,0x0F351487,0x72D7FB5D,0xA51435CC,0x2732D331,0xF0FA0786,0x7DDE1FE6,0x0D913E45,0x218B216C,
  0x9F482E49,0x325EAFB1,0x59FB34A0,0x81A6E79F,0x4259D80A,0xE3AF5F56,0xD85DD33F,0x4EB9DEAE,0xC78A4466,0xFD419680,0xF4681EDC,0x92917662,0xF9B146F7,0x6BA59B11,0x932D8369,0x880AC447,
  0x37972149,0x3E3B0291,0x66F968BE,0x74F7A7CC,0x1E6B6252,0x251C45BF,0x6B203095,0x0CE006A4,0x4ACCA55D,0x01395E8F,0x43E52D01,0xC6B31AE9,0x9214DDE6,0xF1A19024,0x133791FD,0x0D5CF3AF,
  0x46A9087D,0xB3F8482E,0xCF1F3931,0x9758F89A,0x9B3D55BA,0xBBE89EFD,0x16FE1F05,0xE6E37A2A,0x128B64F6,0x2979E89F,0x9A040B35,0x58C26A2F,0x6EE9BE6D,0x3F87F79A,0xC2C6611A,0x9FCD85CD,
  0x6F554B66,0x597E9F24,0xB7089859,0x7CE7711F,0x551B3204,0xE32AF4D2,0x84EAC2E3,0xF01D652F,0x5847C1AB,0xD04D05EC,0xEEF3ACF9,0x21EC95C8,0xE7DA24A5,0xD1745B63,0xEF4F59F2,0xA1732CD8,
  0x120ECF72,0x6A9CC59E,0x7C62DA9B,0x0810D6D3,0xFCFD638B,0xA506572B,0x5D0BE4D7,0x36AE7FC6,0x9BB8FE3E,0x04757BF3,0x1BA2ECAA,0xA0CFD9D3,0xD5012090,0xA43F09A4,0x667CC33A,0xA583FCAF,
  0x2840B610,0x7082DC3F,0xF098CEAB,0x4B705056,0x8CFA1430,0xC243CA9E,0x754B52C7,0xA04A7257,0x4E3C752A,0x7DDE2F90,0xE666D1AE,0x9661A615,0x24A0B0B4,0x801A1294,0x33E25ABA,0xF934ED73,
  0x1B27472E,0xCEA3CC3A,0x05C98EF8,0xF1243BA0,0x3F025C1E,0x809FB910,0xFDC43D04,0xAD932A7C,0xEA037C8E,0xCB6A42C2,0x2599EE3B,0xDCAD0348,0xBF184E8A,0x628C134D,0x7817A168,0x04F0D077,
  0x516E49F7,0x462CA3F9,0xC70FEFE2,0xD0C8AE68,0x167BB481,0xEA86D70A,0x3EBEA915,0xB631C6D6,0x89339AC8,0x67459DB5,0x3B7727ED,0x4BF5FBD2,0xBB6D3579,0x13B23A79,0x71BB82B0,0xE29601D9,
  0xAC2FDF77,0x888F6FC3,0x0085AB84,0x75CEF943,0xD4BDD59B,0xCA531C4D,0x1F523CDD,0x7D5B8414,0x50D2BCFC,0x96E40D91,0xBF9DE50E,0x6FD0E0E2,0x5C32BA58,0xA9E6518F,0x1742EA0E,0x43608685,
  0xD9648DB0,0xC3FF3F95,0x9EF4DB42,0xDD945DC7,0xB37DE3AA,0x1A9BB225,0x6209B8C9,0xC636B16D,0x01BCF50B,0x79AB5463,0x5D8E4F53,0x78920AEC,0x9E7170C6,0x32DB0435,0xF5D4EBD7,0xD9E12634,
  0xCAD6B7C9,0x63B54DC2,0x6A196E1A,0x479056F2,0xB78D33DD,0x4715FD76,0xD4387E1F,0x205060C3,0xA4BAA220,0xF80DB3FC,0xCF9A92B5,0xA1F6875C,0xEB3A2201,0x3ACBD2E6,0x85D39C6C,0x362BD442,
  0x700777BB,0xACAA74F3,0x3A4E7962,0x9A81A0B1,0xB6B46D52,0xF4EDB558,0xD5848B14,0xD8D878BB,0x93A828ED,0x51EBE273,0xEFCAF276,0xFC78C80F,0x00000000,0x97DD531E,0x21693E4C,0xE213AA5D,
  0x846F6967,0x1FD79759,0x1A1E19A1,0x67C03631,0xE75F8F21,0x0DD9582B,0x054C257C,0x792EFFE7,0xAD1681F8,0x8D46E13B,0xD1F1F0E7,0x54226C8B,0xA8DF0F00,0x4F052BA5,0x3367F13E,0x0929885C,
  0xB244BD25,0x6E6C15E9,0x37128ACD,0xBA546BF6,0x17C7418A,0xB2C116A1,0x559E9980,0x4A490ED9,0x81234C1B,0x2D0C936C,0xEE76077D,0x29FC431B,0xCE2667BE,0xA85AA484,0x74720C48,0xDC28A8CC,
  0xA963FA0B,0x4F808021,0x28C51D94,0x42DC738E,0x24251B30,0xBEA4BB81,0x713E2934,0xF5514053,0x54A7C70F,0x08957D57,0x2C35CDE3,0x20D5CB47,0xBAD1C072,0xBE211005,0x50571778,0xEBBF8985,
  0x3BF28C69,0x89B6314C,0x8DC34ABF,0x8C7FBFB4,0x2CB06667,0xDD11F643,0x09AC23D8,0x6330E646,0xCBEFE946,0xF8881878,0x5CB711DC,0x855637E8,0x0C65AD20,0x1EEEC9D6,0x2D8938E8,0xC37A9411,
  0xAE7A7397,0xE1DF6963,0x8DDB81AF,0x32155A63,0xE541C61F,0x41DBB92D,0xFB55F710,0x989EC138,0x792EEFEB,0x45451651,0x33CB60EE,0x452A51E1,0x006F47B0,0x22108F05,0xC92FEAC3,0x9940FBB5,
  0x768E76BF,0x00000000,0xC8F1D04E,0x73CEE34E,0x773F0B82,0x8C05BB22,0x1FCA0B82,0xAB55A1D6,0xC6E03427,0x054095F1,0x668BA3D9,0xB52ED769,0x28F083A0,0xB4F0EDE4,0xA52B020F,0x1E7B76BF,
  0x927ECD9D,0x149B7A1A,0x83A52276,0xFE1562E1,0x368BF51F,0x373A8822,0x93CFB0A0,0x2C6E2CDC,0x92118A2D,0xF52B54C9,0x67559954,0x973E586C,0xE1B02ED3,0x98F18688,0xBE7FA6F1,0xB0010528,
  0xC751491A,0xEFA1CABA,0x268E2079,0x86E5B787,0x2DDF51E1,0xF0048688,0x6DDAD241,0xE49FFC92,0x9DB11379,0x0FCFDEE4,0x01B17D3D,0xF06BC138,0x0B3E3628,0x968F2551,0xDC05EDE4,0x5FA0CF92,
  0xDC6AAA54,0x96E062E1,0x51DE6C4B,0x873B8D0A,0xD92A3FA5,0xCDB145BF,0x83CA65C6,0xA06B97FE,0x6C6BAF7C,0xC940AD73,0x36E4B2AF,0xF4F56E44,0xA004D04E,0x227FC8B5,0x73A1A4FE,0xEAE15F4B,
  0x673ADEE4,0x93A0F710,0xBB3F3300,0x506F1176,0x5540C337,0x62150CA5,0x82145F4B,0xA49A7F32,0x6C04E8CC,0x106A92D6,0xB06E4298,0x992FBC05,0xA1B5AD73,0xEE7FF037,0xAB3AE666,0x5B3E60EE,
  0x1005D566,0xD27B4E3D,0x292EB92D,0x3755CF92,0xEB3F65C6,0xD8F40528,0x7DB04097,0x4FA51AF4,0x63A47198,0x727F9E73,0x9DDE54C9,0xBA8E4E3D,0x273F5D44,0xC211DCEB,0xFAE48A2D,0x2DB01651,
  0x627A4B15,0x689A47B0,0x2C016B6C,0x4E7B2079,0xE06E145E,0x789F92D6,0xAAE4DCEB,0x5B51275E,0xFFCB586C,0x4E1467C9,0xAA8B9B5B,0x8DB4C61F,0x63CB3628,0x4FCA5D44,0x26E167C9,0xCDDE020F,
  0x14F43DAA,0xD3CA3300,0x1FA54C32,0x4B3BB588,0x1AE5D9C3,0xF49A29F4,0x5E11B2AF,0x152A0727,0xD6E5E141,0x552F8487,0x827B18FB,0x0E11E469,0xBFCEDBCC,0x892A6963,0xC68F7397,0x289FC410,
  0xFFA41FDC,0xC27E9B5B,0x4B54F238,0x1B54A4FE,0xBFA19C7C,0xEE10B787,0xC3CFE666,0xEB502276,0x88F453EE,0x3DB5C337,0x8C6AFC92,0x7210D9C3,0xAE153427,0x23CEB588,0x97511FDC,0xF5441379,
  0x69447D3D,0x15454097,0x51B12BFB,0x3C04BE0A,0x5FCF8822,0xF1B5FBB5,0xCC003882,0x76E1310F,0x38F556C6,0xC3A0A1D6,0xE00153EE,0xD68AA6F1,0x77504C32,0xAFA4491A,0xC89E97FE,0x1E14310F,
  0x7C6E7A1A,0x7C013DAA,0xD3A574B0,0x049EAF7C,0x400583A0,0x1A8A9E73,0xB1B07815,0x33A4275E,0x89452ED3,0xD73BDBCC,0x23A1F238,0xD9457815,0xE4F0BB22,0x7DDF0727,0xFE7A2551,0xBAE1098D,
  0x406AC410,0x9C6F29F4,0x4A8AC8B5,0xDDDBD769,0xD214098D,0xA1DAEAC3,0x9C006E44,0x39442BFB,0x889B145E,0xA4F53882,0x68F50000,0xEFCE8D0A,0xD89B4298,0x6DB595F1,0xCC6F7F32,0x0A8F4B15,
  0xB49FAA54,0x66E4E469,0x78F0D566,0x44F46B6C,0x4AE58F05,0x11B4A85B,0x5A8F1DD3,0x5E7EF51F,0x11DBEFEB,0xBE10E141,0xB54190D9,0x54F1BE0A,0x392B6C4B,0xC73E0EAA,0x0FA09954,0x41B4FE9D,
  0xF1DABC05,0x052FD241,0x01DE3A8D,0x0AE00CA5,0xFA8BCD9D,0xE52E81AF,0xBB5074B0,0xDDB490D9,0xB1DF3FA5,0xAFCB0EAA,0x3DDA8487,0x549EF9BA,0x2941FE9D,0x449B2CDC,0x692B3A8D,0x27501AF4,
  0x389A1176,0x7941A85B,0xA54445BF,0x8754CABA,0xD7549C7C,0x500056C6,0x868AF037,0x327A1DD3,0xFB3AB0A0,0x1B3BE34E,0x0B517198,0x0E7EA3D9,0x04F1E8CC,0x5AE05A63,0xEA8E18FB,0x3C6BF9BA,
  0x1A0A451C,0x8FDD609F,0x04961F9C,0x8ED2C658,0xF0A46A5E,0x463677DC,0x9CD13482,0x1E995B4C,0xDF7EFA05,0x7F7C0B0D,0x30496C1C,0x7BEF155D,0x224F9F0A,0x51A93D91,0xCD7D08DF,0xBF910D4F,
  0x95D2244F,0xE73B2013,0x69ECE787,0x58AA2D5C,0x0C9FA85A,0xDE745D0E,0x7E73ADCA,0xBB0712D3,0x904E9CD8,0x767F1BC0,0xF1ABCC99,0xAC98589E,0x69E9E64B,0xC0E8078E,0x1E9C5A80,0x65764E11,
  0x91443BD3,0xB79DBB45,0xC574BF19,0xC47B19DE,0x3DDC634D,0xF9A77A93,0xEE3830DE,0x6D7AF81B,0xDBEDE455,0x234039CD,0x4F356711,0xE73E21DF,0x82486FCE,0x0599B95B,0x9DDB9389,0x130C541D,
  0x27D3279D,0xA80B46CE,0x2A432900,0xFC3EC3C8,0x68E6408C,0x50A69B56,0x4E3FC01A,0xC1E2A085,0x2B498E0B,0xA002F108,0xA007F0C4,0xE2A79884,0x4E3AC1D6,0x179A4B81,0xDBE8E599,0x304C6DD0,
  0xC0ED0642,0x60EAF686,0x43AFCE87,0xBA08B414,0xCC77AFD4,0x86DB719E,0xD3E1525F,0xB798BA89,0x09061101,0x394F7D1D,0x1206F316,0xF8A8DC54,0x8A41D808,0x2B4C8FC7,0x3146CADB,0x3CD3C58A,
  0x7775BCCB,0x26DC815A,0x3840DBDA,0xDAE7435E,0x090310CD,0x1690EC8A,0x87D1D695,0x5D3695CB,0x8ED7C794,0x51AC3C5D,0x6C705F10,0x7E76AC06,0x553F220D,0x23453801,0xE2A29948,0x6479E8D6,
  0x1F96FD8B,0x86DE7052,0xBF940C83,0x1B00E217,0x0C9AA996,0x904B9D14,0xB20103D2,0x4739D11B,0xBA0DB5D8,0xA494EE94,0xB204021E,0x43AACF4B,0x7AE5B256,0xAC9D5952,0xEAAE2F42,0xFD3464C3,
  0x42A06840,0xC47E1812,0x4AACDE4A,0x8A44D9C4,0xAD92FF95,0xBE9BAA44,0x87D4D759,0x7AE0B39A,0x080CB60A,0x4AA9DF86,0xF8ADDD98,0x179F4A4D,0xC9EB1743,0x394A7CD1,0x9CD4354E,0x8B4B7F03,
  0xA59E499F,0xB30EA515,0xD7774DC3,0x60EFF74A,0xC8E4B184,0x0D950F51,0xF538D2C9,0xEF379619,0x73E3A357,0x6C755EDC,0x98422AD2,0xD678EB04,0x473CD0D7,0x1F93FC47,0x224A9EC6,0x2FDA905B,
  0xEBA18985,0x824D6E02,0xD3E45393,0x5D339407,0xDAE24292,0x34DF7380,0xDF7BFBC9,0x6D7FF9D7,0xEAAB2E8E,0xB6971C4E,0x767A1A0C,0x8FD86153,0xF437740E,0x98472B1E,0x4BA3788D,0x04931E50,
  0x94DD8288,0x68E34140,0x7F790AC1,0xEBA48849,0x61E55041,0x9DDE9245,0x0809B7C6,0xB6921D82,0x59A58B9B,0x72EC0590,0x91413A1F,0x3845DA16,0x27D62651,0x58AF2C90,0x8347C909,0xAD97FE59,
  0xF53DD305,0x95D72583,0xD7724C0F,0xC571BED5,0x2ED03750,0xF0A16B92,0x35D5D48B,0xC1E7A149,0xBE9EAB88,0x61E0518D,0x543084CA,0x647CE91A,0xA904E009,0xF9A27B5F,0xF1AECD55,0xCC72AE18,
  0xE3A83E43,0x00000000,0x059CB897,0xD2EBF554,0x50A39A9A,0x8B4E7ECF,0xA1085603,0xBB02131F,0x7BEA1491,0x3143CB17,0x1695ED46,0xA901E1C5,0xFD31650F,0x8342C8C5,0x5C3C32C0,0x1203F2DA,
  0x130955D1,0xD2EEF498,0xA10D57CF,0xF43275C2,0xC9EE168F,0x26D98096,0x42A5698C,0x65734FDD,0x2ED5369C,0x3DD96281,0xDE715CC2,0xA491EF58,0x99488DD9,0x010FA6C7,0x2FDF9197,0x4F3066DD,
  0xC8E1B048,0x35D0D547,0x1A0F44D0,0x7770BD07,0x553A23C1,0x0D900E9D,0x59A08A57,0xE3AD3F8F,0xCD780913,0x54358506,0xB30BA4D9,0x94D88344,0xD67DEAC8,0x1B05E3DB,0x72E9045C,0x34DA724C,
  0x994D8C15,0xEE3D3112,0x46337610,0x73E6A29B,0xEF3297D5,0x5C39330C,0x2A4628CC,0xE6318718,0x000501CC,0xA59B4853,0x3CD6C446,0xA80E4702,0x4BA67941,0xFC3BC204,0xE63486D4,0x010AA70B,
  0x65F9FE5F,0x7C97EF6A,0xB8DC4CDB,0xAD7303ED,0x05CC7220,0xAC903C7D,0x7CE97EEB,0x71CB1F78,0x1CA26315,0x0973BDA2,0x61B52E76,0x0D5CF012,0xD5D6AD2F,0xB8BFD142,0x019DAE11,0x01FE3388,
  0x65876FDE,0x08F31FAB,0xC01A7F80,0xAD109E74,0xA8BF71CD,0xD5CBA137,0xB4638359,0x6D0AE1F4,0x741A6140,0xD0794296,0x6938A05C,0x15AF4F36,0x15CCD2AF,0xCD25120B,0xCCA5B002,0xCD381E13,
  0x60358C7F,0x7464F0C1,0xA8C1E04C,0x7587CF51,0xDD25B284,0xCCC62D9B,0xC4283E28,0xD44B033E,0x74076D58,0xC969C222,0x00639D99,0xB41D12D8,0xC19ADD89,0x10633D16,0x189022BD,0xCCB8BC1A,
  0xC5B59039,0xC8F46C33,0x704BBD71,0xC456AFA9,0x70352CF0,0xBCF3016B,0x196E1135,0xACF3A1E4,0xD01ADF0F,0x08EE13B3,0xA400BE4F,0xA02FF3FF,0x695B3DC5,0xA93FD3C4,0xB1AFF179,0x042F4DB0,
  0x68A50E4D,0x795B9D4A,0x14517CBE,0xD1F9E09F,0x68C693D4,0xA9414245,0x096EB1BA,0xA59D105E,0x6CF4D27C,0x7D74D0FA,0xD9746EB5,0x7479FCD9,0x68B80255,0x71B58EF9,0x6D697C6D,0xC88AFDB2,
  0xD0644E8E,0xD43592BF,0x7D69DCE2,0x7D174D63,0x71D61360,0x6C8A43FD,0x79469152,0x18F3BF24,0xC91753A3,0xB59DB0D1,0x61A8226E,0x19731D2D,0xC4353230,0x1432E127,0x64795C56,0x793800D3,
  0x0180A209,0x0D226193,0x090D2C23,0x702820E8,0x78B8A2DA,0x1D22C11C,0x007E9181,0x0CA2C39A,0xC5A89C21,0x05B2E3A1,0xA8DCEC54,0xBD103EFB,0xD187711E,0x60288067,0x1CDCF294,0xDCDB810C,
  0xC5CB01B8,0x71A882E1,0xA051627E,0x0910203B,0xD917F32C,0xC0077398,0x05AFEFB9,0x08908232,0x1000A08F,0xB47E8F41,0x61D6B3EF,0xDD38BE9C,0xB9227F53,0x190D8CAC,0xA95C4E5D,0xD96962AD,
  0xC1F94010,0x107E310E,0xA5801C46,0xCD468F92,0xD5B530B6,0x00000000,0xB5E32150,0x0451DC31,0x044CD029,0x79250CCB,0x119D0E9E,0xB1CC6CE0,0x78DB3F43,0xD1E4EC87,0xB8A2DD5A,0x7C8AE372,
  0x604B1DFE,0x659A63C6,0xC064EE01,0xA922DFDC,0x0D41FC0A,0xB4001EC0,0x15D1DEB7,0x61CBBFF7,0x11E39F1F,0x0CDC521B,0xB04CCEE9,0xAC8D3065,0x0CC15E03,0xB1D160F8,0x6464504E,0xA032FFE7,
  0xC44BA3B1,0xDCB81C95,0xA47E2FCE,0x65E4F247,0x6C974FE5,0x68DB9FCC,0xD8975125,0x18EEB33C,0x0D3F6D8B,0x641AC1CF,0x1D5C509D,0xD4560F26,0x6925AC44,0xC897F1AA,0x144C70A6,0xCD5B838A,
  0xB580BCC9,0xA1CCCC6F,0xB5FE2D48,0xD007D317,0xA1B25DEE,0xB95CEED2,0xC90A5FBB,0x11800286,0xA5E381DF,0xB8C140C3,0x605611E6,0xBC8D90EA,0xB051C2F1,0x1CBF6F0D,0xBD0D32E3,0x7056B169,
  0xDCC68D14,0x6CE9DE64,0xDD462F1D,0x05D17E38,0xACEEADFC,0xA41DB257,0xB1B2FD61,0x1CC1FE8C,0xC5D60DA0,0x6D747075,0xDCA5108D,0x001D0C18,0xA1D1C077,0x7CF472F3,0xAD6E0FF5,0xBD6EAF7A,
  0xDD5B2305,0x6407CDD7,0xD8E9C0A4,0xC079E219,0x0CBFCF82,0x75F95ED0,0x088D8E2A,0x1D415C85,0xD19A7D06,0x1D3FCD04,0x15B2432E,0xB93F734B,0xB0325F68,0xA1AF51F6,0xA46323D6,0x191080B4,
  0xA04C6E66,0x188D2EA5,0xD90AFF34,0x11FE9307,0x7D0A417B,0x759AC349,0xC1E44C08,0xBCEE0D73,0x694631DD,0xA8A27DD5,0xC974CE3A,0x75E452C8,0x142FED3F,0xAD0D926C,0xC8E9602B,0x043241A8,
  0xBC909CF2,0xD8F4CCBC,0xD88A5D3D,0xB941E2CA,0x6D17EDEC,0xC187D191,0x01E33F90,0xB02F5370,0xCCDB2183,0xBD73A362,0xD4289EA7,0xD5A83CAE,0x78A5AEC2,0x101DAC97,0x78C6335B,0xA5FE8DC7,
  0x18D8254E,0x959FF18C,0x153B569F,0x0DF57D45,0xFB0A72AB,0xCE132AA8,0x8C6366D1,0xFF02BDD3,0xF3D37285,0xB8488255,0xD7EFBDF5,0xD7F9B361,0x3DD656B9,0xAC5766D9,0x6376F0F6,0x5AA86937,
  0x9D50FF36,0x765BA8FD,0x9D46F1A2,0x5B9AD5B0,0x4F85313C,0x350F5697,0xB091827B,0xE2F6E5F6,0xCA0DEB44,0x0132BC87,0x7769147A,0x575D1472,0x886BA9A9,0xF6E9017A,0x29C9B235,0x764DA669,
  0xB5ABF184,0x426642ED,0x6FB13134,0x3CF2E4AA,0xC3E657ED,0xBC5643B9,0xC6DC2412,0xF7CDB369,0x18CE2BDA,0xBD72F1AA,0x5EB6A8DB,0xDB287C37,0xCB295957,0xC2C2E5FE,0xCF21962F,0x4F933FA8,
  0xFB1C7C3F,0x8959152E,0x84AC686B,0x4ABF42C3,0x343DEA10,0x80B2A987,0x987C825D,0xFF14B347,0xFE300154,0x574B1AE6,0xB1B53068,0x19EA99C9,0xD3F17C19,0x91813060,0xEB1D595F,0xF2E1CE02,
  0x9C6243B1,0xEE312434,0xA086A98F,0xC6CA2A86,0x7BAED5B8,0x90B38CE7,0x28ED0026,0x6A8B42CB,0x09FDB23D,0xA96D1526,0x5267678D,0x84BA66FF,0x20220E9C,0x4354FE6A,0x90A58273,0x7377D596,
  0x5ABE67A3,0x1CC6E4A2,0xA5BCDA70,0x25187D63,0xBD64FF3E,0x052C7D6B,0x72456911,0x80A4A713,0x342BE484,0xB85E8CC1,0x887DA73D,0x664C8309,0x859ED4EC,0xC2D4EB6A,0x777F1AEE,0xE7DA989D,
  0xE7CC9609,0xF2F7C096,0x7BB8DB2C,0xA48E66F7,0x3CE4EA3E,0x94AD4D0B,0xAD65DA5E,0xB0878CEF,0x11259773,0x0CD1CF56,0xE3D257E5,0xB4994D03,0x10172BF4,0x1DE256B1,0x0124B213,0x52716919,
  0x3DC0582D,0x9C744D25,0xDF20B34F,0x6BB9FE4C,0x19FC975D,0x8D51DA56,0x72536785,0x7361DB02,0x5B8CDB24,0x39C89755,0x6FA73FA0,0x42704C79,0x6BAFF0D8,0x08CF0EBA,0x09EBBCA9,0x2DD773D9,
  0x6A9D4C5F,0xD6DD0172,0xDF36BDDB,0x5EA0A64F,0x566FA8F5,0x4AA94C57,0x2CE5CF5E,0xEA2FE5D8,0xDE120FC8,0x46788301,0x894F1BBA,0x250E73F7,0x310799EF,0x0DE373D1,0xE3C45971,0x1DF45825,
  0xFA38CE2C,0xEF159627,0x474A3F86,0x466E8D95,0xD2C3C09E,0x625242E5,0xDA1AC0B0,0x5F84145C,0xEE272AA0,0x9958304E,0x4342F0FE,0xF6FF0FEE,0x994E3EDA,0xF7DBBDFD,0x8C756845,0xB48F4397,
  0xA1A21B9C,0x242AC1E4,0x113399E7,0x8D47D4C2,0x7E94A647,0x81801500,0xD6CB0FE6,0xA85FA9A1,0x4EA1832F,0x986A8CC9,0x29DFBCA1,0x475C3112,0xD3E7728D,0x00160E94,0xB97A3ED2,0x08D9002E,
  0x6E838DB3,0x62444C71,0xA4986863,0x30232BFC,0xA5AAD4E4,0x35195803,0x5679A661,0xBC404D2D,0xB1A33EFC,0x38FA2BD2,0x5355DB0A,0xE6FE2A8E,0xE6E8241A,0xDB3E72A3,0x053A73FF,0x1CD0EA36,
  0xF3C57C11,0x38EC2546,0xDA0CCE24,0x2106BC8F,0xC3F05979,0x00000000,0xC7EE9895,0xEB0B57CB,0xCE05243C,0x5343D59E,0x6E958327,0xEA39EB4C,0x20340008,0x28FB0EB2,0x665A8D9D,0xCB3F57C3,
  0x2110B21B,0x7FB01454,0x6360FE62,0x2DC17D4D,0xA1B41508,0x91973EF4,0xA090A71B,0x94BB439F,0xA849A735,0x3111977B,0x5F921AC8,0xB5BDFF10,0x141FE48C,0xCF3798BB,0x0CC7C1C2,0x677E3F8E,
  0x4EB78DBB,0xAC41684D,0xA97B1BB2,0xB96C3046,0x10012560,0xDE04015C,0x81961B94,0xC7F89601,0x6768311A,0xCA1BE5D0,0x7A8A67AB,0x9589FF18,0xAD73D4CA,0x7FA61AC0,0x30352568,0x0408CF78,
  0x243CCF70,0x1409EA18,0xE2E0EB62,0x7E82A8D3,0xD2D5CE0A,0x152D580B,0xEF0398B3,0x4B9BF0D0,0x39DE99C1,0x8588DA78,0x041EC1EC,0x4B8DFE44,0x7A9C693F,0x2CF3C1CA,0xFE260FC0,0xFA2EC0B8,
  0x2D6403BA,0x42CF3F06,0x3CED3272,0xA8B45CFB,0x1C0BF510,0x3AF0F09C,0xE2DC894C,0x26FB058C,0xCDB81E37,0xFED77C5C,0x43F74740,0x7907B7DC,0xE3E4F10A,0x041D562F,0x5AD99C39,0x1B2E4FB8,
  0x05252E69,0xD3B37FE6,0xFCD7E89D,0x336F626B,0x7F1A7532,0xD5AEBD08,0x7E220D74,0xDE31BB3E,0x650C42CC,0xF470022C,0xE6C1DF63,0xE7F9A725,0xDA2CED11,0x7B07231D,0xF8CABEB2,0x3FD5DEF5,
  0x364A4C02,0x8E4F5977,0x60296CA5,0x1F331997,0xF06D5403,0x85D05F41,0x0F825019,0x8F772131,0x6BB66A93,0x5BE1E47F,0x9AE346D6,0xD9140196,0x8D77B5F0,0x1E0B61D1,0x98E3D217,0x527E7688,
  0xC03ADAEF,0x9761820E,0x8B6A771E,0xE5F933E4,0x611114E3,0xAF91E653,0xA60E74A4,0x4C751759,0x2A41B912,0xE1E465CB,0x4E758398,0x86E8B3C6,0xC6271801,0x20E6C762,0x7D1AE1F3,0x14AC1FA1,
  0x5EC4CA16,0x4B50ADF1,0x30578EEC,0x23DE2BE5,0x783FCF9A,0xB8051575,0x83CD9DAF,0x4F4DFBDE,0xDB149557,0x0AA77E70,0xE0DC1D8D,0xDD0957B9,0x7685E7C5,0x5FFCB250,0x2B79C154,0x3DD54A34,
  0x7C2299B5,0x49503930,0x39C81C1B,0x6634AE4B,0x020094C1,0xD1B3EB27,0x6E9344FA,0x16AC8B60,0x58D908F8,0x2C5C7BFC,0x94596E89,0xB19A8782,0xBF20AFDD,0xC9A54818,0xDF09C378,0x507EE249,
  0x1D338D56,0xF5487A6A,0xBC18435A,0x51469A0F,0xA7360CE2,0x22E653A3,0x00000000,0x0EBA285F,0xAAB4C83A,0x69B6FE52,0xAEA99E15,0xCC806671,0xB787456C,0xD08B9361,0xA98C24BD,0x10B1498E,
  0xD28B07A0,0xAB8CB07C,0x71A05D6D,0x47EA116F,0xD696518F,0xA5369823,0xF748EEAB,0xF26DC0C2,0xCBA5DCD9,0x3BC888DA,0x08A7EAB1,0x46D26929,0x87D0CB80,0xCFB88AF6,0xC102A2A9,0x63118022,
  0x904438A6,0x3EEDA6B3,0xB6BF3D2A,0x917C40E0,0x27C37DCA,0x2F64977B,0x25C3E90B,0x5463B466,0xA213228B,0x6C93D03B,0x7298B1EA,0xF67096ED,0x74857304,0x9BDB3E90,0x0338EC87,0xED5ED955,
  0x555BCC20,0xC3023668,0x01387846,0xB2A26B05,0xC4278CC0,0x192EDB79,0xEF5E4D94,0x29795595,0xA12BCE0C,0xBD203B1C,0xD82C79D0,0x937CD421,0x061DC2EE,0xFDEF90DB,0xAD917292,0x41F7D381,
  0xC23A4E2E,0x344AD8C3,0x81CD096E,0xACA90AD4,0x9EFE10F9,0x7A3F5B5B,0x9659FA48,0xE87BF73C,0x37723444,0x6DABA87D,0x099F92F7,0x0B9F0636,0x40CFABC7,0xF1552C45,0x6A8E12D5,0xC71F6047,
  0x4D4D6F1F,0x6229F864,0x9FC668BF,0x38F0645D,0x1389A509,0xEA7B63FD,0x24FB914D,0x2E5CEF3D,0x82F5E5E9,0x9244AC67,0x0D82C4D8,0xBA0581B4,0xC51FF486,0xA40EE065,0x7098252B,0x0CBABC9E,
  0x896AE3DF,0x0725BAA8,0x5CC45ED7,0x688E8614,0xB0A2FFC4,0x670CD60D,0x8C4FCDB6,0xCA9DA49F,0x9CFE8438,0x44D2FDE8,0x956116CF,0x1816A33F,0xA32B5ACD,0x575B58E1,0xD7AE29C9,0x159467E7,
  0x48684176,0xD496C54E,0x6FAB3CBC,0x9DC6FC7E,0xE4C14BA2,0xE9438F7A,0x77BD9F83,0xFBF25235,0xEC66A113,0x64343A8A,0xEB431BBB,0x1794F326,0x88529B99,0xEE6635D2,0xB93D6D33,0x12B1DD4F,
  0x75BD0B42,0xFFEF041A,0xDC312FFF,0x3572A085,0x45EA85AE,0xF355B884,0xA013B64A,0x5DFC2691,0x99DBAA51,0xF9F2C6F4,0x118931C8,0xB4BFA9EB,0xBE18D79B,0xFACA2A73,0xBB3DF9F2,0x4A68D5B7,
  0x316FF6AA,0x84E82707,0x80F57128,0x1A1637FE,0xB587D1AD,0xB39A1343,0x21DEBF24,0x28412DD3,0x8A520F58,0x566320A7,0x53460ECE,0x73A0C9AC,0x32571A2D,0xC89D305E,0x59E170BE,0xCE80F2B0,
  0x968AF8EB,0xD2ACDB0F,0x271AE8BC,0xE0E53A13,0x08D0C325,0xC0E9DDE4,0xFDAB2D3F,0x14D89A2D,0x97016B66,0x4DB0AEE5,0xB1901057,0xA25E8531,0x64E719BA,0x2957B75F,0x0E4D5FE3,0x28DC24D2,
  0xEF23F67D,0x6C37DA9F,0xC8F4C368,0xC7FFD2AF,0x018B938D,0x78229D1B,0x155309A0,0x45606DC0,0x355FEE57,0xE835F936,0xB01B83DA,0x83142CE2,0xB15DCDFE,0xC8391EC1,0xF43DA03E,0x0650416F,
  0xE7F33558,0xD3EA952B,0x2E41B814,0xE028E7BA,0x3C04BEFF,0xEFEE2BD4,0x4A6B7C07,0xB64BC2B5,0x76A21F51,0x642AC413,0x42BBBF22,0xFABD2274,0x00CDDDA9,0xF3E672DC,0x6AAA4659,0xBF10921D,
  0xDCE184EC,0x84CFFE00,0x70F25E3E,0x63F116F1,0xAD5594F6,0x5EB3E62A,0x65A1579E,0xF32BAF75,0x1288DB42,0xA3D516BC,0x7EBF01DD,0x1C085908,0x994C3485,0x77E45175,0xE678A6D5,0x3A54FF90,
  0xC1AF93C0,0x07160F4B,0x1BD38BEA,0xA2935898,0x069D9CC6,0x8B09326E,0xD26106A6,0x359233FE,0x130348CF,0x3419A073,0x0E80824A,0x27D73515,0x2811F97B,0x5663250F,0x3249E11C,0x7964D33F,
  0x2FCA2B99,0xD43147C9,0xBE9B0190,0x6A679BF0,0x159ED409,0xB98D0EDB,0x8C1F3D25,0x582E7AEC,0xC9B28D4C,0x6B21D5D4,0x1CC584A1,0x8BC4EFC7,0x9F1C75EA,0xDDA7CAC8,0x633CCB58,0x5F3875A7,
  0x1D4E172C,0x840223A9,0x1A581867,0x5FF5A80E,0x50FEB9C9,0x7F349250,0x2187747A,0x43FDF106,0xE9BE6ABB,0x32843CB5,0x71B4101A,0xE16EA99E,0x07DBD2E2,0x081D1E8C,0x299A6AF6,0x442623E4,
  0xA4C319F7,0x766FC2F8,0xA318CB15,0x8D94AEA8,0x50336460,0x330FAF38,0x124506EB,0x83D9F14B,0x62B758D5,0x3B12B1B4,0x8CD2E08C,0xAB05D599,0xAA8E4614,0xDBF78BA7,0x703F8397,0xCE695FAE,
  0xB70D8C91,0xBE56DC39,0x3BDF6C1D,0x214AA9D3,0xF57BEE1A,0x90DAB984,0xDAB1C583,0x14154784,0x43302CAF,0x96472542,0x34D47DDA,0x78EF40B2,0xA40EC45E,0xCF2F118A,0x59A5E961,0x33C27291,
  0x97CCB6CF,0x1A95C5CE,0xC1624E69,0x3D8F2D72,0x4B2D3223,0xFB36B1F9,0x5E7E3B83,0xDA7C182A,0xCEA48207,0xD57709ED,0x9E5A3BCE,0xA58557D3,0x45ADB069,0xF2A03CF8,0xC6B99C8B,0x58E3A745,
  0xDC2C5945,0xB6861F1C,0xE973B712,0x56AEF8A6,0x13CE9566,0x3CC96356,0x3A992239,0xD4FC9A60,0x77298CDC,0xB7C05138,0x656C8A37,0xB8CB40FF,0xAA439BBD,0xFD66F096,0x0F0B11C7,0xFBFB6C50,
  0x6BEC087D,0x627A857C,0xCFE2CC23,0x00000000,0xE8F8249F,0x4BE0EF8A,0x01464E24,0x1D83CA85,0x829FBF6F,0x6DBC4912,0x0FC6CC6E,0xAD98495F,0x20C13A5E,0x265CA698,0xFCED631B,0xAC13DAD2,
  0x3D42F0DB,0x1B1E5643,0x4D7D734C,0x2E8C65BD,0x095B50A8,0xBFDD4FB4,0x51B8F7ED,0x26917B31,0x91512A09,0xC7320F06,0x200CE7F7,0xACDE077B,0xDD6A1761,0x51752A44,0x596834C8,0x6CFA0736,
  0x9FD1A843,0x7E72DC74,0xE1A37437,0xE6B57B7C,0x85446D8D,0x919CF7A0,0x980A7AA1,0xABC80830,0x8A4F7C4A,0xD3274882,0x7FF94FF9,0x7179CDB3,0x98C7A708,0xC97F50E5,0x2F07F630,0xB0D65E73,
  0x9981E92C,0xDB3A560E,0x4AA6A1AE,0x57E8B682,0xB8069D56,0x8D597301,0xE73EE8F1,0xC6744122,0xD5BAD444,0xB940D372,0x8589B024,0xA5488A7A,0x6D7194BB,0x9017642D,0x825262C6,0xF4F07D97,
  0x09968D01,0x57256B2B,0x4C3B3D68,0xFA70FFDD,0x79A90E96,0xEE65B859,0xF5B633B3,0xEEA865F0,0xC024004D,0xF26DE151,0x8A82A1E3,0x4276628B,0x44EBFE4D,0x9E97E667,0x4CF6E0C1,0xFC20BEB2,
  0xFA150533,0x13CCAE39,0x23A646C2,0xB0C19495,0xC9BA6C81,0x24BF3806,0x5D4DE2ED,0xB30415DC,0x6C1793CE,0x87B202AA,0x12FC37E1,0x1799734B,0xDF138612,0x4CFD76BA,0x9192CAC6,0x056544AA,
  0xA041991A,0xFE40D841,0x4AD491A6,0x4F38F7F3,0xDB465B60,0xA758E7DE,0xEE49F731,0x97320F25,0x82D74600,0x9367D257,0xDE231FCA,0x6EE28B5F,0xB1F10D4D,0x6E6BA9A0,0x7DA70799,0xDC5F25A4,
  0x6AB7562D,0x10092F70,0x90A2531E,0x21DA7CAC,0x5ADDBED6,0xA6E15CF9,0x2063C78B,0xB1782FB2,0xDA76C2B8,0x02F51891,0xA5ADFF4F,0xDAFFE047,0x4B6D2A81,0x6F5B3078,0x11B09457,0x171051B4,
  0x6DAE28E9,0xECBCEFA0,0x797BF814,0x7F521F08,0x6B0EED0A,0x013099D8,0x86829B72,0xCAF6CF37,0x33264B4D,0x14D5D0FD,0x31D353DC,0x145CF202,0x5CF459CA,0x24361AF9,0x343F3589,0x350FAC51,
  0x027C3A6E,0x06A0C5E3,0xDD6FBC7C,0x860BB98D,0xA3841853,0x5E8863A4,0xFB259CEB,0x5BED270E,0x847783E3,0xDBCF799F,0x0455DD72,0xEA9508BC,0x4BE4087E,0x7C979E41,0xB52DF2C0,0xFFF96366,
  0x92574B8F,0x93EEF0A8,0x034CA3B6,0x836EFD27,0x5A549C29,0x329FF06A,0x7C1EBCBE,0xEC35CD5F,0xCDEFB1F3,0x2296DF1A,0x27F39BB0,0x6A3E74D2,0xB49449E7,0x48218937,0x69FBF59B,0x7EEBA42F,
  0x784B61CC,0x0629E71C,0x33AF69B2,0xCB4F7410,0x491110EF,0x68CB6C43,0xDF9AA4ED,0x94F78E6C,0x34B61776,0xA524DDB0,0xCF1AA962,0x873B2055,0x7A375BA2,0x85471A3B,0xC88AF559,0xFEC9FABE,
  0x4DCDEF62,0x5F31D883,0xA6687E06,0x6FD21287,0x84FEA11C,0xA49D6697,0x4E814CD4,0xCBC656EF,0x79F2DAEB,0xA1F8223D,0x10800D8F,0xDCD6075B,0x221FFDE5,0xD9B343F1,0xEEC0D5CE,0xD80AF8D6,
  0x78C24333,0x36CA2D18,0x20EAE574,0xF9D0847A,0xA17100C2,0xCEA31245,0x6C9EB131,0xB6615176,0xDDE69E83,0xFBACBE14,0xFC3CE22F,0x315A7123,0xD883DA29,0xE8E932D2,0x5E01415B,0xA4144468,
  0xC803D7A6,0xCC560AD4,0x960296FD,0x59183F9F,0x5B6405F1,0xFD855908,0x30E3CA04,0x04DCFF8D,0x1275151E,0x968BB402,0xE95089F5,0x5DC4C012,0xA23DA374,0x00000000,0xE860102D,0x5FB8FA7C,
  0x902B71E1,0x49983210,0x4A5DB359,0x819BE5B6,0xB751C8AE,0x37FAB4C0,0xF8693F5D,0x3216D295,0x911BE839,0x21535E53,0x7FDB3DF7,0xFD0C7BF7,0xCF938B9D,0xA7D1C521,0x95C717B4,0x01B9BB27,
  0x36430FE7,0x825E64FF,0x3773963F,0xA2B4818B,0xB41D6B18,0x7B8EE085,0xB048B66A,0xCA7FEDC8,0x4D44CD9D,0xB2BDAEFB,0x7E6286D0,0x156C6BDA,0xEB2CB39B,0x232F643D,0x03C58149,0x68424EBC,
  0x13458CC6,0x4E086E2B,0x277AB94F,0xDEAA3D35,0xCE2A30BA,0x5828A647,0xE9D9AB0A,0xFF704199,0xB2348C04,0x15E54925,0xED055487,0x6B87CFF5,0x4FB1D50C,0xFA9C27CC,0x6972D764,0xA0C8BBE5,
  0xA30D3AAC,0xEBA59164,0x25068321,0x97BB2DDA,0xB6E87389,0xEA1C2A43,0xF959A685,0x8112C749,0x5C7D7B35,0x05EC6655,0x258FA1DE,0x264A2097,0x80AB7C6E,0x07197EC4,0xB7D8EA51,0xD93A610E,
  0xB38D3723,0x16A9EA93,0x4C745445,0x35868EAE,0xB5A4D03F,0xEFF04C16,0xCCDF282B,0x07905C3B,0x1620C86C,0x7ABE795D,0x947EAC93,0x306AE8FB,0x92DE6970,0xFCB5C0D0,0x008922FF,0x59911D60,
  0xCD66930C,0x48A8ABC8,0x7B07C27A,0x6D270A16,0xC9334E7E,0x80225E91,0x954E354B,0x26C30268,0x58A184B8,0x1139B6A8,0xED8C7678,0xEF796EE9,0x7D2E2566,0x83E7DFD8,0x85CE38C4,0xF8E01DA2,
  0x73BA1071,0xA57AAFC7,0x6D77D54C,0x8D8EEC3D,0xF8C7DF04,0x3650B6D2,0xDD33065C,0xBFA8CB96,0x431985EB,0xC17B7150,0x69014435,0x17D2FEF3,0x3B391C65,0xD92CA730,0xF742F797,0x77A5B11D,
  0x322627AB,0x7520032C,0x9A3522DB,0x975C886C,0x28F443FA,0x363986C7,0x8F626E19,0x47062487,0xEB63B08E,0xCA88C8BA,0xC564D03C,0xC397F374,0x476F1492,0xD4450D87,0x8B7DCF75,0xBD2D79A7,
  0xED9093C6,0x8DE7DC28,0x7AA52BBF,0xF5C745A6,0x2A18C1DE,0x93432900,0x95B00A48,0x6468EE82,0xBBDE5AEF,0x6B84F604,0xE6632A2C,0x564EC929,0xCEFE59C3,0xBBB76AFA,0xB4324269,0x1AD26451,
  0x7C5608F7,0x820BC4AE,0x236ECA05,0xC80D7A8B,0xE48FA808,0xE0F93971,0x02EC8224,0x289D73EF,0x1C214719,0x6D1EE559,0x601E7FFB,0xF72BC782,0x6BEDC611,0xB2C16121,0x39BCAE54,0x9E43B3A2,
  0xFCD87E68,0x1121DDBB,0x0F852893,0x5627F93C,0x80E7468A,0x69687420,0x41F507CF,0x2A71F1CB,0x62F2FDDF,0x30CAA58F,0x0D009AA2,0xE215BB55,0xC1124145,0x6F9B5768,0x932A1915,0xEF1521F7,
  0xC3FEC361,0xE0900964,0xD2DF1EDA,0x4A6F8E30,0x00693015,0xE98F32AA,0xD9459725,0x0285B231,0x7849A99B,0x34BC34F6,0x98D9A0FF,0x59A2D1AF,0x13CD5F9F,0xDBC02514,0xFCB14E7D,0x66ED5CB3,
  0x09760BDB,0x27716B69,0x21EB7834,0x808E769F,0x5DBD70C3,0x30A3959A,0xD6C0BFB6,0xA1650EAB,0x6FF2677D,0xFA2B5D20,0x59CBE1BA,0x9E2A83B7,0x06F32348,0x4370B5FE,0x71569255,0x54CB7B18,
  0x861465C2,0xC7E1620D,0x867D55D7,0x1857D660,0x45EAA6A3,0xB2A85134,0x48830C14,0x3DA30F38,0x041FA16C,0x15574CC2,0xF1D8E4CA,0xFA426D35,0x27185B7C,0x1EA4F528,0x259DE94D,0xBD4449B2,
  0xF1B1D4DF,0x52385850,0xDD5A3649,0xA3E0BC9A,0xB6DEC04D,0x04769179,0xAAFF8754,0xA10C3EBE,0xFE34FC4C,0x5B4E538B,0x9A5C12CE,0xA87A3565,0x3F4F8D1C,0x54A24B0D,0xA7962DE3,0xB044D310,
  0x7ACC1BAA,0xEB0A809B,0xEF7C11E2,0xFE5DCC59,0xE27C8B40,0x5DD440D6,0x9CAF3186,0x7ED3BAC6,0xD6A98FA3,0x4A06BE25,0x2307FA10,0xD2B62ECF,0xAC0CA41C,0x9735B879,0x069A135D,0xF8AEEF11,
  0x8F0B5E0C,0x3B502C70,0x458396B6,0xB932D8CB,0x50BDEA61,0xC50DE029,0xA8130570,0xAEE02638,0x50D4DA74,0x21824821,0x89914D51,0x2C82D283,0xB6B7F058,0xD0339CFE,0x95D93A5D,0xCE9769D6,
  0xAA96B741,0x0B9A89FF,0x98B090EA,0x52516845,0x3DCA3F2D,0x1ABB5444,0x8491D7F3,0x9CC60193,0x6401DE97,0x2E0760B2,0x324F17BE,0x17BBCEE6,0x5F51F2E7,0x5F38C2F2,0x0FEC1886,0x4CF59D6D,
  0x7C3F38E2,0x48EA3C01,0xF35D56FB,0x75493339,0xC7885218,0xB45B727C,0xAC659409,0x713FA240,0xA7FF1DF6,0x91C69B31,0x5B27639E,0xE60A1A39,0x2E6E50A7,0x13A46F8A,0xD42C3D92,0x183EE675,
  0x419C37DA,0x25F4D958,0x8262F4BB,0x91AFAB24,0x84F8E7E6,0xF33466EE,0xCAE1F8AF,0x73D32064,0x629BCDCA,0x2CEBE296,0xB95BE8DE,0x153E7CD7,0x4E702F5C,0x89F87D44,0x34D504E3,0xCC12DBE7,
  0x4C9CAD78,0x1ECDC53D,0xAE89162D,0x7820998E,0xEDF9A3D3,0x4E191F49,0x1148EDAE,0x7EBA8AD3,0xE9E602BF,0xC8644A9E,0x39D59E41,0xA5139FD2,0xDFDF8478,0x1C48770C,0xA3898C8F,0xF5AE75B3,
  0x8B14FF60,0xCC7BEBF2,0x3F26BD09,0xDBA91501,0xBFC1FB83,0x00000000,0xE4E6981D,0x60774FEE,0x77CC8108,0x0D69AAB7,0x66846CA6,0x0BF3B9EA,0xB02DE305,0xDFB6B46D,0x091F3BCE,0xD05AACEB,
  0xE701DA05,0x3C635FD9,0x6DBC8836,0x8F8E10B2,0x94940136,0x5FE7CA6F,0x81D76B7B,0xACF07D41,0xD13CDDBB,0xA2C860C1,0xD008BC94,0xA2A90688,0xA89638A6,0xB2B8480D,0x00616649,0x6783B618,
  0x45C9BAC4,0x90932298,0x7395DB33,0x00000000,0xF81CE82F,0x8EDB17D4,0x9EAB3F18,0x0A5E5867,0x287532F2,0x9BF91BD0,0x0B6A3948,0xE306F9AB,0xC019F211,0x15220C04,0x27182814,0x76A699B2,
  0xA9C33FC0,0x7792F89D,0x1F7C5463,0x55B99208,0xF242B048,0x294153DD,0x323A2410,0xDF04C03B,0xC52AB090,0xFC7AADC8,0x1F1D322A,0xDA56E4F3,0x365C61F7,0x789E8432,0x8FEF76FB,0x5F86AC26,
  0x69DACDD1,0x4AC5C66B,0xE654DD63,0xC14CF577,0x85D048D5,0x6C88E919,0xC47FB7F6,0x39317B11,0xED3EE42B,0x39501D58,0xBC80558D,0xA3FC01EE,0x10114E85,0xB9D27145,0xADC41C6E,0x114449E3,
  0xF7109480,0xA79A4409,0x107028CC,0x11252FAA,0xA9A25989,0x231F0BBA,0xF376D167,0xA6CF436F,0x325B4259,0x37096691,0x68EEACFE,0xA8F75EEF,0x90F244D1,0x224A0CDC,0x237E6DF3,0x67E2D051,
  0xD55A985C,0x1A2E70AB,0xC54BD6D9,0xF223D601,0x44FDDBEB,0x2D27163A,0xF949EF49,0x262C493B,0x78FFE27B,0xB2D92E44,0x688FCAB7,0x5B818F88,0x8EBA719D,0xB78B0A8C,0xCE4089D8,0x2C137715,
  0xCA47AA76,0xDF65A672,0x5BE0E9C1,0x5ED3AB40,0xDE51C75D,0xE2329884,0xCF158EBE,0x1E295305,0xBCE133C4,0x38647C77,0xCB12AD10,0x7DADC6B3,0x79AAE51D,0xC41ED1BF,0x84E429FA,0x055224C8,
  0x29203594,0x0F6D1AE6,0x264D2F72,0x66D6B17E,0x63E5F3FF,0xB7EA6CC5,0x62B0F499,0x3D3658BF,0x638495B6,0xE760BC4C,0x9ACD7AFF,0x0F0C7CAF,0x69BBAB98,0xA6AE2526,0xCB73CB59,0xE253FECD,
  0xF87D8E66,0xEC6BE34D,0x55D8F441,0xB3ED4F6B,0x54EC956E,0xB8877623,0x1B7B77CD,0x376800D8,0x449CBDA2,0x4EA3838C,0x508AD089,0xF9288900,0x0B0B5F01,0x27794E5D,0xDB6285DC,0xE939C785,
  0xEC0A8504,0xF64593E6,0x9AAC1CB6,0x05334281,0xE80DA6AA,0xCF74E8F7,0xDB03E395,0x2C72115C,0x0A3F3E2E,0x7DCCA0FA,0x046645E7,0x9FFE387E,0xFC1BCB81,0xDA3782BA,0x6DDDEE7F,0x8ADC347A,
  0xF771F2C9,0x72C0DC55,0x8B89331C,0xB8E6106A,0x4BF1A744,0x73F4BD7A,0xB9B3170C,0xD40F9F3A,0x62D192D0,0x50EBB6C0,0x7CF8C1D5,0xE86CC0E3,0x45A8DC8D,0x15436A4D,0x9ECA5951,0x80E30A54,
  0xB38C2922,0x0E597BC9,0x330E453F,0x336F2376,0x95A06019,0xD15DBBF2,0x41AFFF23,0x1B1A1184,0x8ABD5233,0xF317B72E,0xE958A1CC,0xBDD552EB,0x77F39ED4,0x38051A3E,0x6CE98F50,0xDE30A114,
  0x01550766,0xFD4ECCE7,0x41CE996A,0x51DFD7EF,0x51BEB1A6,0x91C625FE,0x5EB2CD09,0xCE21EF91,0x66B7D737,0xC12D933E,0x040723AE,0x2D467073,0x4B90C10D,0x40FAF845,0x1E48354C,0x85B12E9C,
  0x3D573EF6,0x4F97E2A3,0x76C7FFFB,0x281454BB,0x5AB5EEA7,0x548DF327,0x0134612F,0xB6DE0DEA,0x9B987D99,0x14770B62,0xB6BF6BA3,0x363D07BE,0xA39D67A7,0xAC911B08,0x91A743B7,0xE635BB2A,
  0xED5F8262,0x409B9E0C,0xD46EF973,0xE3679FE2,0xD53BFE15,0xFD2FAAAE,0x79CB8354,0x81B60D32,0x9F9F5E37,0x14166D2B,0x95C10650,0x80826C1D,0x8BE85555,0x84854FB3,0xCA26CC3F,0x4FF684EA,
  0xC0789458,0xA7FB2240,0x7C99A79C,0xD069DADD,0x4AA4A022,0x3C023990,0xBDB434A2,0x1A4F16E2,0xADA57A27,0x4EC2E5C5,0x94F5677F,0xF624F5AF,0x222B6A95,0x72A1BA1C,0x0E381D80,0x5AD488EE,
  0x81A328CE,0x2B8D4CC3,0x93D56426,0x700F801E,0x23ACF5AD,0x53A375B3,0xEE57BFE7,0x99C1B096,0xCAC18FB3,0xE1EF89E6,0x9BF4DD48,0x0AB79E26,0x0F1B7C97,0x4BC1EDEB,0x2E82E4E4,0x8EB85459,
  0xD2A317EB,0x9143436E,0x9E583FF9,0x18629858,0x4957CAA3,0xBA6D453B,0xE379AEAE,0x3BCE6DF5,0xE6D54C1F,0x96798697,0x0D2E1149,0x417673CD,0x782E3970,0x26A35D8A,0x5196186D,0x6F57DDBF,
  0x6A587598,0xD8B7C35B,0xA81B09D3,0x3B6D2763,0x2C14C3AC,0xE4436B57,0x560F9702,0x5914EB95,0xF98D11BE,0x6FF49729,0xF4004A61,0x5CB80924,0x02356DDE,0x59B7A103,0x94EFA1DF,0xB7E01EE4,
  0x29B8211D,0x91E009F8,0x31DAB945,0x2600171C,0xAF21CC2A,0x81006258,0x8C2E7311,0x1FFB1737,0xF92E5B28,0x10432136,0xCFCE2794,0xA20FDD63,0xAA8D2E9B,0x43431E13,0xC2437C4B,0x05ACE2B1,
  0xBACE0FAD,0xA7007544,0x2CB7893A,0x12D5067E,0x34765BF4,0x6279CCF6,0xFB1B36F6,0x07998F6F,0x677664D1,0x3E628F44,0x604CA128,0x34D51162,0x24357AC2,0x39584ABD,0x464CB634,0x60EFEBBE,
  0x4C586284,0xEB5817C0,0xD03530A3,0x93762EB0,0xDA82AE85,0xCF6D6D02,0xDF8D06A2,0xBF62ED1C,0x9C6D5227,0x4B62A77D,0x2B2E0655,0xBDF4CA54,0x3CF4A80C,0x8BB7FC7E,0xCD5800DC,0x70ACCA88,
  0xD81489CD,0xD53A9884,0xAF8286BC,0xFC21F30F,0xEC62D239,0x3C57E29A,0x56ACDD94,0xB0DADB1D,0xE4E021C1,0x10E06BA0,0xF63527BF,0xB079918B,0x0821B96E,0x7D82DBC1,0x17DAAE59,0xC0761195,
  0x68CE52D0,0x3179F3D3,0xF33A8F98,0xB24CFC55,0x7FB7B61F,0x5E2E2E6C,0x44DA917C,0xF6966D29,0xA03AB0BD,0xC2E036DD,0xE14CC370,0x1779E4CF,0xF1ACA8D0,0x7AB81E38,0xDA21E413,0xE6760689,
  0xCA62C525,0xD2005D7D,0xF4A300F7,0x3EC1C5D2,0x36E07CBC,0xB5D5733A,0x073AC5F9,0xC857A8FB,0xC5DAF324,0x230FBF3B,0x1AF4BF10,0x686D1846,0x49F48035,0xBD5780C2,0xECC198AF,0x41D5395B,
  0x67D52E47,0xB2EFB6C3,0x65E04399,0x0882F3F8,0xAD14A1F4,0xB7435472,0x24963054,0xA099FA2B,0x543AFADC,0xADB7EB62,0x12764CE8,0x7D219157,0x7299A756,0xC8F4E26D,0x5499B04A,0x773545E7,
  0x46EFFCA2,0x18C1D2CE,0xFEB7D447,0x4E6D0F5A,0xDF2E4C34,0xD7ACBFCC,0xFC82B999,0x0D8D5BDF,0xC0D55B03,0x7A1B54AE,0x6543090F,0x1D6D307F,0x9CCE18B1,0x21999873,0x9962FA00,0xD599D212,
  0xA596520C,0x944CEB49,0xCDFB4A4A,0x6DC1FAF7,0x291B6B8B,0x5C1B43B2,0x62DA8660,0x02962748,0xDD1B21EA,0x53003F25,0x8B14B6E8,0x43E05485,0x1F585DA1,0xFE149ED1,0x33EFD49B,0x334C9E0D,
  0x4479DBEA,0xBFC1A78A,0xF10FE246,0xF399C50E,0x6AFB3F0E,0x4CFB2812,0x5E8D64FA,0x39FB002B,0x0FB83601,0x8921DB36,0x83964510,0x513552FB,0x863AA7A1,0x898291A0,0xB85828E5,0xC74CD46C,
  0x8699ED37,0x75002839,0x7F14FC89,0x5B82CCDD,0x96DACC01,0x154C8911,0x050FA827,0xE96D7A1E,0x9B5797DE,0xDDB86B7C,0x5B21864B,0x0A14D4B0,0xA8B84345,0x83350F86,0x723AEDC0,0x788D73E6,
  0xA2AC97F5,0x00000000,0xD0967A35,0x2E21AE72,0x213AD2E5,0xEBFB5D56,0xEEF4F571,0x84AC80E9,0xC7EF9EFA,0x8C8D3987,0xC579B9B2,0xE9CE3088,0xFBB87C60,0x77960F71,0x8E1B1ECF,0x6D62B061,
  0x15EFC387,0xB57639AC,0x75A362AF,0x840FCA7F,0xA7A33FD2,0xAA2E640D,0xD70FF55A,0x9EFB756F,0x3643362A,0xB8FB6273,0x1A57F586,0xA535189A,0x1DCE7AE9,0xE3DAE438,0x4ECE45CC,0x00A34A96,
  0x173BB5AF,0xF8F0E005,0xAA959431,0x09F44CD8,0xC16246F7,0xBA8109AC,0x83708687,0x2ECA3A84,0x0710EC33,0x6CD8FAF4,0xD8DE7A6A,0xE8E47D98,0x27629B84,0x75382BB1,0xF648AD36,0x09A8A100,
  0x4B85A571,0xFFBCE1EE,0x6CE73EF5,0x2701B25D,0x5BAEFCED,0xC611831D,0xDFADBF80,0xDF927B81,0x37760619,0xB329A8AC,0x170471AE,0x19DF1544,0xB3166CAD,0xF104ACDD,0x72170383,0x09CB88D9,
  0x5B9138EC,0xBDAE219E,0x005CEDD8,0xC62E471C,0x17675877,0x3066EA2A,0x2EF5FE85,0xD176DB6A,0xEFA87C73,0x7BBFA283,0x625F73C6,0x0EDB64EA,0x5C81D4DF,0xD6051E80,0xF61440EE,0x372AEBC1,
  0x7BE34F5B,0xA35E1CE8,0xE1103140,0xD88297B2,0xF8CF2404,0x5CBE10DE,0x8DC8CBB4,0x2E96D75C,0x2EA9135D,0xE8875441,0xBDF2CC46,0xAAAA5030,0x6260B7C7,0x7CAF4EB0,0x9DBF7FF0,0x9338F6C2,
  0xFF8325EF,0x843C876C,0xD12A36B2,0xD8E1BE6B,0x0E878932,0x8ABB0E5E,0xF13B68DC,0x0EE4A0EB,0x65705BF4,0x20115E6E,0x1ECFF977,0xE8B89040,0x9ACCBA1A,0xAD857802,0x424E2DA8,0x4BD948A9,
  0x4CAA8D43,0x623C5A1F,0xE8DBB999,0x0773C5EA,0x9474F729,0x39F18F2B,0x8AD82787,0x3749C218,0x4561059A,0xF62B84EF,0x10487045,0x273E765C,0xEFCB55AA,0x55759807,0x554A5C06,0x832C6B5F,
  0xBD91E59F,0xB439449F,0x9417DEF0,0x422D0471,0xEFF491AB,0x6B94FB1F,0x5516B1DE,0xC8CAE7F7,0x17589C76,0xD659F358,0x29863B6F,0x5CE2FD06,0xBADDE474,0x6C84172C,0xF893C9DC,0xC64D6EC5,
  0x1077B444,0x552975DF,0x1EACD0AE,0xD63ADA81,0xAAC979E9,0x072F2832,0x62039E1E,0x39AD62F3,0x4BBA6170,0xADD995DA,0x834F4286,0x455EC19B,0xB34A8175,0x84606AB4,0x8AE7E386,0x8DABE26D,
  0x7507EFB0,0x6BC816C7,0x6BF7D2C6,0x7CCC6769,0xF6776937,0xBDCD0847,0x654F9FF5,0x7CF3A368,0x09976501,0xC672AAC4,0x523999EC,0xE14CDC98,0x652CB62C,0xAAF6BDE8,0x755B0268,0x102B599C,
  0xDFF15258,0xE600DD73,0x7C908AB1,0x72742A5A,0xADE651DB,0x207277B7,0x202E9A6F,0xBABECDAD,0xF1584105,0x074C01EB,0x9AAF93C3,0x8403436D,0x93641B1A,0xC8A9CE2E,0xE65C30AB,0xFFDFC837,
  0x3E824AC1,0x9A9057C2,0x4C954942,0x4BE68CA8,0x453DE842,0xD115F2B3,0xF1678504,0x3EDEA719,0x9AF37E1B,0x4CF6609B,0x29B9FF6E,0x3EBD8EC0,0xE663F4AA,0x6BAB3F1E,0x1E9314AF,0xCFE5CFC5,
  0xF8AC0DDD,0x8A84CA5F,0x7228C782,0xCF86E61C,0xC8F523F6,0x003FC401,0xDFCE9659,0x8313AF5E,0x006329D9,0x1EF03D76,0x204DB3B6,0x4212C070,0x45022C43,0xB465A947,0xE12FF541,0x1983F89C,
  0xD6663759,0x94281AF1,0x9DDC5629,0x4CC9A49A,0x7564C669,0x944B3328,0x19E0D145,0x3992A6F2,0xCFB9221D,0xA42DD902,0x10149D9D,0x6CBBD32D,0x29DAD6B7,0xCFDA0BC4,0xC8960A2F,0xD8BD53B3,
  0x724BEE5B,0xADBABC03,0xA302F130,0x00000000,0x37152FC0,0x5BF21135,0x3005C3F3,0x8DF70FB5,0xEF97B872,0xFFE00C36,0x525AB035,0x0EB84D33,0xB3754574,0xA4121D03,0x6513722D,0xA47134DA,
  0x3EE16318,0x7BDC8B5A,0x29E512B6,0x19BC3C9D,0xBAE22075,0x303A07F2,0xC1016F2E,0x52065DED,0xB406809E,0x275D5F85,0xE1731899,0x9DE39228,0xD1491F6B,0x39CE4B2A,0x845FAEB5,0x5CDD3907,
  0x8D94266C,0x30592E2B,0xC15D82F6,0xA44EF0DB,0xC13EAB2F,0x4271E9A9,0xA33D3531,0x5BCDD534,0x930732C3,0x935BDF1B,0x52657434,0x7B806682,0xA361D8E9,0x9D80BBF1,0xE63F1972,0xB45A6D46,
  0x95C44642,0xEF3F5530,0x96E5ABCB,0xB5656CD3,0x7AFB1372,0xA50E87BB,0x11CE9D3D,0x6D658A85,0xA78A1C67,0xA988FA9F,0x3BB9CE42,0xC19C9959,0xD800E656,0xF3D2C37C,0x0AD679EE,0x2C2757B5,
  0x1E690D90,0xB9E311F7,0x0E02E6F8,0xEC1EB8B9,0x604681F4,0x57793292,0x6CC0FCD0,0x730C8715,0x6E44670C,0x6616853E,0x6FE11159,0x9110D954,0xA07F6EF8,0x2BD2252A,0x324E5A25,0xC3180285,
  0x653768B7,0x99423B66,0xAB0C6143,0x179E99F7,0xE76DB702,0xE21C5E41,0xB84667A2,0xC039EF0C,0x702D6A9C,0x71881CC9,0x44333473,0xB0148590,0x01A57655,0xD60200AE,0x94613017,0x2225B14D,
  0xEA4EBC73,0x341E5EEF,0x98E74D33,0x9F123FAC,0xE8CA27AF,0x3C4CBCDD,0x787F88AE,0x55FDA94E,0xFC7553D1,0x8BAD4BD2,0x80DE4469,0x134A06E1,0x21045CC4,0x426330B9,0xD4869B72,0x163BEFA2,
  0xF7065C6A,0xAE7D8800,0xB1B1F3C5,0xE96F51FA,0xC9CE7B6B,0xAFD8FE55,0x83FFA9E0,0xB2901E4C,0x30CAC1F9,0xB4C01A86,0x0571E943,0xD9A59003,0xF6A32A3F,0x151A022B,0x8C58394D,0xEE9A2365,
  0xC2BD74D0,0x07F5729F,0x7D0E61ED,0x825ADFB5,0x5A5A39E3,0xBD378EE1,0xCD1AE47D,0x09F79467,0x4A31D28B,0x0D230B71,0x7CAB17B8,0xDA847D8A,0xF277B529,0xF15658A0,0x393D559E,0x508C400D,
  0xE44C5A8B,0x2956BEF6,0xEBEBCA26,0x4EE54D9D,0x1D48E019,0xF8A1CCC7,0x3DE9CA88,0x868E40A3,0x872B36F6,0xEDBBCEEC,0x77D81803,0x5F2BD0A0,0xDFF594C9,0x1FCC7BC5,0x69B11593,0x199C7F0F,
  0x12EF70B4,0x369AC533,0x373FB366,0xF904BA92,0xCE3B09F4,0x597BD46A,0x681463C6,0x0FA790AD,0xCAEF96E2,0xE6C8C157,0x2A77537F,0xC548064F,0xF582C7B6,0xC86B0D3E,0x4DC4A014,0x9BC6A0BA,
  0x46B7AFAF,0xB644815A,0x67B3F36B,0xC669EBC6,0x3F6D5154,0xFEF1C80D,0x2EA3CC69,0xBC92F8B4,0xBE166368,0xA4ABF1EE,0x9740DD9E,0x2D8221E0,0xA2FBF524,0xC7CC9D93,0x8F79D4C4,0x45964226,
  0x817B323C,0x888CA65B,0x065004CA,0x9D96A470,0x58DEA23F,0x5C0A3D29,0x00000000,0x48B54957,0x5DAF4B7C,0x74F9F58A,0x2475B587,0x8A083D87,0xDCD47940,0xE098C59D,0x106BEB68,0x840ADB7F,
  0x62C21A28,0x8EDCA291,0x02849BDC,0xD7A776FB,0xA62F6A32,0x0B730FBB,0x40E7AB65,0x5BFF4FB6,0xE13DB3C8,0x14BF747E,0x6B358E4F,0x0321ED89,0x4B94A4DE,0x1839095A,0x43C646EC,0x767D6E56,
  0x3EC82701,0x28F3C8A3,0x7E2F8C64,0xB7E1F70F,0x1B18E4D3,0x7F8AFA31,0xDB210BDF,0x51293658,0x3A1CB817,0x316FB7AC,0x9EB749F9,0xE5E92CDE,0x53ADAD84,0xD523ED27,0x20A12A91,0x7B5E6527,
  0x64921EE2,0x26F12E5B,0x4C61D641,0x0C867D24,0xE3B92814,0xCF9E7FA1,0xB3356819,0x1CED964C,0xCB4AE0B7,0x755C83DF,0xBAC2FC7E,0x49103F02,0xBB678A2B,0xFA25571B,0x8929D00E,0xFDD02584,
  0xA1DA18AD,0xDE50E29C,0x0852E232,0x2754580E,0x1ABD9286,0x04D49F16,0xA35E8371,0x35BB28BA,0xD2D69FB8,0xACF913DC,0x2380C718,0x9C33D225,0x93944288,0xCCBF9228,0x85AFAD2A,0xD0520464,
  0x923134DD,0xAD5C6589,0xF427B1E3,0x33EB2C70,0x2F06BA3C,0x72A9F140,0xC4ED701A,0xA82D8CCA,0x9A63D6EF,0x63676C7D,0x4142DD30,0xAAA91716,0xD1F77231,0x56DC44C7,0x8DFD4F18,0xDD710F15,
  0xFF54BE58,0x5458DF1B,0x90B5AF01,0xFB80214E,0x6A90F81A,0x4F403BC8,0x389823CB,0x25D0C3D2,0x61E3F7A1,0x5208DBD1,0xBFB3153D,0xF0F32EF5,0xD373E9ED,0x79DAFEFB,0x4712D9FA,0x5E8EA6F5,
  0xE8A72978,0x107CE76F,0x676445CE,0xBD0BD10F,0x731970C0,0x3102545B,0xEDFD72F8,0x0120C848,0x02EA21AA,0xFB6A665C,0xFA4AAE14,0x473A3EB2,0xFE303DDC,0x055A5B80,0xAB9CC5AB,0x8C72C4FD,
  0x9EE40238,0xF98047F6,0xBF9AB10C,0x27EE0156,0xEA36497B,0xAD0C77C9,0x76386AE9,0xBEBA7944,0xBAC0EA8C,0x70D39922,0xB90A036E,0x4340AD7A,0xBBE022C4,0x2424E8B4,0x433BECD3,0x06EBF3CB,
  0x00000000,0x9D2EEBDA,0xDDA4AF42,0x9BC51811,0xAC57FE28,0xDA14D568,0xDF35CF41,0x12ED876C,0x408A4498,0x5746D9DD,0x8AE2769F,0x8D294D1C,0x448B96F9,0xF8DBCE17,0x55D7B9DE,0x9AE5D059,
  0xAD773660,0x16EC550D,0x23EFD337,0x623E1E4E,0xFE4B7C75,0x2394929E,0x32B3FC10,0xFF10F594,0x70A8D88B,0x169714A4,0xF9FB065F,0xED863351,0x33E875F1,0x8953DED4,0xFCDA1C76,0x55ACF877,
  0x41AA8CD0,0x8A993736,0x75F2830B,0xFF6BB43D,0x51AD2A16,0xEA4D08D2,0xAC2CBF81,0x980FF1F3,0xFCA15DDF,0x71F3516A,0xEB6DC09A,0x115C2F27,0x32C8BDB9,0xCDA30984,0x521C825D,0x34580FDB,
  0xC9A2DBE5,0x1007A6C6,0x636597AF,0x36B22E71,0x8BC2BED7,0x66448D86,0xBB9B636D,0x9874B05A,0x9A9E91F0,0x44F0D750,0x015B89E1,0x7239B888,0x50F6A3F7,0xFA31EFBD,0xB8518A8F,0xB82ACB26,
  0x37E9A790,0xCA1373AE,0xA976E401,0x4661B753,0x03CAE9E2,0x60AF7E4D,0xDDDFEEEB,0x60D43FE4,0x99547812,0xCF49282E,0x7589C2A2,0xCA683207,0x26CEC91E,0x140674A7,0x257F6155,0x56661195,
  0x7763E308,0x05211A29,0xA90DA5A8,0xEE4CDAB3,0xDB4F5C89,0x45AB5EB1,0xDA6F94C1,0xAEBDDF82,0xDCFF26A3,0x461AF6FA,0x74A90AEA,0x245FA91D,0xBABBAB25,0x533C4A15,0xA82D6DE0,0x54F77196,
  0xDF4E8EE8,0x561D503C,0x8EE3A4FE,0x07CB3B83,0x5267C3F4,0x30229C13,0x64D5ED85,0x0401D261,0x89289F7D,0xECDDBAB0,0xCCF88065,0x74D24B43,0x11276E8E,0x64AEAC2C,0x88085735,0x36C96FD8,
  0x508DE25E,0x8FC36CB6,0xEF6C12FB,0x671F0467,0x34234E72,0x22CF1B7F,0x147D350E,0x9C75623B,0x17CC9D45,0xE8DC68D1,0xCE12A1CF,0x631ED606,0xD885B56B,0x53470BBC,0xDC84670A,0x1296C6C5,
  0xD9A57D23,0xF8A08FBE,0x9C0E2392,0xBC2B1947,0xAF9D17CA,0xC88213AD,0xEF175352,0x9E9F4391,0xA8562C49,0xABE78402,0x13CD4F24,0x250420FC,0xFD819597,0x9FBF8BD9,0x33933458,0x3059DDBA,
  0x8E98E557,0x17B7DCEC,0x3578C793,0x9BBE59B8,0xFDFAD43E,0xDB341D20,0xD9DE3C8A,0xECA6FB19,0xE9FCA099,0x47417F1B,0xCC83C1CC,0xE987E130,0x658E6464,0x41D1CD79,0x718810C3,0xDE150709,
  0x9FC4CA70,0x618FB605,0x205E7B7C,0x13B60E8D,0x20253AD5,0x007B41A9,0xAABC0DE3,0xEE379B1A,0x155DFD46,0x76432B40,0x45D01F18,0x8C098554,0xEB168133,0x07B07A2A,0x663FCC2F,0x217EB334,
  0xC9D99A4C,0xBD7090A6,0xCB33BBE6,0xCE69E066,0xAAC74C4A,0x317915F2,0xCB48FA4F,0xCF326987,0x51D66BBF,0x8D520CB5,0xAEC69E2B,0x2105F29D,0xBEC138ED,0xBFE1F0A5,0x73623169,0x0690B262,
  0x047A93C8,0xCDD8482D,0x3792E639,0xD8FEF4C2,0x573D9874,0xFB1127F5,0x65F525CD,0x62455FE7,0x8FB82D1F,0xDE6E46A0,0x279540FF,0x03B1A84B,0x992F39BB,0x26B588B7,0x7718A2A1,0x8BB9FF7E,
  0x3503863A,0xB97142C7,0x421B249B,0x7242F921,0x9D55AA73,0x40F10531,0xAFE65663,0xBC5058EE,0x548C303F,0x22B45AD6,0x61F4F7AC,0xC8F95204,0x8873169C,0x02916003,0x42606532,0x1526BCEF,
  0x5714A0AD,0xF3DA978B,0xDBB5DF28,0xD2DBEB56,0xA3584995,0xF44CE938,0x416B5D65,0x58ECD19E,0x8A373AC8,0xF6FF1D84,0xF7FF267A,0x52312AA2,0x616A1A46,0x5A5F2522,0xD7FE6159,0x34CD4E57,
  0x0BDDC0C2,0x75A61332,0xA258726B,0x42D89227,0x90037971,0xF1696337,0x3B353F64,0x167FFDC8,0x4F9317A8,0x7CC8274C,0xC23253D3,0xA67DC39A,0x30E8FFA6,0x55A75411,0x406B669B,0x6F92508B,
  0x9103428F,0x2D4AC2AC,0x81EAFA0A,0x444ED76A,0xB79440E1,0x0ADDFB3C,0xC8EFA8EF,0x85CF4BFB,0x7083993D,0xB10205AC,0xD3DBD0A8,0x690415C6,0xA0EB86D7,0xD0681FEA,0x3CA341D7,0xE4A551BD,
  0xDAB5E4D6,0xF9076CB7,0xC5A42D60,0xE7169EFF,0x4805691B,0x9C48C700,0x7A5E6201,0x54A76FEF,0x8B370136,0x62D9D504,0x23B28861,0xF54CD2C6,0xBD49BBDD,0x335B30E4,0xB4278FA3,0x490552E5,
  0x5182E5E0,0x0425B1F1,0x56149B53,0x7615DC70,0x3A35049A,0x74A628CC,0x9426C880,0xAA367DEB,0x4AB69DA7,0x177FC636,0x1DA23D0A,0x84CF7005,0x5082DE1E,0x286F48A3,0xBC498023,0xFAB4A3F5,
  0xACA038A6,0x3DA37A29,0x9D48FCFE,0x15CC328A,0xD6FE5AA7,0x2EF90DEE,0x79EDAD43,0x2697026E,0x867C84B9,0x644F9049,0x454EEC94,0x5B5F1EDC,0x07967EB3,0xD9062B94,0x096E347E,0x1887B705,
  0x72306D81,0x7183A2C3,0x8984F58A,0xEA5D1B70,0x7330567F,0xEE78AA81,0x3886F026,0xCB5C67AD,0xA4CE3726,0xE080E04C,0x1E11F248,0xBEFA749F,0x9ADE824D,0x66FC64F5,0x8E128B39,0x10E9B885,
  0x7F7BE80E,0x4E932C56,0x6E926B75,0x4BB6A659,0x3986CBD8,0x0EF84ACD,0x7E7BD3F0,0x01003BFE,0xA8858957,0x21017CDD,0x296F735D,0x986D76F1,0xB3B1F110,0xE180DBB2,0x0C4BBE71,0xF8075749,
  0x1B347847,0x2FF93610,0xC081A76F,0x4D20E314,0xAE13CC1A,0xBADFC56E,0x2524CD2C,0x1A3443B9,0xDD239A65,0x6AB7DA84,0xFF9129FA,0x4C20D8EA,0xDF906ED9,0x83590EB6,0x31E8C458,0x22B2B39F,
  0x3E10B56B,0xF2DAAC75,0x00000000,0x9526F37E,0xC4A4169E,0xD1682414,0x5E7A94D3,0xC617E222,0x46FD23D6,0xBFFA4F61,0xAB364615,0x78ED96BD,0x82593548,0x6C219FC9,0x377E8115,0x43D8A9D9,
  0x11E9837B,0x877CBF47,0xF06958C9,0xDC23A19B,0x996D4D0F,0x8F12B0C7,0x92B08DCD,0xC1819C91,0x7715E78E,0xCE79EDA2,0x125A4C39,0xFE911204,0xCF79D65C,0x67FC5F0B,0x8CA17F85,0xE23314F0,
  0x2C4AF952,0xEB5D208E,0x68042E38,0x2BDC87E1,0x6BB7E17A,0x9EFB33BC,0x9BDEB9B3,0xCA5C5C53,0xB96C0A2C,0x5331115C,0xFBB4980B,0x27973990,0xA77DF864,0x20014723,0x2424F6D2,0x03B3CF42,
  0x5DC95B91,0x0FF87133,0x0696454D,0x02B3F4BC,0xC717D9DC,0xA5CE0CD8,0x59ECEA60,0xA985B2A9,0x63D9EEFA,0xE3332F0E,0xA1EBBD29,0xCDCA22E0,0xC332682D,0x1CA206F4,0x135A77C7,0xE5A56A43,
  0x5CC9606F,0xCCCA191E,0xADA00358,0xECCB5E3D,0x3F108E95,0xD44DAE1B,0x654FABB7,0xD54D95E5,0xFD22DD46,0xEDCB65C3,0x086E0F80,0xEF78917F,0x7DC81CB2,0xE616A501,0x19878CFB,0xB6947B1F,
  0xB0023E52,0x325B0B1A,0x8884CE74,0x2ADCBC1F,0x8DA1447B,0x96953C3C,0xD806106A,0xB2B1CAEE,0x9FFB0842,0x05258A0F,0x6D21A437,0x367EBAEB,0xE8EEEFCC,0xE9EED432,0x80EAC1F4,0xB86C31D2,
  0xFC22E6B8,0xBBDFFE90,0x35CD75A9,0x47FD1828,0x5F7AAF2D,0x979507C2,0x1F11C9B6,0x93B0B633,0x0D4B858F,0xB527B45D,0xDE905527,0x606A21B8,0x7B5E59FF,0xC9EF9311,0xAF13F7E4,0x14CC0974,
  0xB27318C6,0x6CE40CEE,0xC231F37D,0x38A7B452,0x7631C989,0xC46A83DF,0x96BED6FA,0x001B91B8,0x6A8CBF64,0xB4FF64E7,0x4829C2D2,0x6A972EDC,0xDE73DB83,0xE6CFFE69,0x2296BE9E,0xC4711267,
  0x38437BF9,0x22A57DB6,0xB297D76D,0xE0948ECB,0xD81B6809,0xDE8C8590,0x96A54742,0xFCFEF4A5,0xDE971428,0xE618F2EA,0x241AC2BF,0x548F2587,0xFA5ADA14,0xC45940F7,0x0697ED99,0xE6D46FD1,
  0xFCE5651D,0x8A1831AF,0xC2CEAD6E,0xD8CC648A,0x76FD54B2,0xB268897E,0xB4D73677,0x4E5AE0E0,0x52309A8E,0x2269E08D,0x8C8FDC36,0xDE684A3B,0x9696846A,0x70BDB5A8,0x1C71EBD6,0xB4286864,
  0x1AFD97F7,0x48CD0D79,0x70597A03,0xB433F9DC,0x00285290,0x1CA6E755,0x90293B63,0x54A77717,0x70712893,0x8C58D0B5,0xAE02F310,0x90CDF4C8,0x0033C328,0xE62B31C2,0xAED5FF93,0x3E3059CB,
  0x481A01FA,0x06732232,0xE630A07A,0x54582904,0x24D65F84,0xB2BF85FD,0x00FF5E13,0xA86A409A,0x76199B19,0x6A40225F,0x388FE6C2,0xE08F1F73,0xC495DDCC,0xC48E4C74,0x22727135,0x48FECE51,
  0x8AFCFE04,0xC2FD6E46,0x1C8EB5C5,0x6CCC5E7E,0x7042EBBB,0x6CFF9D56,0xFC01AAB6,0xAE2AA180,0x1C6A7A6E,0xA842120A,0x3858EA41,0xB240DBEE,0xFCCD378D,0xFC32699E,0x6A73E177,0x8CBC1F1E,
  0x1C95247D,0x706AB92B,0xB4E4F55F,0x0668B38A,0x2241B21D,0xAE1962A8,0x1A310ACC,0x8ACF3D2C,0x4E8DEC63,0x06BFBF09,0xB25B4A56,0x48E55FE9,0xC2E6FFFE,0xD8FFA7A2,0xB41BAB4C,0x546BEA2C,
  0xE0438248,0x520359A6,0x24FE0D14,0xC442D14F,0x52D45525,0x24E59CAC,0x4E6923C8,0x225A23A5,0x3870B8D1,0x4E72B270,0xFA8DD697,0x76CE979A,0xAECE6E2B,0x90E5A658,0x6CD7CFC6,0x4EA5BEF3,
  0xE0704160,0x5443B8BC,0xE05813F0,0x38BC25EA,0x8C43410D,0xC2023055,0x24015307,0x8CA78EA6,0xFA414BAC,0x068C7C21,0xC22A62C5,0x3E2BC873,0xE6036352,0x968D15D2,0x1A2A9B74,0xE6FC3D41,
  0x3ED49660,0xD800F9B1,0x1AD5C567,0x3894777A,0xA8A6DDA1,0xC4A61EE4,0xA8BD4C19,0x90D66570,0x52FC07B5,0x90FE37E0,0x3EE75548,0x9669DA79,0x708E7680,0xD8E4361A,0x24290197,0xA88E8F31,
  0xA871D122,0xE6E7ACF9,0x522B0B36,0x8C6B139D,0xE0A74DE3,0x3ECF07D8,0x54707B94,0xFA96472F,0x1ACE54DF,0x6C1B52FD,0x1CBD76ED,0x6A5BB3E7,0xE06BD0D8,0x5218C81E,0x8A30633F,0x965A1951,
  0xFA69193C,0xD8333A99,0x8C708225,0x00CC9D3B,0xB28C46D5,0xDEA4D700,0x00000000,0xD828AB21,0x00D70C83,0x06A42EB1,0x48019042,0x386B2969,0xFABE15BF,0x2432902F,0x6AA4EDF4,0x4832536A,
  0xAEE63CBB,0x4E417158,0x22BEEC0E,0x70A62410,0x8A03A017,0x8AD4AC94,0x6C33006D,0xFC1A3B0E,0x52CFC49D,0x3E039AE3,0xFA728884,0x1C4228FE,0xB4CCA7CF,0xC2D53CD6,0x6A6870CF,0x24CDCE3C,
  0xE0BCDC5B,0x228D2F26,0x4EBE2F4B,0x8C944D8E,0x1C59B946,0x8A2BF287,0xB2A41445,0x96724BC1,0xDE5B8913,0xAEFDAD03,0xC4BD8F5C,0x4E967DDB,0x5494B43F,0x48D69CC1,0x76020AA1,0x3EFCC4F0,
  0x6C00C345,0xA85983B2,0xB4003AF4,0x900169F3,0x1A19585C,0xAE313038,0x54BCE6AF,0xFAA58407,0xC219A1ED,0xD8D7F532,0x76E6C50A,0x065B70A2,0xA8951E89,0x52E7960D,0x0640E11A,0x00E4CFAB,
  0xDE4018AB,0x1AE6064F,0xFC29F826,0x762A5831,0x76D50622,0x6C2891D5,0x3E180B5B,0xFCD6A635,0x8AE76FBC,0x9032AADB,0x1A02C9E4,0xDEBF46B8,0x7095E738,0x901AF84B,0x964188E9,0x6ABF7C4C,
  0xE552A468,0x9DD7AC62,0xD132584B,0x07B5B7E9,0xEE253572,0xE9D1EBE2,0xF28EED41,0x6A15B87F,0xE513CD11,0xC45636AE,0x3A1AFD1C,0x3F176D39,0x1B5F06A3,0x0C834F8A,0x6696F7F5,0x4E1CBA9C,
  0xA7CD517E,0x4B5043C0,0xA78C3807,0xC11ACFF2,0xEC9D12BE,0xF7C2141D,0x2145FBBF,0x989B553E,0x1E529686,0x6DE166EF,0x74064780,0x61622965,0x5CCD6390,0xC6AF781B,0x4CE5F429,0x17DC4929,
  0xF57A33D1,0xE990829B,0x8A4A8C32,0xBC9257DD,0x8DFF3BDB,0x1B1E6FDA,0x945973CD,0xEE645C0B,0xB55DE10B,0xBE6B1968,0x3F560440,0x68AD9FB3,0x78C46173,0x102897B9,0xB0111857,0x4066BBA3,
  0x9A621B8B,0x57BAF28A,0x2A7303DC,0x7F71D69A,0x7D88982F,0x714ABEDC,0x26B1252F,0x83853AE4,0xAE02E7A8,0x642ED039,0x5E342D25,0xFCF4EC7E,0x8F471C17,0x00000000,0x5E75445C,0xFE0DA2CB,
  0x6DA00F96,0x2D87DD4C,0x1E13FFFF,0xEB28A557,0xA281A822,0xDF485974,0x19E7216F,0x813D1D28,0x63DA0EA9,0xF7837D64,0x288A4D69,0x68ECF6CA,0xA9F63938,0x710BD7A5,0x4E5DD3E5,0x312C057F,
  0x57FB9BF3,0x9D96C51B,0xB99FC7F8,0xDA45C951,0x9A2372F2,0x49A90D75,0x28CB2410,0x456B2B86,0x316D6C06,0xACBAC064,0xDDB117C1,0x91158A91,0x76BE604C,0x054CF95C,0xCA6D5EE8,0xBCD33EA4,
  0xAE438ED1,0x1CEAB14A,0x0B77911A,0xB7E5C6C7,0x5543BC3F,0x7F30BFE3,0x1069FEC0,0x3DEE238C,0x23BCB50A,0x2F3FFA80,0x93ECC424,0x5B39BD00,0x52F60BD6,0xBE2A7011,0x179D2050,0xC3E38147,
  0x8F06756E,0x1290B075,0x098EDFAF,0x646FB940,0xA0398FEE,0x5C8C0AE9,0xF2CF8438,0x49E8640C,0xB2E856E2,0x83C4539D,0x47D30C4A,0x0B36F863,0x07F4DE90,0xCF60CECD,0xA078E697,0x36D8DBEF,
  0x5B78D479,0xACFBA91D,0xAB0F778D,0x8A0BE54B,0x339422B3,0x0CC226F3,0xC4175FD7,0x210492C6,0x3460FC23,0x4CA49D50,0x0E7A013F,0x7A3D2FC6,0xD1733132,0xD8BC87E4,0xE2E71381,0x639B67D0,
  0x94181AB4,0xDDF07EB8,0xBB66894D,0x74472EF9,0x15646EE5,0x00416979,0xC8D57924,0xD6C686DB,0x6A54D106,0x2F7E93F9,0x26F04C56,0x6123401C,0xFCB58507,0x09CFB6D6,0xA5341FCB,0xA57576B2,
  0xF077A3F4,0xE01E5D34,0x88F2ABFE,0x6F18285A,0xD47EA117,0x47926533,0xB2A93F9B,0x23FDDC73,0xDA04A028,0xC894105D,0xE05F344D,0x2DC6B435,0xF9F97C5B,0x504E2C1A,0xAB4E1EF4,0xCD998078,
  0x8DBE52A2,0x3DAF4AF5,0x9F6F8BAE,0x1CABD833,0x3421955A,0x42DE9C6F,0x9154E3E8,0x2A326AA5,0x050D9025,0xE7EA83A4,0xF9B81522,0x96A03D78,0x6F594123,0xD8FDEE9D,0x38E3B3A9,0xFB415B97,
  0xBB27E034,0xCF21A7B4,0x240902E3,0x98DA3C47,0xD38A7F87,0x59819ACC,0xB7A4AFBE,0x66D79E8C,0xEB69CC2E,0x4027D2DA,0x5502D546,0x86C9C3B8,0xB9DEAE81,0x84308D0D,0xD43FC86E,0x73F29910,
  0x500F4563,0xB050712E,0x429FF516,0x96E15401,0xCA2C3791,0x0E3B6846,0x52B762AF,0xD687EFA2,0xF53B5AA8,0xC3A2E83E,0xE2A67AF8,0xB51C8872,0xC6EE1162,0x7885080A,0xDF09300D,0x3699B296,
  0x02F94EB5,0x817C7451,0xFB0032EE,0x8688AAC1,0xC15BA68B,0xFE4CCBB2,0xF036CA8D,0x33D54BCA,0x8471E474,0x7A7C46BF,0xCDD8E901,0x12D1D90C,0x9F2EE2D7,0x38A2DAD0,0xECDC7BC7,0x73B3F069,
  0xE7ABEADD,0xA9B75041,0x02B827CC,0x4B112AB9,0x7DC9F156,0x24486B9A,0x76FF0935,0x93ADAD5D,0x19A64816,0x88B3C287,0x452A42FF,0x1525079C,0xA2C0C15B,0xD3CB16FE,0x59C0F3B5,0x3A5B9465,
  0xC6EF1049,0x84CB4F09,0x55E3AE25,0xA0CCB909,0x9C673305,0x7D650456,0x095BB666,0x39716019,0x533B9C80,0xC03722EC,0xACA5ECD0,0x0302D8B0,0x72E68095,0xB2D1A279,0x286EA3D9,0xE4D8DD46,
  0x42245F40,0x6AA2F533,0x27052EB0,0xCFB4A62F,0x743EB230,0xFAAC93EF,0xF31F2C23,0x82FB7406,0xED836B20,0x1BAEA4BC,0x36F2E4DA,0xD4F20B39,0xE7320C5C,0x9A57080A,0x24EFFFAA,0xE1023753,
  0x65C9785A,0x7857E7E9,0xB4E19976,0xCA864590,0x18AC7C0C,0x60FB9BE5,0x11F7CA6A,0xC0DF2B46,0xC5EDC8F9,0xFC74A14A,0x710C518F,0x9F65EBB5,0x7D8D0DFC,0x2237CD0F,0x6C92CE3C,0xB239ABD3,
  0xAF4F3DCA,0xE2E8E649,0x14C529D5,0x4B97E08C,0x2886AA73,0x5FBAC0F3,0x2D5C4066,0xF01DF493,0x2EB6917C,0x652171F0,0xC3DDF3F6,0xEE69BA3A,0xA024B0A3,0x4B7FE926,0x121D1B70,0x05DAEA15,
  0x42CC56EA,0xFF7679FA,0x0AB1677C,0x3F415B16,0x50394430,0xE1EA3EF9,0xFC9CA8E0,0x399969B3,0xF3F72589,0x87C997B9,0x3FA952BC,0xA6148BAC,0x8BA0C260,0x87219E13,0x1D769619,0x69A02D83,
  0xE8B1889F,0xBEB8F7A0,0xFA449A45,0x172FF8CF,0xB70B486C,0x21DD1C15,0xAA95D7DF,0xAFA73460,0xA6FC8206,0x5A88234C,0xF6C5C636,0xC60719E3,0x17C7F165,0x5F52C959,0xDE436C45,0xD7F0D389,
  0xE200EFE3,0x930CBE6C,0x8D90F96F,0xED6B628A,0x5CB81843,0xE7DA05F6,0x63114AFF,0x773C6A80,0x1E744EA9,0xCC5E7735,0x9F8DE21F,0x56E17695,0x6C7AC796,0xAA7DDE75,0x6013924F,0x33280ECF,
  0xFF9E7050,0xA97F06C5,0x53D3952A,0x361AED70,0x842346A3,0xD1C0E886,0x4895383C,0x3A73B8A9,0x0C815C73,0x900E66DC,0x9955D0BA,0x953C8563,0x8E7A2875,0x550BA78F,0x6623A940,0xF62DCF9C,
  0x66CBA0EA,0x44FC6DE5,0xB888CCAF,0x69482429,0x2B6C7B69,0xF0F5FD39,0x2DB449CC,0x9C8F3AAF,0x71E45825,0x78BFEE43,0xDEAB65EF,0x7BBD36F3,0x7E67DCE6,0xEE81B390,0x1E9C4703,0x0C6955D9,
  0xEBB3502F,0xC505C153,0xB1D37AC9,0x7B553F59,0x213515BF,0x4D4FD229,0x50D14D9A,0xDB718FFA,0x351835C0,0x74D6BB9A,0x0F8384C3,0x00000000,0x7E8FD54C,0x884A137A,0x3C4383A6,0x6F90168C,
  0xF5C71E86,0x598AFBFC,0x0F6B8D69,0xD718DA23,0x3A9BB103,0x93E4B7C6,0x56097F3F,0xC335FA5C,0xD89B5EE0,0x0532E3BF,0x22DFC4A5,0x8111A51C,0x111FC3C0,0x35F03C6A,0x1D9E9FB3,0x2E5E98D6,
  0x33C00765,0xAC4DE57A,0xB860C505,0x9ABF01A0,0x99BDD910,0x412687F0,0xD22A399C,0x6A4AFC99,0xF9AE4B5F,0xA3CE61B9,0x82137DAC,0xD2C23036,0x142D207F,0x00E809AA,0x06303B0F,0x81F9ACB6,
  0x302AD67F,0xC96C948A,0x27ED271A,0x06D832A5,0x5962F256,0xA9970F6F,0x77D4632A,0xB13B7363,0xE8598135,0xBDBA2F10,0xB40990DC,0x47FEB555,0xF52F172C,0x5A602AE6,0xCF5CAF85,0x4E4D0A99,
  0xBE50FE0A,0xDD41B4F5,0x0A596ED6,0xC9849D20,0xA5FE5AB6,0x2407F600,0x4414644F,0xCCB67E9F,0x41CE8E5A,0xDB998650,0xD873574A,0x3CAB8A0C,0xEB5B5985,0x12F512DA,0x8D78F0C5,0x8E9221DF,
  0x95D48CC9,0x720E893F,0xBD5226BA,0x4716BCFF,0x4DA7DB83,0x2B8472C3,0xCA6E4C3A,0xF94642F5,0x4EA50333,0x03EAD11A,0xE430D4EC,0x30C2DFD5,0xDDA9BD5F,0xA516531C,0xB7E341C6,0xD128E12C,
  0x963E5DD3,0x5C5011E9,0x1B46AD16,0x96D65479,0xD41A0293,0x63F94355,0x90E66F76,0x88A21AD0,0x184475A6,0xBB621DB5,0xA3266813,0x6F781F26,0xBB8A141F,0x09B3BFCC,0x487D3196,0x8B48CBCA,
  0x38279F5F,0x3E9F9D03,0xC6F2033D,0x08B8A2A1,0x3F5DB50F,0x4CE69E79,0xCE4AA19C,0x4A5E9C25,0xA66D53D9,0x7C79A387,0x494B3A99,0x159C79CE,0x64F0DC08,0xF86D9E3E,0xC4258D8D,0xB48B0047,
  0x7EAE2D37,0xC29D8FD1,0x5CD74357,0x194B5783,0xB99E0606,0xB233021B,0x716CA5C6,0x7503292A,0xDBD6D852,0x58B8CFBB,0xEEE4414C,0xFED59C62,0x9C9D4236,0x097A8AAD,0x1D24DB6F,0xA4BADD69,
  0x27D4CA80,0x36273FA2,0x42E63E84,0x55ADC9FA,0xA9AFDB28,0x5BAD6907,0x5D156B5B,0x85D615B5,0xCC9D2F2C,0x4E3110C9,0xF1171493,0x9E4ACC86,0x315D15F2,0x13247B92,0x6F5DD815,0xB126A4A7,
  0xE0E4E1B1,0x4FF338C5,0x2EAE402D,0x74C10126,0xB3F12A17,0xC5E7A581,0xC188296D,0xD8C37EEE,0x174BF77E,0xA3C0F739,0xE85C4310,0xAABA7D94,0xDD6EDA0E,0xFB783882,0x39E5B753,0xFABA108E,
  0x459C14D4,0xA0D55185,0xFDC03ADE,0x6D8A56A5,0xADC057C4,0x6B3254F9,0xDE7B7CB2,0x2616E28C,0x20AEE0D0,0x91884477,0xF9AFB632,0x2B03E4CD,0x6AF07CF5,0x338A9B42,0xD5D678AF,0xE2336F01,
  0x1689DF72,0x88C313F4,0x51C24516,0x0A6F2C11,0xAC027FC8,0xE65CE3ED,0xC8F2A3C0,0xA202DF35,0xC35FA7DD,0x2C79CE9D,0x0CD72E4D,0x0D150641,0x638AF658,0xD90156E2,0xEF266940,0xEDF1E7F0,
  0x70AE8DCA,0x935FCAC7,0x4031B034,0x807BB155,0x9A25406A,0x50006D1A,0xF578987F,0x8FB939A4,0xF0D53C9F,0xD36E7AF3,0x3B3239E3,0xD6C3DE13,0x43241688,0xCD5F0720,0x6C487EA9,0x18897F8F,
  0x22796E60,0xAED5F178,0x2F6C6821,0x2AC1CCC1,0xD41450A3,0x79D40767,0x4B9CB429,0x76168F96,0xEC33CFFC,0x8D6EB714,0x0BAD041D,0x836E17E9,0xD2AC52FF,0x9425E097,0xD07BDC4F,0x145E51C2,
  0x5E00CDE7,0x3D8A3BBF,0x89013BF8,0x41F39838,0xBB4988B6,0x8BD6B548,0xE126C9BD,0xA578F565,0xF3C09A23,0x84143DB9,0xCA252D70,0x69E5DA49,0x86C3B309,0x1E317DD3,0x8CAC9F18,0x67E57AB4,
  0x96F26E27,0x37E517AE,0xE99E6B1C,0x8E7B11A8,0xBF26045A,0xA1177989,0x445E3CD8,0x77D4A79A,0xD1B9F443,0xBDF18AEA,0x577A474A,0xE5494551,0x609F50E4,0xB79EA6FB,0x98F2CEDA,0x1FF355DF,
  0x02D78EB0,0x95E7C89B,0x29D46A7D,0x7F6C053B,0xA7AF7BD5,0xF66D3EC3,0x3248B34E,0x7B0389D7,0xBA8BA0BA,0xB549284B,0xCBE7057C,0x73BB2B76,0xA86DF324,0xDA14F05E,0x9930E6D6,0xAF17D974,
  0x01C2280C,0xD701F61F,0x5315CBA6,0x78162F6B,0xFF17B46E,0xC04A0161,0xE3F1470D,0x474B9A64,0x4D24B675,0xAB785598,0xB0E48CAB,0x24C16C3C,0x00000000,0xDCACF202,0x23BB466C,0x9D5F6A3A,
  0x48891295,0x6827F245,0x28164271,0x046F8CEC,0x546FE1F6,0x2DBBE691,0xC9308BCC,0x34F0B112,0x06B8025C,0x7DBB8B8B,0x7279037A,0xEB49E5AC,0x4689B268,0x9BE76866,0x662752B8,0x3532991E,
  0xE79ECBE1,0xB85C2E0A,0xF7AF16CF,0x8A149D44,0x05ADA4E0,0x6E9FF019,0x3AF011EF,0x52D7E3AA,0x81B99959,0xDFB954BE,0x615D78E8,0xC7302B31,0x1A5EF13F,0xCF888990,0x904A6C7B,0x5FC2E5EB,
  0x9730462B,0x12E6539E,0x9F88E48A,0xB65C8EF7,0xEA8BCDA0,0x929DE2CB,0x597AE7B7,0x11F3F522,0x6248DE54,0xE48B6D5D,0x87019B05,0xF202B22F,0x0315A6BC,0x1B9CD933,0x7AC1A1DB,0x216CC8DC,
  0x82AC3FE5,0x6532F404,0xF4BAB073,0x25034430,0x0E00A0FD,0x077A2A50,0xBC33A2E6,0x1CE6F363,0x5A6F410B,0x3C4813B3,0x0FC288F1,0x1031DD2E,0xFC0212D2,0x309F3DFE,0x56B86F46,0xBEE42C56,
  0xB230FE94,0xB390A723,0x2D2F6D5E,0x1A2E2E51,0x8E9B08F0,0x8241B1EA,0xA39D3F6D,0x00295AC3,0x207CD730,0xA81ED0C5,0xD402FF63,0x0D53BA6E,0x56434E89,0x6DB1EE5F,0x177D943F,0x305815BD,
  0x661B5B34,0x3701430F,0x884B5D36,0xD5A2A6D4,0x3D0BAFD3,0x6B61BB99,0x21F5D444,0x714F95C8,0xA3B465AE,0x886207F5,0xB569A826,0x9846C578,0x0A23B61F,0xB813488B,0xBEC31D4D,0x0BAAB56B,
  0x89C25E42,0x7C357565,0x93C52AD0,0xEE500602,0x36A11AB8,0xC9758780,0x31F84C0A,0x46678C04,0x26AC82F6,0x60E25431,0xDE0813BF,0x99CFC60C,0xB3B9FDE0,0x93EC7013,0xF92D923D,0xB9B3113C,
  0xE9200A73,0x3A52F961,0xBF6344FA,0x00000000,0x5DC0A121,0xEFD90576,0x1CD72154,0xD35BA9D1,0x7AE520A3,0x11ADC1F9,0x2BFF3898,0x8531BD9B,0xD42BA5A0,0xFE74C48F,0x5DE9FBE2,0x4B34366A,
  0x07700C71,0xF904C8FE,0xC5866459,0x31D116C9,0x01A059B7,0x7D952CD2,0x0A0AECDC,0x2CA66E2A,0x4C443A1B,0x70C696BC,0x06F90F05,0x99E69CCF,0x95157F16,0xD8D84679,0xC5AF3E9A,0x0D7AE0AD,
  0x7B6C23D7,0x270CDB41,0x5C60F896,0xB83A1248,0x4C6D60D8,0x9E9690BE,0x4DE463AC,0x7DBC7611,0xB540F2E5,0x70EFCC7F,0xE90950B0,0xDE21497C,0x9F36C909,0x953C25D5,0xFFD49D38,0x84B8BEEF,
  0x83E1E85D,0x6D98B49C,0xF30E2422,0xF2872756,0x4B1D6CA9,0x511A183B,0x763F99B9,0x6C11B7E8,0x5AB0AD50,0x57CA4DFD,0x9EBFCA7D,0x4A946FDD,0xC37F6B5C,0x50931B4F,0xA8378A06,0x409E8301,
  0xD372F312,0x20558DF3,0xD951450D,0x77B69ACD,0x11849B3A,0x779FC00E,0x5C49A255,0xA54D6AAB,0x949C7C62,0x6AC1E22E,0x67925840,0x3CABF664,0x16F4974B,0x67BB0283,0x0B83EFA8,0x8F3B5147,
  0x7ACC7A60,0xBEEA478E,0xE2A3E5DB,0x40B7D9C2,0xCFA5D246,0x464ED6C7,0x413EDAB6,0xD2FBF066,0xB4C9F191,0x1754CEFC,0x986F9FBB,0xAECE8503,0x100D984E,0x075956B2,0xE5FAB369,0xC95CDD43,
  0x6B48E15A,0xDFA84A08,0x5B39AE24,0xA2143C19,0xCE058BF1,0xDF8110CB,0x1CFE7B97,0xD8F11CBA,0x1A077492,0x8F120B84,0x566A144A,0xB4E0AB52,0x4ABD351E,0x89EB0481,0x924C29A4,0xF88DCB8A,
  0xA4ED331C,0xA23D66DA,0xE303BC6C,0x92657367,0x1BA72D25,0xB99A4BFF,0x21DC8E87,0xAEE7DFC0,0xE8A90907,0xC2DF32EB,0xEE795CC1,0xA5643068,0xD2D2AAA5,0xA4C469DF,0xF5F72B27,0xAF478677,
  0x5B10F4E7,0x8268EB29,0x1024C28D,0xF4577290,0x57E3173E,0xF3277EE1,0x0CDAB91A,0x7616C37A,0x2A763BEC,0x60CB0EF2,0xF5DE71E4,0x1D5E2220,0x513342F8,0xF47E2853,0x6AE8B8ED,0xE32AE6AF,
  0x5A99F793,0xE45AEADE,0x2BD6625B,0x7C1C2FA6,0x2A5F612F,0xA997D3B1,0x6C38ED2B,0xC8D5DE37,0xE473B01D,0x06D055C6,0x372819CC,0x30714F7E,0x1B8E77E6,0x3C82ACA7,0xFE5D9E4C,0xC356319F,
  0x2D06379D,0x94B526A1,0x61420D86,0x27258182,0xCE2CD132,0x8518E758,0x4DCD396F,0xD9781FCE,0x47EE8F70,0x3BF2A0D6,0xCF8C8885,0x7B457914,0xA9BE8972,0x47C7D5B3,0x2685D835,0x3D22F510,
  0x01890374,0x50BA418C,0xE5D3E9AA,0xEFF05FB5,0x16DDCD88,0x3BDBFA15,0xC8FC84F4,0xF2AE7D95,0x41178075,0x2C8F34E9,0x0CF3E3D9,0x8EB25233,0x3688407B,0x1D7778E3,0xD58BFC17,0xC4263DEE,
  0x8491E42C,0x3A7BA3A2,0xB219A457,0x83C8B29E,0xC40F672D,0xE28ABF18,0xF8A49149,0x663201F7,0xE88053C4,0xFFFDC7FB,0x9F1F93CA,0xAF6EDCB4,0x616B5745,0xBF4A1E39,0xC2F66828,0x7166CF0B,
  0x26A7DA29,0xBC23D1C0,0x802C1C76,0x3D0E3AF8,0xA8E5B927,0x48048D19,0x0101F74E,0xEEE84014,0xD28086F0,0x52AC9A86,0x8BF9ED5B,0x70D632E6,0x95EB83DF,0xAD393C20,0xA6ECCD0D,0x3261B2CE,
  0xF1FBD9DE,0xC7471959,0x7B64C899,0x903706D8,0x746C4BFD,0x85979223,0xD95577DD,0x8E25685C,0xB9985F95,0x6A7E2579,0x71B0CEFA,0xFA4923A1,0xFFF2ADF4,0x571714D3,0x9F588EEE,0xCCF5E326,
  0xD65DF4B9,0x9E5979A0,0xC84F9A3D,0x4CD9FF50,0xB6F7D7A3,0x49627105,0x470C0E7D,0xA882B275,0x2C14D718,0x37BD37C9,0xF19CD28C,0xC2FC970C,0xC29B9C5E,0x804B1724,0x9AE300BB,0xF09D25C2,
  0x5DA419E2,0xC3FD6042,0xB8FEA389,0x0AD40663,0x42D08B7A,0xD8338BC1,0xC621E545,0x0BB2FA7F,0xCC92E874,0x05BB8E55,0xA983453B,0x00670B52,0x8A9F1147,0x460DF933,0x3C0FCDB6,0x5DC312B0,
  0xA68BC65F,0x05DC8507,0xD73B08A5,0x107C11FC,0x42B78028,0x4863864B,0x6FA2A07E,0x29AF594D,0x60AA231A,0xAD5E3772,0xD38171BE,0x6B18D965,0x1F1399CA,0xEA52390F,0x1BA9E0D1,0x7B03C3CB,
  0xC9296621,0x33604580,0x227AA860,0x5616E39D,0x958C888D,0x0166FC1C,0xE0E1343E,0xC828916F,0x740B40AF,0x8AF81A15,0xA3574358,0x64775153,0x0F088364,0xD9327C8F,0x64105A01,0x61ABD454,
  0x3206B99C,0x8496656D,0x814AE06A,0xA330480A,0x43B67766,0x2C73DC4A,0xA9E44E69,0x1ACF1CCD,0x1BCEEB83,0xA256B416,0xD63AFFEB,0x0E6E7F78,0xBD22268E,0x948D7FC3,0x581F97B7,0x466AF261,
  0x101B1AAE,0x8B9EE609,0xDC89F2DA,0xB7F620ED,0x8F249F12,0xAC38CB6E,0xD3E67AEC,0xAC5FC03C,0xF4275CD9,0xBD452DDC,0xB7912BBF,0xC94E6D73,0xE1E0C370,0x4CBEF402,0x7FDEB182,0x237B5F2E,
  0x15A094FB,0x71D7C5A8,0xD75C03F7,0x3D6931AA,0x37DA3C9B,0x7EDF46CC,0xC39A6B10,0xFEF35ABA,0x117DE6B2,0x1F749298,0xEB34C513,0x52CB91D4,0x15C79FA9,0x28C9A551,0xEE8F4B46,0x1AA8179F,
  0xB24DAEB8,0xA7ED3A43,0x4DD8081E,0x111AEDE0,0xDCEEF988,0x7A653FD7,0x6511AD4F,0xB690DCF1,0xB32B52A4,0x49057A57,0xFB48D4EF,0xEA35325D,0x6B7FD237,0x9BE2F7F5,0x476B052F,0x36BCC087,
  0x7FB9BAD0,0x2D152056,0x58789CE5,0x231C547C,0x8F439440,0x5671E8CF,0xF541A0C5,0xB9FF54C7,0x5CA5EEAC,0x7EB84D9E,0x00000000,0x04DD7249,0xF0FA2E90,0xFE9451E8,0x6576A61D,0x750AB7E1,
  0x9136F196,0x6EC45C62,0x6A192E2B,0x28AEAE03,0x14C668E7,0xF440578B,0xCDF41468,0xFB2FDFBD,0xE43C4677,0xEF8EBC08,0x4DBF034C,0x53AD6DC8,0x9E3E72F2,0xEB53CE41,0xB899A8DB,0x9F3F85BC,
  0x14A163B5,0x7A023485,0x6FC5AB2C,0x39D348B1,0xDDEF0EC6,0xE45B4D25,0xE53DB139,0x756DBCB3,0x94EA7491,0x90500D8A,0x70B139B4,0x04BA791B,0x1E7565D6,0x812DEB38,0x59796BAB,0x3C68C6E4,
  0x53CA669A,0xC646EE17,0x2D722B04,0x8E42630E,0xE187C822,0x9A840BE9,0x0AB30D31,0x6EA35730,0xBC44DA92,0x33074ED2,0xD8548093,0x29C8521F,0x1E126E84,0xFA2E28F3,0x57701F81,0x39B443E3,
  0xEFE9B75A,0x27C12635,0xD2E78DA2,0xA231BF44,0xE55ABA6B,0x0BD5F12D,0x61CCDF06,0x84F16E3F,0xE0863F6C,0x221DA332,0x60CD2848,0x5CC2E5FE,0x27A62D67,0x38D2BFFF,0xFF95A6A6,0x43D17C34,
  0xC720120B,0xCD931F3A,0x0F6F8836,0x591E60F9,0xB34C59F6,0xA78A3111,0x36DBCBD5,0xF526AB97,0x9B85FCA7,0x9151FAC4,0x38B5B4AD,0x85F09971,0x0E09742A,0xB22AA5EA,0x26C0D17B,0xDD880594,
  0xDF5C8859,0x6B48AD8F,0x1336DEBF,0xD778E993,0x6C6F936F,0x8FCBFB7A,0x8F80FC0F,0x349786F3,0x31DE0D57,0xE4C85180,0x88ECC59A,0xCC6A56E6,0x086F66BF,0x3CF8E04C,0x0A4AD48E,0xC923DD42,
  0x19370D44,0xF092B6AA,0x93B57D9A,0xC14CBBFD,0xECA7373F,0xE9A5BBEE,0xBE5EF158,0x80C8A450,0x25CFED08,0x4E874087,0x662547E1,0xB932C8CD,0xDD793A68,0x41CF18D8,0x6327CB30,0xAA041672,
  0x7F124AA5,0x46A3214D,0x1C7E86E0,0xAF069AA3,0x6E4A215E,0xB116A907,0x52B2C112,0x9CFD25C5,0x43A1AD9C,0xB63197E7,0x49EB7912,0x9492437A,0xD27A6542,0xD2316237,0xC107BC88,0x9E939081,
  0x61027901,0xF5903A7B,0x8A8270DE,0x4CE9F5C3,0x167F551B,0x78357445,0x2ACCB222,0xE181DA24,0x787E7330,0x696D1FBE,0x0F035F2A,0x58F8159C,0x2DA08BB7,0x11136C8E,0x77362B6F,0xCB066F73,
  0xA86AA336,0x82A61114,0xFF91E980,0x87EF9AB0,0x5A96A0D8,0xBB5C7D89,0xFDFF5CC4,0x11586BFB,0xE9EEBC9B,0xFA936551,0xF7FE8F3F,0x004B0775,0x46E82638,0xF7B5884A,0x7D37F894,0xEB8009DF,
  0xA04EC2FC,0x93FE7AEF,0xEBCB0EAA,0xB41425D6,0x5F942C09,0x3CB3E739,0xF2B7049B,0x0225B231,0xB67A9092,0x705A12FA,0x20CD61D9,0x0D6DEA6E,0x1E5B34D1,0x87A49DC5,0x7A5BC101,0xE1CADD51,
  0xA5074958,0x55DEF887,0xA005C589,0xBC30441C,0xCE4FE4D7,0xFFDAEEF5,0x96FCF63E,0x94D9440F,0x4486937C,0xBB177AFC,0x0F48585F,0x5595FFF2,0x36B234C2,0x777D2C1A,0xD014D006,0xC6208268,
  0xE6A6E4C4,0x44CD9409,0x9190CFAB,0x9CB622B0,0xBE15F62D,0x8AC977AB,0x91DBC8DE,0x9BDA1B25,0x2584EA7D,0x636CCC45,0xD55D5BA2,0x7A10C674,0xCC215193,0xB3331B36,0x4B85CC56,0xE6EDE3B1,
  0xAD682FE7,0xA54C4E2D,0x99FFA914,0x61497E74,0xDD323D1D,0xA769FC1C,0xF8B6D760,0x666E4094,0x5FDF2B7C,0xD05FD773,0xD733EEE6,0x6400F5D0,0x8DA54E3E,0x2A87B557,0x7F594DD0,0x49A07E67,
  0x57B04DC3,0xECEC304A,0x31950A22,0xDA1503FD,0x1B12BF75,0xBC7B4369,0x5DB19E38,0x85CA2881,0x43EAAAE9,0x0A01D3FB,0x05028CD1,0xD830B1CC,0x082461CA,0x1C358195,0x9ED897F4,0xB45F22A3,
  0x85812FF4,0x33FBBF66,0x36F933B7,0x137DD9CA,0x05498BA4,0x0D26ED1B,0xA26B70CD,0x22A3D49D,0xEEC9827B,0x3EDD527D,0x50DC7456,0xAD232892,0xDA5E0488,0xAF4D9DD6,0x8DEE494B,0x00000000,
  0xC4053059,0x07273EE0,0xC36909CC,0xB15DAE72,0x27A1584C,0x692618CB,0x28E90013,0xAA4F1107,0x3E965508,0x197C0A31,0xCE04E3A2,0x96B7F14B,0xB3781C43,0x39FA6C9D,0xDF178F2C,0xF2FC03EE,
  0x4ECC47F2,0x3B94D9D9,0x27EA5F39,0xEE82850E,0x208666AC,0x7011158F,0x026EB544,0xF0D9B1DF,0xE3EF6F60,0x5ADDA7AD,0x2FCE3EF3,0xF5DB3D0E,0xC968DA37,0x33B0B813,0xFAD86224,0x7D7CFFE1,
  0xE3A46815,0x145AE72A,0x50977323,0x5DFA994D,0x3BDFDEAC,0xA821A443,0xE48356F5,0x727FA0CB,0x1411E05F,0x2DEB8CC2,0x75589E2B,0x52F9C667,0x28A20766,0x1B59B800,0x88A7C2EF,0x1634526E,
  0xFDB45BB1,0x99B4AE61,0xB979CFB8,0x57FB4AB6,0x2F853986,0xC44E372C,0x41841FAD,0x4BCECB23,0xD5165CD7,0x58B312E9,0x22E8D3E8,0x39B16BE8,0x7513995E,0xC3220EB9,0xD87BB6B9,0x8083A325,
  0x6C24941A,0x6B03AAFA,0x644BF2A5,0x7234A7BE,0xC66B851D,0x9B911C50,0x82ED1661,0x076C3995,0xCB4D6806,0xA722FB69,0x4CA2F2B6,0xF8FDD015,0x1E1033A4,0x34DC8186,0x6E01262B,0xA22077B8,
  0xF92C605C,0x17F61A0F,0xFCB3BA55,0xD7DB475F,0xE6F578DF,0xA9E42EE6,0x38458FF8,0xA454F663,0x59A3FEC2,0x76106B35,0xDC9AF542,0xA2A59CFB,0xB4173400,0xC169EFA4,0xEB45A05A,0x036EB091,
  0xCB6CEF4D,0x53A6FE2B,0x9750CB86,0xECF07836,0xBD7C8478,0xF047D024,0x096BB078,0x70E101AD,0x6F38192E,0x653D19C7,0xB55386F4,0x7D51D928,0xD3002FA2,0x2CDD2566,0x3C9EE705,0xD9052F4B,
  0xFA42D0CD,0x9C11799B,0x7C156BDC,0xA67EF406,0x577D96D6,0x957AC9E3,0xAF15447E,0x0EDE6814,0xBE1234E9,0x306A8D74,0x24F227EA,0xC343EDC1,0xABCE2C83,0x6C56A9BF,0x22034D72,0x0A0500E9,
  0x0CF46A71,0x98CA1166,0x938BA37B,0x2D999792,0xCA285DB9,0xF10362D0,0xA5104497,0x5F52945A,0x8BE76394,0x92CF118F,0xFE99B830,0xB7798491,0x3EB4E560,0x39013D0C,0x943E7B17,0xAA8A9E77,
  0x5B89FCA7,0x4C7FE6A8,0xF26DD241,0x2B68FD0A,0xA08F9E9E,0xC4F635AD,0x8E78B99D,0x9F7FC90A,0x3DDA55F1,0x408B8CD9,0x4E55E4CD,0x42A18EBC,0x7AE40144,0xB9A7EC85,0x04DB68FD,0xE7B1CA2B,
  0x4BCA3EC4,0x8D16090C,0x4F115639,0x28064D9B,0x43E53C48,0xEDB4CAC2,0xE140A0B3,0xE4DF7ABA,0x78CE0321,0x6D121B4B,0x1A46C28A,0xCCD93721,0x4A8E8C30,0x00000000,0x9BA4A1F7,0xA73A46F2,
  0xE22E1022,0x1928721B,0xD12A2DC7,0x52E24CDF,0x1E9DAA77,0xCD9D85D5,0x8889D305,0xA8A09C12,0x63CC735F,0x518CFC4E,0x7754D9C1,0xCFB787B0,0x451456D0,0x2FB395F7,0x871309E5,0xA3E12E0F,
  0x6E7CABDA,0x9AE01303,0xEF9EC8A7,0x688DC142,0xF49CB8D9,0xB188EE09,0x32408F11,0x20294F17,0xFDF708A1,0x7BA0B3B0,0xD4B5F7CE,0x54132647,0x71A5B359,0x3A6F8D9D,0xC8025FDC,0x6AA7C327,
  0x6BE371D3,0x8F3C0B69,0x1FD91883,0x5C3C24CB,0xE96FA23F,0x26D8258F,0x6288C1AB,0x61E6713A,0x37DF5518,0x90E513EA,0xC6DC37C8,0xD2449D56,0x72CB03C8,0x9D55CB6F,0x757EDBA4,0x8657BB11,
  0x89CD61F1,0x2A2C4FFE,0xEA0112AE,0x1B02707E,0xC2075F35,0x8AA3D160,0xBF56861D,0x5D78963F,0x2EF72703,0x998EA392,0xDEB0F727,0x0144B2F4,0xD69FF5AB,0xBAC95C14,0xC946ED28,0xF6B6BABC,
  0x798AB1D5,0xAD3F461B,0x0B41B21D,0xA1CB2C6A,0x3B2B3F69,0x48A48E55,0x56392422,0x06F16A98,0x279C977B,0x6653A956,0x67171BA2,0xDDDE47B6,0x1269C006,0xB63D3665,0x69C973B6,0x07B5D86C,
  0xDFF445D3,0x85390B80,0x8C52BBF8,0x6479AB33,0x15DC186A,0xC5B28759,0x35F5577D,0x83C86118,0xDA6B9FDA,0x828CD3EC,0x312E3F80,0xBC38368C,0xBB8DEEE0,0xFB066239,0x1498AA9E,0x58E74C36,
  0xE36AA2D6,0xDB2F2D2E,0x186CC0EF,0x1043C263,0xE82B10CB,0x34B1E589,0xEEDA7A53,0xD8419DBF,0xAC7BF4EF,0xFFDD0AC4,0x5ACD4E53,0x1DF31AE6,0x743A6950,0x5E1626AE,0x41CF3E2D,0x473E54B5,
  0x216DFDE3,0x25B6951E,0xF32960B5,0x96147972,0xB2E65E98,0x0DB0D885,0x369BE7EC,0xCEF33544,0xB8E35E71,0x082F028C,0xF5D80A2D,0xE59BC84E,0x91A1A11E,0xC798853C,0x1CB7A812,0x9E3B7BFE,
  0x2347FF86,0x132D72F2,0xC02D5D50,0x738FB13C,0xE0041247,0xAE51F68A,0xD06E9F33,0xB3A2EC6C,0x33043DE5,0x49E03CA1,0x4450E424,0x11077097,0x50C84EBA,0x467AE641,0xB0CC5CFD,0x3FF05794,
  0x0F9ADAE0,0x7F7BDB4D,0xF868D2A8,0x555794B3,0x80A6D189,0x81E2637D,0x7E3F69B9,0x022A0265,0x2942FF6F,0xF7F20848,0x60A2C3CE,0xD5F1453A,0x4D3B545C,0x16B2A8FB,0x059FDA09,0x847DB974,
  0x95C9E877,0xD82E1F97,0x43705E01,0x38790C7D,0x8C135FD4,0xA40B5671,0x8B3F444E,0xBE9D27DD,0xA8490642,0x2DE1EBED,0x81C8303A,0x27169F99,0xBDD1E1D2,0x6F088A31,0xD9B7204A,0x9C725A0C,
  0x2B54CFAA,0xE9ECA191,0x71FE2608,0x2376420C,0x6B6857A4,0xAF651DD8,0x3B35CA72,0x1843887E,0x937CCC30,0x01993FDD,0xC1F4A834,0x403C980E,0xEC1543D9,0x9B5E4196,0x91A935E2,0x35A26393,
  0x072C1B9A,0x672A0797,0x89EABD9C,0x29813678,0x19DAB7A3,0x0B6E4BA9,0xCC2FC7DA,0x6DDD73E3,0xFB585D9B,0xA06B8BE4,0x0F0E963C,0x80510FE7,0xADB0E40A,0x543D4043,0xA6DEAFA3,0x96852E78,
  0x1F6F93E4,0x78459473,0x281809A5,0x7EF0B034,0x08228DA6,0xD5F57079,0xF8149B94,0x6E91B5EC,0x37779A41,0xEB395843,0xE437CE7F,0xF37AD03D,0x3D80EE35,0xEEC0BA0B,0xD195ADEC,0x22EF7DD1,
  0xB6BFAA7B,0x0C425033,0x2EAD2DE2,0x505D9DD6,0x106105D8,0x31C2BE06,0x12B4FC0A,0x5B33D67F,0x51C4A20B,0xDF02040D,0x85A8EDAF,0x328E7809,0x0460DD95,0xC2B86E3B,0x132DC3D7,0x4ACBEC7A,
  0x79DCABAE,0xE31BD5E5,0x706719D5,0xA9D0399F,0xDAFBE645,0xCEFA3E08,0x831DC9E8,0x6466C198,0xC84F1A4F,0xB46A53A9,0x4C7EC83D,0x971C11A5,0xB3464833,0x56E8B991,0x98128799,0x69BDAE76,
  0x5771864C,0x7DBC763B,0xE77B0870,0xBB64C595,0xC06D97E9,0x7B09527C,0x88738241,0x5ECA3437,0xBC48DE0F,0x587F1070,0x5AAAE9A2,0x203A8403,0x49872A75,0x72B2E007,0x8D8A6009,0x1EF6AC39,
  0xB5F36C74,0x7A906DA1,0x331747D4,0x09BBB27B,0xEF5985D6,0x9EA7A3DE,0xC59475A1,0xC9D62592,0xAC29DBD7,0x8EC6A606,0x4DE7F7E0,0x52886404,0x06B52447,0x305B81DB,0x7F698FE9,0x4689BC49,
  0x0E97A9E1,0x00000000,0xB193B1E1,0x1401D84D,0x5D86F238,0xE1CE2C37,0x11F83A05,0xA747907E,0xF1AF29EF,0x1A9671AC,0x6C444C3E,0xE5AEF1A2,0x55A47F9E,0xD6B9B676,0x877D147D,0x42E961DC,
  0xDDD7FDDF,0xD72089AB,0xD2D96BE3,0x3ECC283A,0xFEA1BFD3,0x2ACDF077,0xDC4EC202,0xAA9CFF90,0x1DBA6A36,0x034CC60F,0x0DDB6FEE,0x634ADA02,0x60061C0D,0x5C1FCDE5,0x8284F635,0x998BB844,
  0xA2BE7236,0xF71A0DA8,0x759EFB9D,0xE8759E4C,0x2F34123F,0x86E42BA0,0x36EEA59C,0xCDB6F807,0xD00C9231,0x732BDFDA,0x53115BD9,0xE6E237AD,0x3AACF5AF,0xEAA0679E,0x9AC77E4B,0x682491AB,
  0xA3274DEB,0x4B52D3A7,0xF2E3EFE0,0xC6D8B3AE,0x174D1E42,0x445C459B,0xF0361632,0x7C2549E6,0xC32151E6,0xFC744601,0x5F530BEA,0xB9B13C47,0xB72695A6,0xCA9AE39D,0xBF041800,0x9F3E9C03,
  0x3F5517E7,0x90300A3F,0xA59269AC,0x1B0F4E71,0x619F23D0,0x45C57A46,0xA1F2B439,0xD46C4FA4,0x05F9E248,0x02D5F9D2,0xFF38800E,0xF98DA449,0xAEFC2205,0xC40D4A7C,0xC7418C73,0x41A5A7D3,
  0xFAC16246,0x8AA67B93,0x481E15A8,0xDB62D998,0xE05713EA,0xAB05C04D,0x92E5F3ED,0x9DEB65D1,0x65FFFE45,0xE282EA38,0x774B024F,0xCF6301D5,0xFDED79DC,0x3C19D1E8,0x7407C440,0xED8C7C04,
  0x25C3664B,0x2C78D430,0x1C2355EB,0x39E033A0,0x8431D272,0x4EAB31EF,0xF456CBA7,0x21A3BBDE,0xF5CFF47A,0x59E62FAD,0x9450D7AA,0xB2DF77EE,0x76D23D92,0x6AF16879,0x1598E790,0xCB03DC40,
  0x62D3E5DF,0xBAFDFA48,0x66B3384A,0x245A5996,0xDE9B3BD0,0xD340543E,0x343B5C4E,0x0AF77474,0x16D4219F,0x47108394,0xB00A8E3C,0xF6833275,0x268FA044,0xB828039A,0x8F5F99DB,0x4F320E32,
  0x3AADAC3C,0xDDAF6813,0x8F37C958,0x89C23F1F,0x4B93F4F1,0x709F8468,0xB43BB9C1,0x158729F1,0x701B2C96,0x7DB22486,0xD7524AE1,0x9C4516EE,0x2E8B5968,0x00000000,0xCE591F5B,0x5E14DD00,
  0x96B8341C,0x9168B600,0x06715EB9,0x979D4047,0xF5D1C73C,0xED7B4E23,0xC3F0174B,0x7BC37A3F,0x846B370F,0x55CC8BA9,0x9B113C0C,0x5FB501A5,0x7A62A69A,0x3CDCF285,0xB59A6564,0x0BD856A9,
  0x63ED5BDE,0xDA7FEA0F,0x7AE60E64,0xDC0EB4B6,0xB992B1D1,0x4DE2AA48,0x5E9075FE,0xF8FC67D2,0xDC8A1C48,0x6E4453CE,0x416ED603,0x4C4376ED,0x1503810F,0x2FAE2D33,0x29DF738A,0xD6773EBA,
  0xAA64C699,0xC90D35B9,0xE0D24633,0xF3A09985,0x62C82F85,0x8863E3BA,0x7C13F823,0x84EF9FF1,0xB36F9323,0xEDFFE6DD,0xAAE06E67,0x821A69B6,0xF4701B99,0x22072523,0xA6E8BAD2,0xEB8EB864,
  0x37800CD2,0xE7866CD1,0x0AFD22F2,0x64B9713C,0x894697E1,0x0C08D4B5,0x6518AD99,0x0125745B,0x77CBAE8A,0x0C8C7C4B,0xF878CF2C,0xD1A7BCA6,0xEAABCC3F,0x3C585A7B,0x904DC25B,0x91EC1EFE,
  0x6910792C,0x07D0821C,0xC8ACE91C,0x5F31A95B,0x1FFEA3FD,0x90C96AA5,0x25D7A73F,0x404BA258,0x9CC1BE10,0xBEC69B33,0x30508ECE,0xFFA84D30,0xEC5E3A78,0x4CC7DE13,0xCF7C6B00,0x1E5F7F58,
  0xC4A43DA9,0xD0066003,0xBF674796,0x287EAF2F,0x23A6F986,0x182E21E1,0x546D570C,0x23225178,0x624C877B,0xAB41B2C2,0xC2D56310,0xF2014520,0x9A344857,0x31F1526B,0x14A25DAA,0x8E9615FD,
  0x774F0674,0x659C0567,0xC58149F2,0x4A322854,0x521C09B5,0x0084A8FE,0x2F2A85CD,0xCEDDB7A5,0x9719E8B9,0x54E9FFF2,0x4D6602B6,0x46BE541F,0x9AB0E0A9,0x6994D1D2,0xF285EDDE,0x7B47D2C1,
  0xECDA9286,0x5940F7E2,0x1257ABED,0x1EDBD7A6,0x53BDD510,0xD082C8FD,0xEB0A109A,0x963C9CE2,0x28FA07D1,0x713E58CD,0xADB44485,0x01A1DCA5,0xB51ECD9A,0xF324317B,0x68B1A589,0x6FE58F6B,
  0xBE4233CD,0x9B9594F2,0xDD2BC0ED,0xAC159820,0xD1231458,0xE1739A96,0x6EC0FB30,0x85CAEBAA,0x3175FA95,0xD6F39644,0x829EC148,0x7C9750DD,0xB4BF113F,0x3704A42C,0x41EA7EFD,0xFE099195,
  0xDAFB42F1,0xDBDE36AA,0x7D368C78,0x586583B9,0x0D2DA0EE,0x190B55BA,0xCFF8C3FE,0x0A798A0C,0x9DE4CA4B,0xA7CDCE89,0xAD30EC7B,0x55482357,0x854E4354,0x13F67748,0xA1BC9030,0xB8B7C58A,
  0xE6A3188A,0xB24AE778,0x58E12B47,0x1F7A0B03,0xA01D4C95,0x3B0C7099,0xF4F4B367,0x479B2044,0x4AB680AA,0x30D42630,0xE056EECD,0xB8336D74,0xF9D91389,0xEA2F64C1,0x59C45F1C,0x8E12BD03,
  0x68350D77,0x83BBB513,0xDB5A9E54,0xC374BFB5,0x5298A14B,0x766A722F,0x833F1DED,0x295BDB74,0x3621D077,0xC4209557,0x3A2904C2,0x1426F554,0x4B175C0F,0x22838DDD,0x3DF986DE,0xB3EB3BDD,
  0xC251CBEE,0xD7D6E21F,0x76EEDAD1,0x3D7D2E20,0xC505E10C,0x471F88BA,0xA7496677,0xB916192F,0xFF2CE5CE,0xA13838CE,0xE702C42F,0xFE8D396B,0x0B5CFE57,0x71BAF033,0xA099E46B,0xB2CE4F86,
  0x2E0FF196,0xAC9130DE,0xC9899D47,0x18AA891F,0x0DA90810,0xF95DBB77,0xF5556FC2,0x1372DFB6,0x8FB361A6,0x07542AE2,0x40CF0AA6,0x9D6062B5,0x36A57889,0x6369F320,0x198FFD44,0x88E74B44,
  0x643DD9C2,0x25530FC1,0x6F612795,0xE1F73268,0x3B88D867,0x24F2D364,0x463AFCE1,0xBFE3EF68,0x53397DEE,0x12D30313,0x06F5F647,0x24767B9A,0xA66C122C,0xE627B074,0xC82841E2,0xABC51A3C,
  0x8B808B93,0x09B3F4C1,0x202D6B88,0x314D1DEC,0xBCA04B06,0x1F8B6361,0xD7A25338,0x53FCF113,0xAFA7E2DB,0x2FF34230,0x35471F2C,0x88D26897,0xBD9577BB,0xDA1BA539,0x4D42AECF,0xBACD967F,
  0x5C22D8AB,0x856B9E96,0xCC233299,0x7805B1E3,0x9C8D208E,0x81619C56,0x57F6F3D3,0x237F888C,0x9DB81C33,0xAE92DE66,0x27758A4C,0x591DE6D6,0x156A74A4,0x9266358B,0xA32B2867,0x469685B7,
  0x6F081AFE,0x2EC67E8D,0x40FB58CE,0xB02C81BA,0x040A02C0,0x8AB5B72E,0x953ED44F,0xC2C8279C,0x89E7542A,0xB8AA49C6,0x5A4F05D2,0x7083799F,0x54A410D7,0x47A3B90A,0x332AC255,0x18D382A5,
  0x8DED56EA,0x5F703BAF,0x2CA1A134,0x3E933454,0x321FFEE8,0x170DAB1D,0xD0FAB2FC,0x0BD42B78,0x28ABA3F4,0xF2B006CD,0x73D19A9B,0xB37E62BE,0x053F3E7D,0xE8045BD1,0x6A372483,0xFD6E2F75,
  0xA473C9A3,0x6850FB3A,0xE488916D,0xB513BFC7,0xACF501DF,0x6D6FC547,0x10554AD9,0x99B21EF3,0x3DC1D750,0xBBF8AAC2,0xDD4344FD,0x65E90D3B,0xA9CA3FA2,0xB99F757B,0x76EEA4E6,0xEE6986A8,
  0x74897B5F,0x6E3D2643,0xCF71D19D,0x6965C787,0x1AB45D1C,0x845EA22B,0xE931676C,0x224AB431,0x6384D042,0xC7F719E1,0xDE11A7F9,0x830643EF,0x1307A9DD,0x3FA608E9,0x6B02183E,0x1DECBCD8,
  0xEF5CBA15,0xED3B65AC,0xF5E8E709,0xC590C658,0x52C9CDAE,0x3A993694,0x19E6BE18,0x93530936,0x9BD5C14A,0x71B64522,0xA079CB63,0x9FDFC38A,0x4F257176,0x7A626E5A,0x7B5752E7,0xFA36CEB1,
  0xEA638468,0x4A1A4F0B,0x01353CBD,0x0758E1C4,0x24276948,0x1EBE5FDC,0x966C374B,0x82337F52,0xF3853A70,0x11607664,0x7D3A8F9E,0x45C466B3,0xE2E54C14,0x7E686C9A,0x21185735,0x61E30FFB,
  0x55912C6A,0x56C3CF6E,0xD3A851F8,0x9001EA32,0xA8FF031F,0x6C5AF9FA,0x41CE6473,0x62B1ECFF,0x2ACC7C4D,0xF4DDDBB4,0xDF249B44,0x1CD98065,0xD949463D,0x43A9BBCA,0x8F8A8953,0x9AE0FDF7,
  0x4948AC0F,0xC19AC498,0xE3D070A9,0xC4A5FAE5,0x3CF4EBED,0x60D63346,0xCA4EEFE0,0x0886C87C,0x4B2F73B6,0x7C0FB323,0xA614161A,0x0352E304,0x0C8CCABC,0xE08293AD,0x2BF940F0,0x50AE1217,
  0xB24B5E03,0x66BBEE3F,0x38FEE92D,0xEB56B8D5,0x519B2EAA,0x299E9F49,0xC8293059,0x2640B6F1,0x487D90B2,0x86397D92,0x0267DFB9,0x0EEB1505,0xADC03D62,0x3615FC28,0xDC767840,0xA14CF7DE,
  0x9134D68F,0x5828DA6B,0xFF09F0CC,0xE1B7AF10,0xE5BDADD0,0x066DDD79,0xFC5B13C8,0xBEC794BF,0x79308D5E,0x145F4819,0xCD160E24,0x34722391,0x251255F5,0xA7212AA7,0xE7DA7269,0x0FDE29B8,
  0x1B8161A1,0x97590BF6,0x7F5D5027,0x870C412F,0x4C779272,0x0AE117C5,0xB6415CC3,0xF8511108,0x2D949D89,0xB426837A,0xD4F0B03C,0xD1CF8E41,0xB774607E,0xCE44ED20,0xAA98DCA6,0xD87C7A80,
  0xB119BD07,0x0DB9F601,0xC3FD1B21,0x8EBFB5EE,0x75BC47E2,0x39CBD590,0x77DB985B,0xD6976F85,0xDB2E9984,0x44F15A0E,0x940BE8F2,0x9EEAFF37,0xF0D7D974,0x8CD86A57,0xF9642DB5,0x4E104DCB,
  0xEC0E5911,0x429C8777,0x8054A0EB,0x72E4A626,0x12329560,0xABADE01B,0x3BAC0A29,0xD29D6D45,0xFE3CCC71,0xE6EF4ED4,0xA21E14DA,0xF1E2E5C9,0xC0AFF825,0xF6BA040D,0x00000000,0xFB03F20C,
  0xC91C0CE4,0x64DC3186,0x678ED282,0x9887224E,0xC6C2255C,0xA546F51E,0x5E450712,0xD5C58C81,0x5B7A396F,0xCB7BD35D,0xF78F38B0,0xBFF2A802,0x3720C095,0x30782151,0x163897A0,0x5D17E416,
  0x5259BEB3,0x82CCADC1,0xDB21913A,0xF0159F57,0x1102A067,0x9C907F8A,0xBD4D75A5,0xA8A525A6,0x67316295,0xE7F4D13F,0x7F8E5ED1,0x4E0C7293,0x6FD178BC,0x31822C42,0x59ED3CFB,0x015D860A,
  0xB8FA03CB,0x2A698867,0x4F51F499,0x2C8A6668,0x2DD7E062,0x6C85E0DD,0x0D576C47,0x2860960C,0x4AE682F7,0xC197B315,0x12563806,0x987A8FEE,0x56B34ED7,0xBE19EDC4,0x03549861,0x8D92DFED,
  0xCA23315D,0xA118B985,0xF6F67158,0xC629DB10,0x2FDEFE09,0x952DE3A9,0x16BCC862,0x3EDC5E6E,0x09BD9C23,0xD29C0D19,0xB01A19E2,0xEF14CB16,0xAE46CBA9,0xD522651C,0x796DB0DE,0x8B7131E2,
  0xD72B7B77,0x47B1EEB0,0x4C056CF8,0x9A739185,0xEE494D1C,0x2663622A,0x02091E6B,0xC0CA351F,0x608F0A90,0x0F5E722C,0x0BB48248,0x4D58EAF2,0x49B21A96,0x383FB061,0xF7ABF752,0x992709E4,
  0xC977A93C,0xE5FDCF54,0xCEC9C139,0x23D41444,0xF148195D,0x1AB6222F,0x54BA50BC,0x86265DA5,0xF4FF6F33,0xB1479FE8,0x0E03F426,0x07BE6805,0xA4AFCFEB,0x2289924E,0x8CCF59E7,0x75675A93,
  0x0C0AEA4D,0x2537FA4B,0x6465FAF4,0xD1C89578,0x15E85003,0x293D1006,0xA0453F8F,0xE4A0495E,0x2E837803,0xCB7EB757,0x7D8740BA,0xFAFC9B15,0xE1173F30,0x7B64AEB5,0x415200BF,0x34355A2C,
  0x718DAAF7,0x21DD0A2F,0x7ED3D8DB,0x08E01A29,0xD9288F51,0x105F266D,0xFBA11D1F,0xD47FE316,0x1D084A2A,0x04EAF064,0x91C713CD,0x70D02CFD,0x1F015441,0x510D26D2,0x9FC4E7EB,0xB2130789,
  0x693296B3,0x19E2BA4E,0x686F10B9,0xAD1253C8,0xBC10F3AF,0x65387CFE,0xD0951372,0xC39EAD7E,0x2B340E6D,0xCD9D5958,0xFE166B71,0x776E44F8,0x8A2CB7E8,0xE6A95735,0x9B2E178F,0x5D07CC9F,
  0x8572C5C4,0x783036D4,0x06E3EE0F,0x3D88C60F,0x5C5A4A95,0x8F9BC186,0x666CE49F,0x6B3B88D8,0xA5F249E1,0x5F0ED2F4,0xEC405377,0x57EEC8DD,0x3B6B2800,0x92938BAC,0xA9F8A3AC,0x17E14E68,
  0xEBFE3B72,0x947065A3,0xD3C18B13,0x4BBB04FD,0x363C4447,0x1C55CC20,0xFF4BED7B,0xE9F72519,0xDA7C1730,0xC420C57B,0xFD42F310,0xB5AD6F8C,0xB6F9F7ED,0x6A660ED2,0x400F86B5,0xF21C813C,
  0xF3410736,0xA6A6D180,0xB4F0E986,0x89782F89,0xA24C21E4,0xED1DD57D,0x3568DC26,0xB9A785C1,0x45B8F0DB,0x3962366B,0x3A36AE0A,0x5050A0D8,0xB34E8183,0xB7A471E7,0xDDC27F35,0xAAAC3BCD,
  0xBF446BCE,0xABF1BDC7,0x1BEBA425,0xA7FB578A,0xC57D4371,0x8EC6478C,0xCCC0DF52,0x5AB9A49A,0x130BBE0C,0xE243A751,0xE31E215B,0x819835A0,0x18BF3C44,0xC82A2F36,0x9724FDC2,0xDE96E754,
  0x6E8CFEB6,0x842F43CE,0xE8AAA313,0x273EE420,0xAF1B4DA3,0xAC4FD5C2,0xCF944733,0x338B3229,0x63DB92F1,0x3761C24D,0x6DD866D7,0x55E7D6B6,0x7CDAC6B0,0x9E9961E1,0x3F81D864,0xDFCB615E,
  0xC7745D1A,0x5BE42290,0xBAF31DA0,0xBBAE9BAA,0x246A7C41,0x8825A983,0x05B7766E,0xD875095B,0x530438B9,0xC2C32B74,0x3CD54005,0x93CE0DA6,0xEAA3BD78,0x30DFAA48,0xFC1F751A,0x628614FB,
  0x96797BC8,0xDC9FF93F,0xE04AB93A,0x80C5B3AA,0x72D93296,0xD676FD7D,0x909A95C7,0x743ADC99,0x7384B49C,0x0AE90442,0x9DCDF980,0x20808C25,0xF5A2E939,0x46EC68BA,0x32D6B423,0x00000000,
  0xA311A7EE,0x14B5D609,0xF9A80374,0x5E5354FE,0x48EF9C9C,0x83912BCB,0xF8F5857E,0x7A3928BF,0x44E576D1,0x420698DE,0x61D28C9A,0x58B0BAF1,0x7633C2F2,0x1E5CD24B,0x877BDBAF,0x435B1ED4,
  0x00000000,0xF88FD819,0x4A89A776,0x1E06D09C,0x896A4CEC,0x7A2C8347,0xC125C7D9,0x237281F4,0xB2067F6F,0x2A7DBA05,0x60F41D73,0xC77333BF,0x48011DB8,0xFE97BAF2,0xA1D1DAAA,0x5F08F6D5,
  0xC8646AA5,0xD975E323,0xC5B51FFC,0xA19F4C27,0x8F3CB88A,0x52971501,0x2C65D8EE,0x5910943E,0x15CFC72E,0x4E57E9DE,0xBF999CBB,0xED401F37,0xFA49F45A,0xAA565B95,0x0490D825,0x36F3D057,
  0x56495BA9,0xA8DEE15B,0x8DB40244,0x60BA8BFE,0xDF6D81C8,0xE6C79E08,0x7A6215CA,0x410E2649,0x1C8E6A52,0x3435FC14,0x753BDA5D,0x82A35B5E,0x181EB277,0x2C2B4E63,0x2EED6220,0x115F1F0B,
  0xA50F9402,0x28BB9646,0xEB16EB51,0x3FB27D2B,0xDDE53B06,0x5F466058,0x6464C556,0xAA18CD18,0xC73DA532,0x82EDCDD3,0x9ABDE929,0xEF863374,0x8633837B,0x62323130,0x78A43989,0xE6890885,
  0x004E968D,0x45D068E1,0x32630872,0x548F77EA,0x5D804C1B,0x2A332C88,0xDDABAD8B,0xBD112675,0x95AAB033,0x69FB2682,0xAEC683B0,0xD2F2621C,0x7EBC5B62,0xC5FB8971,0xB41E1D84,0x6B739C4C,
  0xB248E9E2,0xBB09449E,0xA541028F,0xB0C0532C,0xAC00AFF3,0x090F3BF1,0xED0E89BA,0x95E426BE,0x9CA58BC2,0xC3AD7D17,0xEFC8A5F9,0xF5103BCD,0x501FAFCF,0x4758D22F,0xE44F24C6,0xE0DFFCE3,
  0xF3085926,0xF7D6178E,0x39E4894D,0xCE329EC3,0xCCF4B280,0x4AC731FB,0x1E484611,0x43869C87,0x93B2D2D8,0xC3E3EB9A,0x0BC917B2,0xE9D0C712,0xBB47D213,0x75754CD0,0x0656F466,0xCAECD06B,
  0x8F722E07,0x3FFCEBA6,0x77B36093,0xD662BA39,0x21FA3B3A,0xCCBA240D,0x11118986,0xD4A4967A,0xC82AFC28,0xDF231745,0xD62C2CB4,0x9E63A781,0x1AD89E34,0xE219D0A0,0x4C91C59D,0xDBB3CF60,
  0xB08EC5A1,0x69B5B00F,0xB981FE50,0x21B4ADB7,0xD4EA00F7,0xCE7C084E,0x66EC7F98,0x322D9EFF,0x736D2E3B,0xB9CF68DD,0x627CA7BD,0x233C1779,0xD2BCF491,0x7323B8B6,0x6D6BFEA7,0x30EBB2BC,
  0x0DD17559,0x0F59CF97,0x8BE2F622,0x8924DA61,0x459EFE6C,0x3B22A50E,0x27ACCF5C,0xAC4E397E,0x8065771D,0x158151A3,0x347B6A99,0x17477DE0,0x913A6816,0x642A53DB,0x54C1E167,0x802BE190,
  0x5607CD24,0xFC5196B1,0x9AF37FA4,0xA7872ECC,0x9174FE9B,0xA7C9B841,0x471644A2,0xFA0762D7,0x3D745168,0x3B6C3383,0xA3596064,0x78EAAF04,0x7EF2CDEF,0xD0344E5F,0x7C7A7721,0x4140B0C4,
  0x8DFA94C9,0xDBFD59ED,0xF1CE7565,0x1A9608B9,0x5DCEDA96,0x84BB39B5,0x52D9838C,0x2EA3F4AD,0x987BC56A,0xC16B5154,0xBFD70A36,0xE0916A6E,0xF180E3E8,0xD07AD8D2,0x0B87813F,0xB4508B09,
  0x6D25682A,0xE257462D,0x976C9C70,0x66A2E915,0xBD5FB0F8,0xA317F6E9,0x061862EB,0x36BD46DA,0x4CDF5310,0x1709EB6D,0xA89077D6,0xCAA246E6,0x0288BACE,0xE99E519F,0x256AE31F,0xB6D831C7,
  0x1CC0FCDF,0x0D9FE3D4,0x39AA1FC0,0x0941AD7C,0x6FADD2E4,0x25247592,0x43C80A0A,0xB696A74A,0x77FDF61E,0x13993348,0xFC1F003C,0x595E02B3,0xEB587DDC,0x8BAC60AF,0xAE88153D,0x84F5AF38,
  0xE401B24B,0x6B3D0AC1,0x0F17591A,0xF55EAD40,0x983553E7,0x97220AFD,0x6FE34469,0x27E259D1,0x13D7A5C5,0xF346CFAB,0x9E2D310C,0x867D15F6,0x9CEB1D4F,0x30A52431,0x5B982EF0,0x4E197F53,
  0x185024FA,0xF7988103,0x04DE4EA8,0x28F500CB,0xF8C14E94,0x71E594F5,0x93FC4455,0xFED92C7F,0x5BD6B87D,0x50513942,0x02C62C43,0xD93B75AE,0x3D3AC7E5,0x7C34E1AC,0x484F8B35,0x71AB0278,
  0x31E1B374,0xB6AFFCE9,0x4AF802AD,0x00B7398D,0x06219E1E,0x190260BF,0x24939596,0x7F3D1DC2,0x0AE6E1CE,0x6C6EA53E,0xEFB37F35,0x7148699A,0x836AE386,0xA74E4F9D,0x643A4F78,0xBCFE24AA,
  0x941DF761,0xEDB64D30,0x9E4C2F22,0x2EC24DD5,0x4C6EA53E,0x90395B7A,0xE5559EFB,0xBC491D27,0x3F23FEA1,0x3D26CCA4,0x15C51F6F,0x421BD166,0xF027B819,0x756CC581,0xAB89304D,0x908E62F7,
  0x87F97610,0x1B0752BA,0xFC57FE44,0x648D76F5,0xD8C46BD2,0xF295B391,0x20B7398D,0x0854EA46,0xD0908194,0x390260BF,0x3B0752BA,0x26219E1E,0xFE52CC41,0xD873525F,0x663F7D7D,0xFA76605A,
  0x04939596,0x874E4F9D,0xDEE5F5CC,0x9618C564,0xE17132E0,0xE7E79573,0xDE52CC41,0x1353B8FC,0xAD1F97DE,0x98DA88B1,0x401EE363,0x2AE6E1CE,0x5148699A,0x0424AC1B,0xB8DA88B1,0xD4B42D8F,
  0x02B20B88,0x484A0925,0x4CD99CB3,0xC5559EFB,0xC750ACFE,0x5D382FC7,0x57DECE09,0xE37400E5,0xC992E12B,0x177714E7,0x55DBFC0C,0x8DA8AE53,0x601EE363,0x6EDCAEB6,0xC1C60B6D,0x60A9DAEE,
  0x28E3D3CB,0x40A9DAEE,0xBEFB16AF,0xF2228A1C,0xF6B11F8A,0x42ACE8EB,0xCFB37F35,0xA16FD183,0xA93B3BC5,0xB0395B7A,0x556CC581,0xC37400E5,0x5B19B1D9,0xA36AE386,0x2A51D843,0xE925D8A6,
  0xD4031402,0x68FD30A8,0xCB97D32E,0x0C70465D,0x443A4F78,0x7769F784,0x898C0248,0x6E6B973B,0xA1D8E80E,0x377714E7,0x2696A793,0x4E6B973B,0xA98C0248,0xCDB64D30,0x923C697F,0xBA688339,
  0x463F7D7D,0x5769F784,0x9CFE24AA,0xBE4C2F22,0xCB20EAA3,0x11E1B374,0x3D91F529,0x83DDDA0B,0x48FD30A8,0x7F8A244F,0x0EC24DD5,0x9EFB16AF,0x6A4F3B20,0x3BB06B37,0x73FA6212,0x1D91F529,
  0x468844F0,0xE750ACFE,0xD2228A1C,0x3353B8FC,0xE3C33968,0xF873525F,0x5F8A244F,0xB28B50F2,0x2C70465D,0x8F1AA5DB,0x2E757458,0x4EDCAEB6,0xD6062607,0xB4AACEEC,0x2854EA46,0x7B19B1D9,
  0xD027B819,0x7D8F164A,0xB41DF761,0x35C51F6F,0x357226E2,0x8B89304D,0x13E48171,0xB618C564,0x94AACEEC,0x816FD183,0x986DB13C,0xB08E62F7,0x9ADFBAB4,0xA54B7D98,0x684A0925,0xA3DDDA0B,
  0x5F3D1DC2,0x5BAE8854,0x893B3BC5,0x0CC77FD0,0xF4B42D8F,0x1BB06B37,0xC5E2A776,0x33E48171,0x22053205,0x08E3D3CB,0xEF0446B8,0xCD0174BD,0x0A51D843,0x791C83DC,0x1F94C72C,0x2424AC1B,
  0x621BD166,0x53FA6212,0xEB97D32E,0xF8C46BD2,0x85FC4415,0x81D8E80E,0xC7E79573,0x39B55932,0x71FF5017,0x668844F0,0x77DECE09,0x62ACE8EB,0xF6062607,0xDAC159D7,0xE1C60B6D,0x8D1F97DE,
  0x591C83DC,0x0E757458,0xFAC159D7,0xDC57FE44,0x37C02D6A,0x9C491D27,0xADA8AE53,0x157226E2,0x8B3E09C0,0x00000000,0xAB3E09C0,0x854B7D98,0x5D8F164A,0xDA76605A,0xC3C33968,0xC925D8A6,
  0xAFAD9C56,0xA7F97610,0x2CC77FD0,0x31568AF9,0x96AFFCE9,0x1D26CCA4,0xEB20EAA3,0xA5FC4415,0x51FF5017,0xDCE0C7C9,0x9A688339,0x6CD99CB3,0x928B50F2,0xE992E12B,0x11568AF9,0xE5E2A776,
  0x7D382FC7,0xB23C697F,0xD6B11F8A,0x7BAE8854,0x6AF802AD,0x17C02D6A,0x02053205,0xFCE0C7C9,0x8FAD9C56,0xB86DB13C,0x534D5B9F,0xF0908194,0xAF1AA5DB,0xED0174BD,0x0696A793,0xD295B391,
  0x59ABBA51,0x75DBFC0C,0xBADFBAB4,0xC17132E0,0x4A4F3B20,0x734D5B9F,0x20000000,0x448D76F5,0xCF0446B8,0x3F94C72C,0xFEE5F5CC,0x1F23FEA1,0x22B20B88,0xF4031402,0x19B55932,0x79ABBA51,
  0x1E4F8D56,0x941ADF86,0xE58215B3,0xFA02F208,0x857BC1D0,0x90157229,0x41009D48,0x51AEE9F3,0x55A1445C,0xFE18B04F,0xEF6C41F1,0x0AFBBBAA,0xD4D52823,0xD115EF61,0x0F3B7CE8,0xE042D2F1,
  0xA5580DFE,0x0B213EAF,0x8A40BD38,0xA08D2554,0x547BC159,0xBAD8EA45,0xBACD05AD,0x8B9A383D,0x80AEE97A,0xE45890B6,0xC5B43675,0xB5F67945,0xBEC2A802,0xBF182D07,0xCB402070,0x450F30E7,
  0xAE793351,0x9B21A36E,0x3FA32B95,0x3497FAD2,0x7057A0D8,0x40CFF7A5,0x3A63ECD7,0xBED747EA,0xCA9AA575,0xD0DA858C,0xF4E30BE5,0x44D5B5E2,0x11611E56,0xD50FAD26,0x5A8FD75C,0xDA213E26,
  0xFFC2354A,0x24398E69,0xCF4F8DDF,0x05D528AA,0xF0ECA64A,0x8E4F1097,0xC5A1D99D,0x9AFB266B,0x44C05A0A,0x4BEEC90A,0xAA637116,0xEF79AE19,0x040FADAF,0xAE6CDCB9,0xBF0DC2EF,0xEEB6C4F4,
  0xCE9508DA,0x5F5AFFF6,0x7AAC1B72,0x60F9D463,0x652CFCC9,0xE18DB81C,0x041A4247,0xA54DE216,0x95C05A83,0xC1BB9BDA,0xFBCD98E5,0xC46EB370,0xAFA3B654,0xBB1780A8,0x856E2E38,0x7EA3B6DD,
  0x81746C7F,0x21F9492B,0x411572A0,0x1A55CF11,0x01CF6AED,0xEAAC86B3,0xEB7603B6,0xE597FA5B,0x2B02F281,0x1F950853,0x4A21A3E7,0x4E2E0E48,0xA157A051,0x546E2EB1,0xDE2E9389,0xDA34D1CE,
  0x6FD74763,0xFE0D5FA7,0xEAB9695B,0xDBFBBB23,0x1B9AA5FC,0x3E6C4178,0x3558903F,0xDFE1F964,0x308DB895,0x0B34D147,0x70424F30,0xF5398EE0,0x65391321,0x3A76033F,0xCF5A6237,0xE44D7F5E,
  0x1B8F4A14,0xD0CF6A64,0xD4C0C7CB,0xB42CFC40,0x7F6CDC30,0x55B4ABB4,0x2B171D69,0x5B40BDB1,0x3BB969D2,0x8E5AFF7F,0x3BAC863A,0x2023CC2E,0x0EF41605,0x4BFB26E2,0xFBD8770D,0x2EC235C3,
  0x9B344C86,0xC1AE7432,0x1A4020F9,0x84A144D5,0xF0F949A2,0x90009DC1,0x2F18B0C6,0xB02351EF,0x14A1D914,0x1E5A62BE,0x1F80E7BB,0x40DA184D,0x157B5C11,0x61235166,0x25E30B6C,0x91CFF72C,
  0xFA171DE0,0x744DE29F,0x2AD87784,0x6A178021,0x14B436FC,0x6136BE8E,0xB43913A8,0x203623C6,0x6BD8EACC,0xC47B5C98,0xB1EC3B02,0x6FC2A88B,0x0EE1F9ED,0x7B769E77,0xABAC1BFB,0xD51A42CE,
  0xF4F6E40D,0xFFD7DAA2,0x9EF48BC4,0xA4976713,0x9EE1642C,0x8F807A7A,0xCE80E732,0x60EC3B8B,0x64F679CC,0x4FF48B4D,0x7597679A,0xF52C6108,0x25F6E484,0x6BCD0524,0xC0611EDF,0xCA8F4A9D,
  0x31573D90,0xAA769EFE,0x5E807AF3,0xD1000089,0x75828872,0x4A344C0F,0xA098CABC,0xCB55CF98,0x4FE164A5,0xBB026F40,0x84B4AB3D,0x3FB6C47D,0x0015EFE8,0x6E182D8E,0x01DA8505,0x64E39624,
  0x3482153A,0xF123CCA7,0x81618397,0x4E3BE1A0,0x451ADF0F,0xB5E396AD,0x9F3BE129,0x2ED7DA2B,0x9F2E0EC1,0x5F4F101E,0x0AEE5442,0xEB63EC5E,0x0F2E9300,0xA48288FB,0xDBEE54CB,0x91DA18C4,
  0x7F7933D8,0x10AE74BB,0x156EB3F9,0x354D7FD7,0x51BB061B,0xB1F9D4EA,0x80BB0692,0x5A9A38B4,0x00000000,0x7AB9F49A,0x05C0C742,0x6A026FC9,0xAFB659BC,0x8B8FD7D5,0x95D5B56B,0x718D25DD,
  0x5E95951B,0x9AEEC983,0x50746CF6,0x7198CA35,0x6E0DC266,0x2ACD986C,0xDFF4168C,0x10BB9B53,0x74580D77,0x2F0D5F2E,0xEEA32B1C,0x242C6181,0xC074F137,0x3142D278,0x8A5552D0,0xDE3B7C61,
  0x3E79AE90,0x1174F1BE,0x21ECA6C3,0xF136234F,0xA1424FB9,0xB036BE07,0x8F959592,0xABB9F413,0x5061831E,0xE19857F4,0x5B555259,0x7EB65935,0x940F306E,0x7B63719F,0xE0573D19,0x3098577D,
  0x6D56B409,0xC9649F22,0x532A34C6,0xAD97A30D,0xD5BE269E,0x47AC856D,0xFEBD97CB,0x8CFD799B,0xB91112A6,0x4E35243A,0xFF4417FA,0x922E8A82,0x79EC2CD3,0xAE5B40E8,0x3DB0632A,0x1D1F10FC,
  0x8D38D0DB,0xD47B8FDE,0x91DE4016,0xF4D4FC08,0x3F8500FE,0x78298593,0xA7C2E1BF,0x4DC5EEAE,0xA7FEC8CE,0x2AFA3164,0xAFA2C0D9,0x7A1CE647,0xA4322B2B,0x1EEFDA68,0x7240EE50,0xDC1BAEB8,
  0xDDDE07F8,0x8F0DB30F,0x20AF73D6,0x0BACC283,0x3FB9298F,0x0B90EBF2,0xE80E45B4,0x0A696BC3,0x5AB39591,0x849D58FD,0x3C49E31B,0xFD4D5D5F,0x64CF155E,0xE39EAE46,0xE9F7C585,0x00000000,
  0x64F33C2F,0x216ADA96,0xD5820FEF,0x73B96E61,0xA5CBAB1A,0x99BE6170,0xB088B3F1,0x4C3C6E9F,0x1486B1AB,0x2156F3E7,0x4E090D4B,0x46692C2D,0xFD71742E,0xA5F7826B,0x5B763CD1,0x445C4FF9,
  0xAC6E233C,0xBB247172,0x35D0424C,0xCAA87CC7,0x84A1718C,0x28F37BC1,0x1ED3F319,0xCA9455B6,0x51237E63,0x16B3D27F,0x91E26967,0x6536956F,0xFF783E8B,0x1F165A59,0xE06E64D2,0xB3787965,
  0xC1389735,0x2AC61815,0xAC520A4D,0x37D908E9,0x2B3F9824,0x52EF9D86,0xE0524DA3,0x362088D8,0xBADDF143,0x1F2A7328,0x174A524E,0xB281F954,0x20935AA7,0xAF9EE9A8,0xD64EEC0A,0x3415EB0C,
  0x511F5712,0xC331DD90,0xD78B454A,0x1D23398D,0x01F98031,0xF4E8D579,0xB92D3BD7,0x03CCE3E5,0x718C0DB5,0x08602166,0x9A728295,0x35EC6B3D,0x8751BB18,0x4599E6B9,0xEA070F11,0x727CC721,
  0x361CA1A9,0x17767B3F,0x023563D4,0xA63B618E,0x7A20CF36,0x4DF9C7DF,0x6CAF3438,0xB17133C0,0x71B024C4,0xD7B76C3B,0xB2BDD025,0x6EA67E9D,0x9027C027,0xAE676999,0xB8D4BBE6,0x7815ACE2,
  0xCB6DD587,0x876D9269,0x9BB72BD5,0x6F5FFEAC,0xA60748FF,0x673FDFCA,0xF724369C,0x3E7C80CF,0x01C5A940,0x7049A4F5,0x4655055C,0x50DAFE52,0x3429C27D,0x0A5542B2,0xBAE1D832,0x6F63D7DD,
  0xB14D1AB1,0x5A8FBCE0,0xE9CBECF4,0x5B4A15A0,0x44606688,0xEBC2A651,0xF6E19FDC,0xE2672E77,0xBB185803,0x3C75CA6A,0x1CE690CD,0x4790AC1C,0x45A5CFC8,0x2936D281,0xB3445014,0xDC2787C9,
  0xADAB8A7C,0x9847E141,0x8EF4333E,0x73854710,0x28CF52B0,0xE3A28737,0x229A1002,0xFC88F41F,0x37E52198,0xC2C85DA1,0x8D04F9AA,0xC8A13662,0xC0FD3E75,0x50E6D723,0xCB51FCF6,0xE25B0706,
  0x3D8C4A5B,0xF52D7C39,0x5886F645,0x22A63973,0xA40E025A,0x8CC150EA,0x3E40A9BE,0x4FF08D7A,0x1CDAB9BC,0x09A58826,0x8558F1BD,0x987BC830,0x8F319A7E,0x157F319A,0x0999A157,0xE1ABCD92,
  0xC2F474D0,0xFCB4DD6E,0xDFD74D5D,0xC30DF4E1,0x86A83B29,0x59435F05,0xC104BE44,0x8564D8CC,0x7BD94F07,0x70758D84,0xEBFE8F20,0x901BE956,0x085C0817,0x7BE56676,0x23639033,0x650ABC1E,
  0x66C65FFB,0x79D005A2,0xF5115548,0x4C0047EE,0x290AFBF0,0x9A4EABE4,0xD447A6AF,0x8EC81A4F,0x52D3B4F7,0xB8E89297,0x14BA98DA,0x9B8B02A4,0x003C2971,0x53161DB7,0x9212A3F3,0xDFEB642C,
  0x597F7674,0x93EB23C2,0xF6DDB6AD,0xE8326CC5,0xDE12E41D,0x4FCCA40B,0xD672C57B,0x58BADF34,0x168FFB0E,0xC958B653,0x154318EB,0x03F0CA94,0xB0B49A80,0x99824801,0xDE2ECD6C,0xEA3B2660,
  0x6E9A57EC,0x86941258,0x6703F6BB,0x6C931D49,0x66FA768A,0xC89D1F13,0xF7181FED,0xDDE22E89,0x2B03B155,0x235FB942,0xE197E4E3,0x02094AA5,0xC0C11704,0x6D6A9D78,0x93D70AB3,0xFE81BEBA,
  0x26729096,0x7C2F3219,0x5C90BCC6,0x0B2D9D95,0xFFDFE159,0xBDEDA0B1,0x5A5DA28F,0x59E60F40,0xC70F8CE1,0x8510B284,0x38FD1235,0x7FB9E05B,0x853DCD09,0x71E2CE48,0x0E76519E,0xDA16DC00,
  0x20BF8EDF,0x4A890E3F,0x9D522E6E,0x08BB4FD7,0xD4608D9E,0x909FD23F,0xE17D1C77,0x51703F1A,0xFC49331B,0xD9AD71CF,0xBDC0DF3C,0xA0F4F050,0xD280EC5A,0x83DDACCD,0xC979DD7F,0x0396D242,
  0x0E5B2E13,0xF23F6285,0x2804C108,0xAD14738C,0x95E961B9,0x3DA6DE3E,0x9652CC76,0xC4B4212E,0x23042310,0x868660C6,0x2829BE85,0x5F066E84,0xB6C03D24,0x6440D17E,0xA3622212,0x6CD6E124,
  0xB6ED42A9,0xC25440EA,0xEC9D9FAB,0xB57B90EB,0xDF606F86,0x7959819F,0xF749D103,0x98249DE8,0x4FFFBDB9,0x4932A3F0,0x8B66E31A,0xF912FF10,0x628DCF37,0x6F403366,0xC1C292A8,0xF184CF4A,
  0xBE560D7E,0x13427EF2,0x0DE083DC,0xE9C653A0,0x41A493AA,0x2BBF6CC7,0xEF0B4DE9,0xF93F809D,0x10D4ACB0,0x71CFB1C5,0x33D08FA0,0xCF99BCBB,0x1634CD74,0x3E300C7C,0x18429CEA,0x38D06DB8,
  0xFA842D52,0x136F017F,0xA0D98FDD,0x9309007D,0x8B4B9C97,0xCAEF0F3D,0x52E6ED58,0x1D1950E1,0xB89B1337,0x9BB24FAA,0x515D4097,0x7C024D94,0xCC0F6EF9,0xD7F65FDC,0x2D5F0D03,0xF4DF0341,
  0x90B2ADB2,0x8DABFD53,0x2EC9DF41,0xA6149194,0x9D7F51E3,0x9EE983A1,0xEF263264,0xC954A2F2,0x52CB92D5,0x83F0D340,0x7F949FD6,0x6F6D4CEB,0x698D2D2F,0x055BCC0B,0x25C93D59,0xEA5081E2,
  0x2EE4A0CC,0xD44DF213,0xE15063FA,0x421F3E65,0x93247FF0,0xB0205CE0,0xA34F5D9F,0x6A3680E0,0x542BF311,0xE7B0023E,0x88DD4ED5,0x186FE367,0xF2121D08,0x4744F26E,0x646DAEF3,0x8E3D2F11,
  0xAEAFDE43,0x9EC4FC2C,0xFC644C96,0x06E061C4,0x9B9F3027,0x7AE22C50,0x1D342F6C,0x67D6033C,0x265FEF1B,0x4189EC27,0xC2793F67,0x86AB1F4B,0x772FD001,0xF4F27CCC,0xBB20BEF8,0x6CFB9EA9,
  0x23295C9D,0x44D2202C,0x4C441076,0x7ACF53DD,0xA84FBF87,0x3530EE64,0x88F03158,0xB3B68EA2,0xF764AE8E,0xD7DB2051,0x5CBDC34B,0x2092F152,0x4FD2C234,0x2B92134A,0x59CB70CD,0xE40BAFF1,
  0x10F9D33D,0x9809E265,0x0896305A,0xE426D07C,0xEA7DFE6F,0xC4995EA3,0x4C696FFB,0x62A0B0BA,0xFAA952DF,0xDCF6BDC4,0x967FB3FB,0x57905EDE,0x5F2B1109,0x74947DCE,0x611B1D75,0xB8B66CBA,
  0xA862C00A,0x72596387,0x8D8682DE,0xB556EF66,0x54068C9C,0xCC221174,0x30465DE2,0x7702AF8C,0x69A052A2,0xE79D7DB3,0x15A21F36,0x1EA2FD2E,0x2D72728E,0x1E8F82A3,0x44FF5FA1,0xB39BF12F,
  0xC1EFED25,0x36A63C26,0x1BD44EA8,0x25E442D4,0xABD96DC5,0x491FDC7D,0x613662F8,0xECB0E026,0x3E1D73F1,0xB00D236D,0x7974FE12,0xA639EE19,0x351D91E9,0x8E10509C,0xABF41248,0x3B6BC077,
  0xE2EBCE35,0xD9800E42,0x0DCDFC51,0x80660102,0xDA3BA38D,0xBB0DC175,0xA58243D6,0xDF4D100B,0x306B226F,0xCFB4C336,0xD2AD93D7,0xDCDBC249,0x158F60BB,0xD1163E18,0x0576B386,0xAE82A1CE,
  0x804B7E8F,0xF1A9B0C7,0x3D8BA1B3,0x002D7F8D,0x00000000,0xCAC270B0,0x74B90243,0x1619B2F9,0x57BD2153,0xE2C6B1B8,0x3B46BFFA,0x33FDF02D,0xBE7B72F3,0x72741C0A,0x06CD1E49,0xFFF29ED4,
  0x423241E8,0x4AA471B2,0x5A70DD02,0x1BF93125,0xA5AF3C5B,0xE9EB2C2D,0x368B43AB,0xD13B4195,0x03BBADCF,0x6A1BFF6D,0x0B00E218,0x47698DE3,0xAD390C01,0x95C41E34,0xC722F36C,0x67FB7CB1,
  0xB44C5F49,0xD0AEA7F7,0x3842A36C,0x71B50245,0xE79F3FED,0x78911530,0x5AF777D1,0xF1AC6415,0xC3AE710F,0x864E4A53,0x5FB4D498,0x80694819,0x2102C3E2,0x46F4B416,0xA45806FB,0xC5F95D0C,
  0x93699EE1,0x34251750,0x6DB6C182,0x1370F8B1,0x61D175BE,0xF78B665F,0xC6EDD246,0xB17FD249,0x7BF5B433,0x6ED26081,0x7B859A7A,0xEBF88BD1,0xE1B83DA7,0x34553919,0x2172EDAB,0xFDBBFE60,
  0xAB5B13C4,0x74F6A10C,0x53A34EED,0xD689A5BD,0x1A24C18D,0x9F7E0494,0x19304EC7,0xE2DC9CA4,0xEDDF899B,0x53D360A4,0x2856FADE,0xFDCBD029,0xCA8A667A,0xEECB06D1,0x1527D4B2,0xF8887360,
  0xA74C89B1,0x106477FB,0x4CB40260,0x1F6762C4,0xCCDD4A79,0x99292897,0x830DE91A,0xF7FB4816,0xB26B5D03,0x1F174C8D,0xE2ACB2ED,0x78E13B79,0x5CA05BD2,0xF4EFC75C,0x43C73916,0xB728FE4A,
  0x3B562C26,0x8F1A736F,0x49F7A129,0x68854C82,0x80196650,0x56E0EDA4,0x0F03153F,0xBE0CE93F,0x2B325BDD,0x50B7C1A7,0x226662E1,0x3202151A,0xFB9CFC2A,0xD3CA06F4,0xD59D2AF7,0x0C179A75,
  0x1A54EFC4,0x9319B0A8,0xEDAFA7D2,0x9F0E2ADD,0xC0BAFE45,0x8F6A5D26,0x71C52C0C,0xD0DE89BE,0x678659BD,0xDA9E3FC8,0x9C6A8BDE,0x09241775,0x00000000,0x3E158F6F,0xFEAF712A,0x03148F4A,
  0xAD7C118E,0x74868F45,0x3E65A126,0x3D010025,0x3166B419,0x05338D00,0x4A93002A,0xBB4F4A76,0x9A3DA7DD,0x7EB6177A,0x38328D25,0x6EA24EC8,0x45E03B5C,0x8A29FE6F,0xF2B8EB5F,0x0F733B76,
  0xAE18B08D,0xC3DE5F46,0xC69DFC0F,0xC9EEC779,0xE7EF11A4,0x6DC6EFCB,0xF1DC4A5C,0xE48BB0A7,0x7EC63933,0xDCB93D82,0x3B26026F,0x9C1AA597,0xF8F85D29,0x6BE1ED81,0xCFC9C533,0x907D11AB,
  0x1300D6F8,0x62C5FAF4,0x2755EFE1,0xA83FB2C7,0xF49FE915,0xCCAD6430,0x77E22E46,0xD3BA28BD,0xBB3F643F,0x45901515,0x995906DE,0x894D5F6C,0x06572C03,0xCFB9EB7A,0xA27F04B1,0x67F677F4,
  0xE4FB9EEE,0x164375B1,0xA42828B2,0x68F562CB,0xB21B734A,0x855AC519,0x8A59D026,0xFEDF5F63,0x0A40B676,0xE8EC049B,0xAD0C3FC7,0x893D7125,0x5FC4FAD1,0x954E9CAB,0x6492D6F7,0x3D712E6C,
  0xEB88A598,0x7792000F,0xFBECD263,0xB82BEB75,0x3741B653,0x55F462EE,0x0543A349,0x32723B53,0xDFADB2C8,0x5993D6D2,0x2D6577DE,0x72A18D0F,0x4FA08D2A,0x1557FAFB,0xA84F9C8E,0x6B91C3C8,
  0x0627024A,0x24314EE2,0xD6F98BF4,0xB758D003,0x2D155997,0xBD186675,0x0364A103,0x4CC42C29,0xAE689EC4,0x852AEB50,0x5A875998,0x40D3B65C,0xD9FA9ECB,0xF2C8C516,0x2B427594,0x101459B2,
  0x2826D497,0xD98AB082,0x1C03C3C7,0x00702E49,0xE1C813EE,0x61A15BF7,0x8C7ED26C,0x64E2F8BE,0xD5ED04BE,0x46849A5F,0xA16B8BFB,0x22164CA8,0x2E01D6DD,0xCAFA4833,0x837DC753,0x863E641A,
  0x50C7EFEE,0x5CD0759B,0xBE7CC776,0xC5897345,0xBD68483C,0x43B7175F,0x953EB2E2,0xE89C2AD2,0x1C73ED8E,0x5690C3ED,0xDCC913CB,0xC0CAD00C,0x244160AB,0x16335BF8,0xA20F2AF8,0x0C67B43C,
  0xB85BC53C,0x55844CA7,0x62B5D4BD,0x8C0EFC25,0x4FD0A363,0x7DD2B679,0xEEBB2898,0x900D3FE2,0x9A4D8994,0x49878F60,0xB10FFC00,0x2725C1A8,0x2E71F894,0x3731981A,0x59E3F89B,0x4AE32E63,
  0x72D1A346,0xB43C7100,0x962A3DA8,0x7DA29830,0x0A30983F,0xA73CA7F8,0x0954393C,0xDFDD9C81,0xC99EE930,0x40A39815,0x31169A50,0xDAEE1181,0x1940608E,0x965A13E1,0xAB2B3D8D,0xA11BA5B2,
  0x49C15A0F,0xB31DC928,0xE0B1D144,0x70297221,0xBF8FFDA8,0x9E867858,0x210985F0,0x5ADBCEFD,0xC45DB6A5,0x85D4700F,0xFBE3D913,0x446C24BB,0xA3B4F853,0x5776B049,0x5C8D8965,0x74F3DA04,
  0x77407F8D,0xAE1986E7,0x4189C6AA,0xA84FC17F,0xB8E6F004,0x3445569A,0x2AF2BCDC,0x39E8282E,0x5BE484C9,0x6565A14B,0xF4C2481A,0xF96F36AE,0x97F1AEC9,0x8946448F,0x11967B4F,0x0BFB392C,
  0xC1B854B4,0xEF90404D,0xFF397136,0xCB7C27AC,0x53AC186C,0xF8507C9A,0xCC152A00,0x31A0B48B,0x795EA4B0,0x59686B74,0xE8F94DE1,0xAC95695A,0xF2940F82,0xA0075DDA,0x87589FB2,0xC0871E80,
  0xF127AA0B,0xD866B35E,0x98D03FC0,0x6FA1D253,0x22BA2079,0xC6D15918,0x75CC9030,0xDCBC1B7B,0x3B64C793,0x71163815,0x32131102,0x19DEE7EA,0xEEAF0A79,0x17C03CD7,0x6D2D3DEE,0x58572140,
  0xB7C7610D,0xD7472257,0x8F100317,0x2036CFC4,0x2E2814F9,0xF64EA7A7,0x1473995E,0x9C0A97E5,0x9FB9326C,0x84EB3A3B,0x4B4DB5B2,0x36C9B927,0xDAEA5CE3,0xCA436D98,0x7D840C95,0x7CBB46A1,
  0xDBD516D7,0x55FA5FF4,0x04DAA825,0xDE30F4C6,0x1B520857,0x6C1277DA,0x013F4A34,0xF771ED93,0xBEB0B79C,0x18E1ADDE,0xD02E2FFB,0x9098A365,0x2660885C,0xEC23E5C4,0xEB4AE868,0x275FC268,
  0x5649FA7D,0x932B06EC,0xE6E796DC,0x8D9CECAA,0x82BD7DA3,0xD11165CF,0x3C0DCA3F,0x00000000,0x357A1CAE,0x8CA3A69E,0x88790EBB,0x2F175ECD,0x16FF76E3,0x1F88A072,0xCE99C5BD,0xED1CAFF0,
  0x810ED82A,0x7AED0139,0xE7D8DCE8,0x08489CA5,0xBD031215,0xD959F96A,0x94420B40,0x3A5B8DA7,0xB222831C,0x4A72FF86,0xEA75A25C,0xF3AB45B6,0xE9C607D5,0x3FBE6FB6,0xAAC32EC2,0xD5CBCDEA,
  0x1C3B05FB,0x332C5B36,0x3E812582,0x1225DEC6,0xDF0FBEF2,0x2CA4FB44,0x48FE103B,0x40B68C9E,0x9B639A49,0x7F08E328,0x37F6F313,0x69F795CB,0xA13817EE,0xA6511A42,0x6B7B7A76,0x61BF096E,
  0xB9D9BA30,0x45536E8F,0xB1912695,0x0DAD7EB4,0x309FFEBF,0x7BD24B0D,0x10A9317B,0x07690DAC,0x8031921E,0x1EB7EA46,0x52935258,0xE5543355,0xA5E2BFCB,0xCFA68F89,0x287E5361,0x4EA857A3,
  0x83823797,0xB474C484,0x43052917,0xF018E03F,0x9A5CD07D,0x0F219109,0xC562FC91,0xFC8AD4BF,0x96CEE4FD,0xE23D3EF9,0x92144CD8,0xFE063B02,0xF5FD022E,0x25D32DD5,0x1A6D4263,0x54C515C0,
  0xA76E5076,0x7861EE84,0xD39D8A72,0x028CEFBD,0xA9708B4B,0xAF26CCD3,0xD2A2C046,0x4D1BF22A,0x5F3E2CEC,0x91A7E951,0x423A6323,0x5DB2C351,0xB0AE6CA1,0x767F35B9,0x501FBDE5,0x05E5E211,
  0xC20BF13D,0x03B3A589,0x38D7621A,0xBB55558D,0x0977D691,0xDD83514F,0x47DF8132,0xADAA236E,0x8667D586,0x6333E6D3,0x3D32800B,0x9D35DDD1,0x29411955,0x72A59D9C,0x6080435A,0xD4F487DE,
  0xB54B8EB0,0xD6786863,0x6E9E9867,0xFADC9327,0xC8CF8225,0x957D4174,0x6A443042,0xC7EE132C,0x68C8DFFF,0x66D604C2,0x0C923480,0xA4DDF5FF,0x0AC47318,0x0E1EDB3D,0xA28BB267,0x23856A4D,
  0xC9F0C811,0xABFC64F6,0x8E2F4923,0x46E0CB06,0x99EF75F4,0x8BCAAB32,0xB6F82B39,0x131A94F2,0x06564798,0xCD2A6034,0x7E37A91C,0xC334BB09,0x67E94EF6,0xE18E9B70,0xBA6A1FB9,0x4F971D97,
  0x5E0166D8,0x2D9BB170,0x5120F7D1,0xFDB59E8B,0xBC3C5821,0x739AD7A8,0x1D044FCF,0xE30274CD,0x24EC67E1,0x620CACE7,0x645AEB7F,0x8AF5E106,0x2BCDF6E8,0x4C24B81E,0xE46B7961,0x154CD36A,
  0x389382DB,0x2DDE1E61,0x00BE3560,0xE2B029C5,0xD174B7F1,0xFCAAA990,0xD195E9EC,0x99412FE9,0x8B218C8C,0xD12BDC8C,0x9E6C1036,0x7C83528E,0x8BC0D291,0x56CE4650,0x2145634C,0xB30C3B37,
  0xB8044CA5,0xB85B27D8,0x34B6CA96,0x0B087792,0x62C6B9A6,0x3408FFF6,0xB49F3188,0xDD0E94C1,0x5A0A5000,0x92A80666,0x4F18A7C7,0xAA64EFC0,0x778B251C,0x6555B319,0x5D276FDF,0x6EE3F1EB,
  0x6991A549,0xC3AA21F4,0x2AF321BE,0x6970FB54,0x4FF9F9DA,0x1260A365,0x2D602B01,0xE59D161A,0x0C25484D,0x0BB642F2,0x436284F7,0xF71CEB62,0x5AEB0E1D,0x515D4CEF,0x7BAE6D51,0x34E9A1EB,
  0x776A7B01,0x1512F7C7,0xD659882E,0x4383DAEA,0x65B4ED04,0x7B4F334C,0x8029FB1E,0x444FBB28,0xFB39A32F,0x2689028E,0x26D669F3,0x62788CC6,0xC8A25666,0x5D995ABF,0x8CEDED4E,0xBF97461A,
  0x4410D055,0x339BF549,0x15F3A9DA,0xDA7CC063,0x4FA692A7,0x2AAC4AC3,0x1EA4B535,0x70182FA3,0x433DEF8A,0x211A0831,0xDAC2F503,0x0CC41650,0xDA23AB1E,0xC4392B4B,0xDA9D9E7E,0xAA3B84BD,
  0xC34B7FE9,0x00E15E1D,0x1968D4F7,0x92163306,0xC4664036,0x44AEE535,0xD1CA8291,0xE9B85E57,0xE57C4807,0x8097CE7E,0x7C620C93,0xDD51FFBC,0xB8E512B8,0xE9E7352A,0xBF761807,0xE20E1CA5,
  0xFC149CF0,0x51E3798F,0x704744DE,0x7CDC39F3,0x3457948B,0xA641A78D,0x486AF365,0x70F971BE,0x3FBEBD04,0x154D9CBA,0xF06EBFC0,0xA133F32F,0xBF29737A,0x7BF1062C,0xAADADAA0,0x953B0CD9,
  0x650AD864,0xF7FDB57F,0xD6B8D633,0xAA85B1DD,0x0BE9298F,0x875BAFBC,0xF7A2DE02,0x005F6B7D,0x382DB7BB,0x44F18E48,0x21A43D51,0x2D81751C,0xC81C6306,0x56707330,0x80C8A503,0x51BC12F2,
  0x33C49E34,0x1281FD78,0xC8FD3D1B,0xF031D4BD,0xB47E6F95,0x5AB46560,0xE523237A,0x7C3D67EE,0xEE956188,0xFCF5C2ED,0x3F5FE319,0x692F9029,0x3325C029,0xA6A0F990,0x95DA52C4,0x92F76D1B,
  0xCF315CD9,0x6EBC9A96,0x87BAF1A1,0x00000000,0xAD49D01F,0xB42104E8,0xEE743F95,0xCFD002C4,0x07CC61C2,0x70A61AC3,0x1E1A8055,0xE9066B37,0xF0D08AA0,0xC4871E2B,0xC3141494,0x8CB28633,
  0x7735107C,0x5D7804A2,0x0B571CEF,0x956467A4,0x6299D2DB,0xD606E353,0x07930ABF,0x6E5DC48B,0xFBD8FD32,0xE25177D8,0x9E8D4E2B,0xF08FE1DD,0x488BAD78,0x0C7A2330,0x65EB8679,0xCF6E37A4,
  0x87E59ADC,0x9E337B4B,0x77D44E61,0xB4C05AF5,0x3FE1D679,0x1937BF8A,0xBFC82D67,0x8C53D82E,0x69CECE34,0x19898AEA,0x26685C93,0x2D3F407C,0xCF8F69B9,0xB8BA79C5,0xADF7E57F,0x8B9FB9EC,
  0xFC4BF78D,0x6227E7BB,0x5A553B7D,0x1E45EB28,0xE2EF42B8,0x19D6E197,0xB353504A,0x263737EE,0x9249587B,0x0C9B7D2D,0x562F184D,0xA6FF92ED,0xFB66C852,0x5DC631C2,0x8C0CB353,0x072D3FDF,
  0xA18DC64F,0x958539B9,0x6E02AFF6,0xF743801F,0x1EFBDE48,0x991E4494,0xE959004A,0x12DE9605,0x99A071F4,0x337AAB54,0xC3F54A89,0x15ACC2A7,0x21FB562C,0xADA88E02,0xE5C27D67,0x48D4C605,
  0x3F008864,0xFB87964F,0x80769063,0x8B7EE7F1,0x2A4D14DE,0x38CCE9A6,0xA1D2AD32,0x4F47CCBA,0xB3B20E57,0xC843087B,0x7B105831,0x077254A2,0xDDB0A1A1,0x2A127FA3,0xEE2B54E8,0x9ED22556,
  0x43DCB197,0xC4D87556,0x8704C4C1,0xD6E7BD4E,0xDDEFCADC,0x3872DCC6,0x99FF1A89,0x56912D2D,0x48359818,0xA61ECCF0,0xA16C9852,0x51022792,0x123FC818,0xB3ED652A,0xEECA0AF5,0xAD16BB62,
  0xF470FBD3,0x6B1C1FAB,0xE386BDD0,0x10BD53BC,0xF227D13D,0x863833EF,0xBEB21887,0x2DF19F4E,0x806F1901,0x0EA29194,0xC40F6BC1,0xBD23D5F3,0x616456F4,0x446072C0,0xE01770A4,0x8A17505E,
  0x00000000,0x3D4CCCF2,0x11A16CED,0xD4B2387D,0x4E183B9F,0x2789D611,0x0391CD74,0xF56CC482,0x2CEDA01F,0xFD997FF8,0xEC381315,0xBFAE27D6,0xB29D7B36,0x7E67AB8D,0xEFA9DE61,0x6EDAF831,
  0xF0AA2318,0xA1B1E5FE,0x011C3F51,0x7DF666F9,0x8B0B6F0F,0x91CE75EC,0x0C2F63B1,0xBB74FF1D,0x40BAAA0B,0xE5D1973E,0x8D5C45E1,0xE10B4FF5,0xFAD26A47,0xB0108913,0x84B5C1CA,0xE9FEF48F,
  0x993BCE96,0xE75C651B,0x511BC6E6,0x132C9EC8,0x283778D4,0x16EA7952,0xD89D5BCC,0xBA68C04C,0x778E2FA6,0xD63FCA58,0x6C570A14,0x1AC51AE3,0x97995F02,0x41A6955A,0x1D8E0F5C,0x607869A5,
  0xD3F92DC2,0x24181B65,0x0FBEAEC5,0x70C53A19,0xF85F9862,0x08F5BB7A,0x4237582E,0x39961439,0xCE77229E,0xA0ADDAAF,0x1E1FC228,0xD5AE072C,0x25042434,0x06572AEE,0xB5D66E89,0x55C11E2D,
  0xFF148DDD,0xA56B3D35,0x6A0020FA,0xC5135490,0xCDE6EFEA,0x028DF225,0x741FE2D2,0x67337C1A,0xC68299E4,0xE4CDA86F,0xA4770264,0xC0D5B30A,0xC79EA6B5,0x1C92300D,0x6FC6C760,0x47F1BFB4,
  0x0D335CE0,0x82E2EB24,0xCF6B1DCF,0x20C2C3AE,0x5650D359,0xEB7306AA,0x9F6CE478,0x7CEA59A8,0x0B64760E,0xD723F509,0xDFD64E73,0x925FB898,0xCBB1C504,0x09E9842B,0x528A0B92,0x373485AD,
  0x96856053,0x89869D2A,0xC1C98C5B,0x484F1171,0x14678B77,0xEEB5E130,0x2BA6B5A0,0x1954D797,0x85A9FE9B,0x5FB95772,0x54DD217C,0x5D34A557,0xDB0C96B8,0x934387C9,0xBC3FEAA2,0x574CEC08,
  0x17F64603,0xB4CA51D8,0xED242C44,0xB10CB642,0x5A7FB0E8,0x9DE1165D,0xEA6F39FB,0x074B15BF,0x46ED80E5,0x7F7B94DC,0x292B4785,0x23530EDA,0x2695E940,0xF33BEE6C,0x3A07D94D,0xB9F90D38,
  0x8FD1B7C4,0x1BD925B2,0x87240CBE,0xA9445E84,0x83FED475,0xB75B9CAC,0xAF13746A,0x9514AD27,0xD068E0B6,0x78308163,0x4F0404CE,0x0A78495F,0x3FC13ED7,0x2F7C6D6B,0x04DAD8CB,0xC93C3721,
  0xAE0F4B3B,0xC8200870,0xCAADFA55,0x34A548D9,0x32F26237,0x59EE7D9C,0x792CBE32,0xE29A8281,0xD174DFE7,0xFC8540A9,0x3B1BE61C,0xAAD593F0,0x35B97788,0x63E9A4D1,0xABC9ACA1,0x90D24ABD,
  0x662F434B,0x224F318B,0x7248C83C,0x539634C3,0xD981649D,0xAC82B91E,0xF943A733,0x9E70DB29,0x21DEFCFF,0x62F59B80,0x4C95C9BA,0x7BA14C17,0x388A2B68,0x9CFD290C,0x9BB63CB3,0x457C4D91,
  0x889AA27B,0xE8E2CBDE,0x3EDD0186,0xF7E136A7,0x58F242CD,0x49532E20,0xE6405A4A,0xCCFAD0BB,0x307F9012,0x3C50F3A3,0xDD5BBC56,0xD2E51293,0xFE08B28C,0x1230A199,0x5B638FB9,0xA6FAF041,
  0xFBCE5516,0xF6FD09F6,0x9AAA03E2,0x5007F9B7,0x9827F1C7,0xB3814467,0x432B677F,0x7503DD83,0xAD9E864F,0xDC478307,0x1848E8C6,0xA85861D5,0xA33C17DB,0xA220288A,0xB647A3FD,0x33EE5D66,
  0x688DD2DF,0x769210F7,0x1F03FD79,0x5EA56823,0xC258412F,0x7354F76D,0x7ABD7346,0x81732650,0x71D90548,0xDA10A9E9,0x5C289A06,0x94089276,0xDECA7122,0x64A2B16E,0x4D89F6EB,0x8C407AB0,
  0x4AC2E354,0xB8E53269,0x4BDEDC05,0x2ABA8AF1,0x2E60523A,0x65BE8E3F,0xA7E6CF10,0x157BB426,0xC3447E7E,0x6991ED8E,0x6D4B3545,0x05C6E79A,0x3163AF43,0x3628BAFC,0x8ECD8895,0xF1B61C49,
  0xEC633A9E,0x045858D6,0x8124188D,0xF9E8A81A,0x9270F8B4,0xFC642374,0xFDBA17DD,0x7A417DED,0x2A2BEF6F,0x68CBA97D,0x7D4ADCE8,0x84A893E3,0x87FB6A30,0xFC6EC465,0x28ACC504,0x51BE413A,
  0xFDB0F0CC,0xADDA624E,0xC09D405D,0xBDD79CB5,0x957B59B1,0x070BA105,0x9628A062,0x028DCD7A,0xE8318559,0x16D28C46,0x11D92D43,0x406D8B68,0xAADB245A,0x05866C7F,0x51B4A62B,0xFB656560,
  0x3A261194,0x38ABDCEE,0x7FC71192,0xC4CFFF9A,0x12803381,0x3CF38438,0x54382D45,0x80FA2C24,0x3FAA9AFA,0x3E7E4942,0x6E1E3CD1,0xEDB7E926,0x40676C79,0x2A21087E,0x53338C40,0xD79B1FA3,
  0xD6452B0A,0x8277E15E,0xFB6F8271,0x15817595,0x1455A62D,0x433495AA,0xEEEEF7E4,0xC796E158,0x927A1FA5,0x56BF072E,0xBB08EE08,0x812EFF9C,0xFF37DAA7,0x3FA07DEB,0xC14374F4,0x16D86B57,
  0xD4C20161,0xE9EFB1F0,0x397F0F56,0x8576A74A,0xD791F8B2,0x6B92B7BF,0x3D2DB091,0xBADC3DB0,0x862FB988,0x93AECC1D,0xF83C7BA2,0xC79C0649,0x3A2CF685,0xC14993E5,0xAF57AF34,0x84A274F2,
  0xD090BEA6,0x17065FFE,0xBB020919,0xAB0510F3,0x2BF5DBC6,0x93A42B0C,0x52EDB8E9,0xB85B17DB,0xF9E24F0B,0x0353F9D3,0xC2108D27,0x691F7AC5,0x86255E99,0x97FC73DA,0x297816BC,0x2E73B7B9,
  0x06D595AC,0x56B5E03F,0x7B95AE55,0xE83B6248,0x100719EA,0xD21D73DC,0x97F694CB,0x01DE34A9,0x57613387,0xBDDD7BA4,0xD21794CD,0x170CB8EF,0xEEE410F5,0x68C14E6C,0x476CCD7C,0x6A466407,
  0x47662A6D,0xAC0EB1F6,0xD3C9A064,0x69159DD4,0x07014614,0x6A4C8316,0xD516D2D9,0x38A13BFF,0x94A56D18,0x90F7D2DF,0x3CF96329,0xD3C34775,0x6C93F1AB,0x4435D3BE,0x827D064F,0xD1446D1E,
  0x2BFF3CD7,0xFEE9EE0E,0x06DF72BD,0xFAB1B6D8,0xEC69DD8F,0x3975E847,0xEB627C8A,0x7A4B9AFC,0x55ECFEFD,0xEAB6AF32,0xC3CEB98E,0x6D4DC502,0x7918632F,0xBF5A51CF,0x45EBE717,0xD64FCC1B,
  0x7C9E0F50,0xAAD1C34B,0x28A62215,0x100DFEFB,0x2D204E6A,0xC64232E0,0xEABC4823,0xAE837C8C,0xFABB51C9,0x2D2AA97B,0x2FA76401,0x80F0CB35,0x000AE711,0xA856E920,0x83A332E6,0xC648D5F1,
  0xB98FC463,0x78C65786,0x7B9F4944,0xA9823A98,0x00000000,0xAE899B9D,0xEB689B9B,0x2E7950A8,0xBC09A81C,0xD51C35C8,0x7FCDF683,0xD4C8E670,0x45E10006,0xEF3A245C,0x0452BFC7,0x7E13C22A,
  0xBC034F0D,0xBE846566,0x94AF8A09,0xAF5D4825,0x433E72BB,0x506A9282,0x576BD496,0x01D4D3B8,0x87F18D21,0x6E14DBC0,0x2CF49DD2,0x96224773,0x41B958D0,0xB9852372,0x2FAD8310,0xEF30C34D,
  0x6FCAEF69,0x9571BEA0,0x50607593,0xADD0855F,0xBF50B6DE,0xEDBD0E37,0xAB0FF7E2,0x46B2F9D5,0x7D403BF9,0x3BF2C22C,0x058C8B6E,0x145F413C,0xC51B2C22,0x52E75FF8,0x6FC00878,0xC3C45E9F,
  0xFEE3091F,0x11D3CA52,0x1354E039,0x443F34AF,0xC21A6A36,0xD09A59B7,0x128AD490,0x6D472213,0x7C94E841,0xAC0456E7,0x90FD35CE,0x7912843E,0x3D275780,0x55E619EC,0x135E0728,0xD14E8A0F,
  0x83A9D5F7,0x91230167,0x02872A6B,0x78CCB097,0x7E19253B,0xA85C0E31,0xBAD6DAA1,0xC511CB33,0x5432CA54,0x2972F1AD,0x3E74AE53,0x158B9284,0xBE8E8277,0x42EAA103,0x42E04612,0x41B3BFC1,
  0x6B9850AE,0x46B81EC4,0x9129E676,0xC097A74C,0x3BF8253D,0x03591EC2,0x53396B51,0x6C9916BA,0xE9E556E1,0xFF3D3DB6,0xA988DD89,0x857C405B,0xF8369CB3,0x2CFE7AC3,0xB851F0CA,0xC4C5188B,
  0x837128C6,0xC548F3C8,0xA7DF5C74,0xAA91DB32,0x58A21A70,0x31B3CDCD,0xF522F8CF,0xB5D3DC86,0xE2393817,0x8DE010ED,0x443FA2A9,0xBD8A1BEA,0x2839353E,0xCA000D29,0x0A5FBECB,0x3EFB332C,
  0xB40A1A4C,0x4639DB0E,0x709B2F4E,0x6091D61B,0x9FEC901F,0xED71C6F6,0x68C81177,0xE6F7BEF7,0xF6FD47A2,0xBF8C624D,0x4AAE9A82,0x6780EF96,0xDA0AF47C,0x82A8EE0C,0x6911D7BD,0xE86686DC,
  0xF7248168,0xEA60FF7B,0xDF1DB456,0xC3800C8F,0x45E66463,0xB2C2E50B,0x2EF1CA79,0x0711398D,0xB89D5BC0,0x81775161,0x758C6F64,0x42F75DEE,0xCF174D03,0x946AE81E,0xE4F1C750,0x5FB323FD,
  0xE1E6877A,0x357D4B2D,0x3F22F5E6,0xA897A295,0x5B7DA51D,0xF233C142,0xA2C81C5E,0x917DA834,0x26A80D15,0x198AF8F3,0x377B328A,0x6ACE68D0,0xF3EA0788,0x6B17AE1A,0x634E6976,0x8FE6694A,
  0xFCA2F969,0x8AF12960,0x1E9BC17E,0x3D248C41,0xA5D925D3,0xC9DFB244,0x39EA0AA1,0x7455A9AE,0xC74E8A6F,0x2A3F4C99,0x80AE97AB,0xD2533310,0x0B867801,0xDD1BCDF1,0xF035B8E5,0xD18C8C7D,
  0x326C72A0,0x100AF955,0x2060F252,0x53246271,0x47E01DC4,0x4B775C48,0xF9B5B943,0x5633225B,0xF4FB3E05,0x4C6665C5,0x098001A6,0x85B9D781,0x97B55773,0xECA8003C,0x0E91382B,0x778A16C3,
  0x6FD928FA,0x2D2E7514,0x73449023,0x36A2F440,0x4E601C62,0x1F4207B4,0xA94E645F,0xCD1134A4,0xF86C7F89,0x95B32ED4,0xEEAE799B,0xB9449D0A,0x9AFBD035,0x937BD193,0x04CE86E0,0x892E960D,
  0xDEC4729C,0x306A0B07,0xAB481DF8,0x4128E283,0xE528019A,0x4FB9DAA8,0xB11D5A66,0x7B1D574F,0x2BE68A53,0xD69DB5F0,0x8460114B,0x9E3556D5,0x6659295C,0xBE55A487,0x497125EF,0x6297AFBC,
  0x614810D1,0xAE5F5DD2,0x3CFD4A8B,0xD9D54B11,0x6E00EE30,0x7AC49185,0xFD7B3FA3,0x5DB55A5A,0x3BEC7306,0x8E3FAF80,0x7FD3D1AF,0xBB42E4AD,0xFBB3C0E4,0x1C9DB8D9,0x1A55479E,0x597BDCBA,
  0x4DBFA30F,0x54355BFC,0xB31B23C1,0x6C069797,0x18533E39,0x8B28EFAA,0xD80C8DDB,0x0517402A,0x21B93498,0xEF77BF51,0x00000000,0x92A21759,0x55EC9D36,0xD0554AB7,0x1B8C8154,0x5AA463D7,
  0xB0C49CAC,0xC1867528,0xC259CA45,0x5E6AE537,0xA311DA94,0x7DD5A808,0xA6069ABE,0x22668BF5,0xAF869B18,0x50FBDD1C,0xE03F41B0,0x03DFBF6D,0x23BF4D3F,0xCBD9CBE3,0xD5420A9D,0x1D447E13,
  0x7142E984,0xC806748E,0x16C20612,0x151DB97F,0x020679A7,0x52FDA4BB,0x78C2E822,0x6DDF515D,0xE3E0FEDD,0xDBD332B6,0xA117A333,0xA400E319,0xCCC8F26E,0x645F50FB,0x2CF7B3DE,0xEBB939B1,
  0x57EAE491,0x40F12449,0x2771CBDF,0xAC592475,0x120C80F2,0x7C0C6EC2,0xA0CE65F9,0x65869631,0x7653D009,0xDCC20B3B,0x2577B278,0x0F48FEE1,0x3833CC6B,0x0D4E8746,0x5C6C9C90,0xBC53DD20,
  0x33B5B46A,0xFEA480CE,0x9B2216FF,0xF1EC7E2F,0x24AE74B2,0x0859C76C,0x34A48DE7,0xAD80E2BF,0x14C47FB5,0xCECE8BC9,0x966C91B9,0x9C332F72,0x432E9B24,0x98FDA992,0x729D56E9,0xFA6A062E,
  0x06C8FF47,0x48A8E325,0xE9BF4016,0xBA9B2267,0xB60C63EB,0xD49BCC57,0x171BC0D8,0x13D54638,0x88F750C7,0x90A46EFE,0x8C39D627,0xC6974CA5,0xC4913502,0xFF7D4604,0x29E0F3F4,0x87BFAE26,
  0xD38AF5DA,0xC05FB3E2,0x0C97418C,0x3A35B5CC,0x01D9C6CA,0x866668EC,0x99246F58,0xE72E783D,0x51221BD6,0x7E0A1765,0xD744733A,0x2F280CB3,0x791B2EE8,0x9DEAE9B8,0x11D33F9F,0xB7D5A521,
  0x3BDA78AE,0x1AA1962F,0x4BEB6B6F,0xD6865DEF,0xC4B85C45,0xEDC2A253,0x51D47A52,0x741BF4F3,0xB4894F84,0x03DECF95,0x255109B3,0xA1436689,0xD9EDE2CD,0x520AB5C7,0x84126F3A,0x1DCB399A,
  0x042AE732,0x7C846376,0xC3D2F3F0,0x514AFD40,0x6EBA62DC,0x4C81C4DA,0x83E6479D,0x25CF8EA1,0x9D6D3680,0x309B20BE,0x8378C08F,0xC893ABE0,0x95F2A105,0xD1727548,0x5EBFC570,0xAE28D9AB,
  0x21E56993,0x9DF3B192,0x40AA337F,0x875227BD,0xE2A91D71,0x70AF94D3,0xC7F814C2,0xCCB94CD2,0x80A60F1A,0xD618DAFD,0xC092BB77,0xEE1C6DC6,0x0F6BBF22,0xDD5982ED,0x33DB6839,0xADF6163E,
  0xA56981BB,0x8FCDB038,0x2E8ED6B1,0xA629C93C,0x9A991E27,0x11E0CE3F,0xE177D2E4,0x2E1051A3,0x29E47904,0xE1E955F6,0x3F6E188E,0x614F5AEC,0xD2323DCF,0xF8088B5E,0x694E4A7B,0xF3D7545C,
  0x9E2D7E07,0x962C6E90,0x389A3029,0xC426DB57,0x6E24E5CE,0x66BB724B,0xEA368AF4,0x80388808,0x5A0BA550,0xAEB65EB9,0x2DCE9E36,0x1E8B711D,0x34B1C78C,0xCBD3E367,0x8839989F,0xD97365DF,
  0x8BE7570A,0x07F428A7,0xBC885F13,0x0CB570B7,0x6DFA2A5B,0x6625F559,0xB3E3E031,0x223BA606,0x4C1F43C8,0xF349D34E,0x8B79D018,0xC80D2CF2,0xD1ECF25A,0x55601A72,0xA29DA91C,0x9146C125,
  0x88A71F8D,0x3CB0D71B,0x6D64AD49,0xF763347C,0x0BDFDF02,0x4B75EC7D,0x99D956A0,0x4480D44D,0xF8960C4C,0xE55D35D6,0xA2032E0E,0x73EFDC54,0x342F409E,0xAA9CB98B,0x12A086B8,0x775BBC74,
  0xE2379A63,0x4374FCEA,0x19E1DEA8,0xF4237CFB,0x748573E1,0xB83C3F33,0x7BEECCC3,0x4FC18C5D,0xF0971CDB,0xB0A3A8B6,0x4835A4FA,0x376F0819,0xCC27CBC0,0x5A952242,0x4034B46D,0x3345EF2B,
  0x73715B46,0x2A3AB691,0x009E8712,0xDA332D58,0xFFFCA3F9,0xE61D7D51,0xD5C61568,0x1554AE1F,0x96B2E982,0xD2ACBADD,0x77C53B66,0x920689A2,0xBBE2F0A6,0x56BED5E7,0x620F126B,0x78AE8444,
  0x7F5AACE3,0x61D1DDFE,0x6A9085EE,0x197F59BA,0x1E15F60F,0xFCBCEB7E,0x08011097,0xFBD644CB,0x0FF53830,0xB7C90703,0x62919579,0x37F18F0B,0x00000000,0xEAA80DE6,0xF4BDFBE9,0xAD68912C,
  0x5DFF8DF7,0x91D84637,0x3C2E5009,0x47C09CCA,0xE9E84561,0x4F5F0B4F,0x7B704BD1,0x8C8DF8BF,0x562052F5,0x0B415810,0x089F9785,0x3804B73B,0x78300356,0x6565BDDE,0x8C137FAD,0x03404887,
  0x26114134,0x65FB3ACC,0xFC226C6C,0xFF6224EB,0x268FC626,0x43EA7BF8,0xF7FDB36E,0x5D610AE5,0xDDC705FF,0x55FE9D60,0xA5F706A9,0xB417C896,0xC00C3C65,0xA1DDE19B,0x1D55BE88,0x1A3F113D,
  0x594BEDD7,0x2D501924,0xDE19CA6A,0xDE874D78,0xF0099BC9,0xE976C273,0x9EB3F915,0x217BEE81,0xB37D6723,0xCB4D6475,0x076AAFB5,0x297AFE16,0x0C2BF7A5,0xD558927A,0x6A0E02FC,0x87CCA0AF,
  0xB7578011,0x703113C1,0x956C2617,0x48AB23E8,0x3B44FFBC,0xC34C74E2,0x2AA43183,0x1614E698,0x92980EB0,0xEE82EAD4,0x441E535F,0x5E214262,0x123E01AA,0xA6B74E2E,0xDAADAA4A,0x59D56AC5,
  0xBFC81794,0x475E1BD8,0x7FC42BF1,0xCF678347,0xA9DCF10C,0xCFF90455,0x04B46020,0x69D0CD69,0xBC16D801,0xA942761E,0xED5C2541,0x8F53372A,0x848CE828,0x117E492D,0x7C1AE464,0x168A618A,
  0xC76693D0,0xE5C3B2C4,0x9947D1B2,0x3005A7AC,0xB03D2FA4,0xFB48C3D9,0x529432D5,0x15CA290D,0xBB7C77B4,0xE683FA43,0xBF569086,0x3FF09F9C,0xAA023E99,0xB8A2B821,0x9A079935,0x22A52114,
  0xFB80B07A,0x732B7FDE,0xF5223A84,0x5F6F8891,0xD8D90FDF,0xE345D2BE,0x15B15099,0xAA4DB215,0x229554C5,0x84131699,0x47D9C321,0x3481958B,0xF687AB53,0xC3B9FCCC,0x497B49DF,0x2359BFA5,
  0xD966CDCB,0x735856AA,0xA9E823C2,0x9D69B649,0x45B0B996,0xD5AD3D82,0x51BE2B1B,0x87C5AE3A,0xEF8E22F7,0xF9E9CACD,0x1614C14E,0xF49DF890,0x03A591D7,0x6BEE1D1A,0x6A22F67A,0xA824C8A2,
  0x7294BDCA,0x66E90633,0x0D071B29,0x3A503601,0x2FE16698,0xA49C119F,0xAA3E9B61,0x17AB035A,0x46152841,0x93CB3CB7,0x64807C84,0x69F44ED9,0x85DFFDF9,0x521BBACC,0x5001E90F,0x0D74325D,
  0x9CD6745D,0x00732974,0xFA3F726E,0x48B7A2BF,0x708EEE09,0x8B7D7707,0x18B64BB0,0x698767AD,0xC27517AC,0x0CCBF049,0xC2063ED8,0x37572D28,0x7FE08F97,0x71312C1D,0x021A53C3,0xA99B0AB6,
  0x64F355F0,0x4B611A1C,0xDB7C9E08,0xF99AE3B9,0x6725ED53,0x208F0706,0xD608AC55,0xC01C6D1B,0x2E2D8DF8,0xBD95983B,0xF6F48227,0x4ADED808,0xF85608D9,0x5EA363F1,0x53A478D8,0xF4EED1E4,
  0x2DFB355B,0x36E8EF3C,0x9CA55D29,0x0ED1A38A,0xEFFD0B83,0x70FDC77D,0x190989A4,0x0EA28AFE,0x02697AB7,0x3B9CDD61,0x5F1CA1E5,0xE0936A1D,0xCD1B7632,0xA523D38B,0x684B8CCD,0x440F7B82,
  0x5072C07B,0x45C390E2,0x4B123368,0x3BEFF415,0x9D1A9F3D,0x15C279ED,0x87B6874E,0xB12D4106,0xB33712C5,0xF55113F0,0xD412FF96,0x906EAD60,0x01CCEB60,0x6838A5B9,0x901D8414,0xBFFCE28C,
  0x8AC2B513,0xD67B8521,0xDB0FB77C,0xCF0125F1,0x7E2C64F7,0x654C97E4,0x22E67DB1,0x5CB93032,0x9274FEA3,0x6756C427,0x1ADF3107,0xEC589A54,0x2C37DE3B,0x7C363734,0xCD685F46,0xD8AA26AB,
  0xBE3009EC,0x1B60F313,0xD7C44735,0xB2FBF9A5,0x147DBBF9,0xD7B76E41,0x1667E83A,0x34F2BCFF,0xFBF3990E,0x7E5F4D83,0x18C562C4,0x354D7EEB,0x9EBF0EEA,0x72E794BE,0xB3443BB1,0x89140DB0,
  0xBDE6B14F,0x91D16F74,0xEE42C997,0x01BFC214,0xC1A3AF0F,0x00000000,0x9F73E58A,0x2F924FEC,0xCF720C85,0x140E928D,0xD915E4BF,0x9207D7D7,0xBC2A5A2F,0xEE31E0E3,0x8B0E5E73,0x93B815C3,
  0x5D75DB52,0x2130C512,0x7F93A6E3,0xA6F56B28,0x03D6B8A3,0x232A96D1,0xCECDCE91,0x39F5A7D6,0x2C44F74F,0x490860AB,0x5ED04A85,0x867A6C2E,0xF82521AD,0x0F6E619E,0x0CB8D93D,0xEDE75840,
  0xDAB07568,0x1AAC1873,0x46660135,0x39868EA2,0xC06F446F,0x0F1D48EA,0x17D82A2E,0x20FC2E72,0x369BC648,0x91A24600,0x47AAEA55,0x896724C4,0xA7398048,0xA4EF38EB,0x7C451E40,0xE15F817D,
  0x526893B8,0x71420569,0x353E579F,0x3724045C,0xBC59735B,0x6A51DF0E,0x51CD026F,0xA74AA93C,0xCCD79D52,0x85ACD48D,0xD461D6E2,0xE12CA809,0x3A231F75,0xE336FBCA,0xA686425C,0x88D8E6D0,
  0x384A65C2,0xE28939DE,0xB288D0D1,0xA550FAFF,0xF74B4033,0x84603FED,0xB0E1AA66,0x2D881C2F,0xB0928312,0x88ABCFA4,0xFA4C5B1A,0xE0E04369,0xC1D0867B,0xB15E6872,0x7D89F520,0xCEBEE7E5,
  0x669A2F47,0xD5DE14F6,0xF7386947,0xC3CAD5B8,0x4AADF17C,0x9F00CCFE,0x48C48BCB,0xDAC35C1C,0x6B9D346E,0x2E5EA48C,0xAB815975,0x2143EC66,0x9ECC279E,0x53D751AC,0x5CCA1946,0xCCA4B426,
  0xABF27001,0xE2FA10AA,0x7DFADC54,0x1B13DA67,0x197AA0D0,0xA857E1D6,0x5D06F226,0x447C52F6,0x653FBE90,0x38394CB6,0xEC2BB320,0x8AB19C67,0xBE432098,0xBF8FCBF8,0x8609455A,0xED947134,
  0x3DAA8D14,0x3EAC1BB2,0x9FA72D6E,0x26B515B3,0x3B9519D9,0x9045D509,0x5CD9C102,0x4B223764,0x5228F90A,0xE0F2FBB4,0xC0787ACA,0x7E4616B5,0x47C659A5,0xE2E7AD7D,0x4A31F70B,0x9998B9A3,
  0x8A498DC1,0xF40F9B74,0x208A817E,0xC7542E68,0x3FBFDBDD,0x5711FB61,0x2C6EEFBF,0xCAA380C6,0xFED46178,0x28442DBB,0x7B7F14DE,0x7688BA70,0x7A6CD4B1,0x9B8DEF6A,0x021556C9,0x2A517B72,
  0x69BDE0D3,0x796A4217,0xB6F0C0BA,0x946F170D,0xC54178A1,0xD86174CB,0x9CA1BBC8,0x2F687919,0x87BE236F,0xDA742202,0x674CD8DB,0xEF1003D3,0xD7838CAC,0x2957EDD4,0x44C0CF03,0xEA2901B8,
  0x8B5A4DAE,0x063F94CD,0x27A6D5DC,0x0113C06F,0xA627627E,0x356421D1,0x11C462AB,0x4F08F560,0x1C33CC05,0x73B1B81B,0xD972B4A4,0xA521F4D8,0xF2300FB9,0xDE5EE006,0xBF2DAC10,0x1F355AA3,
  0xE7DEAF16,0x503DAFC3,0x43EC9BA1,0x5BF595A0,0xE92F971E,0xB91238DD,0xBA14AE7B,0x1E269ACC,0x40EA0D07,0x6F82741E,0x030696A6,0x335BB51C,0xFDD2F7DE,0xD0AFD80E,0xB4E59673,0xF8EBF5B5,
  0xBC2B3AB6,0xCE8942C2,0xE4D839B0,0x3A86D9B6,0x665F18B4,0x2D7D2FD0,0xCBB040A9,0x6275DAB0,0x2E7BB976,0x14FD60C0,0x08CEACC5,0x305D23BA,0xA734A211,0xC9A51660,0x5FDF57A4,0xADEF581D,
  0x56023B0E,0xCC9C140B,0x68AE20BC,0x54176DC7,0x25B38315,0x0EF13808,0x533B3965,0xDC4BB6CF,0xD3A94EA8,0xED05551A,0x59E0C369,0x16E83609,0xE6CD6F79,0x0BC83A63,0x957CD762,0x86ADE300,
  0x9A9E2F05,0xFCC137B1,0x8E634FC5,0x0539026B,0x5DCA016D,0xD4851A0A,0x749DECB9,0x84B8B5C9,0xD596DA65,0xFFC7A117,0x3477E1BE,0x09DD6CAA,0x63661ADF,0x6D9722D7,0x6BA8B61A,0x2B42BB1D,
  0x85AB75A6,0x15EEA0AF,0xE3F46D12,0xC452B8CE,0x72A27874,0x70B72EBD,0xA8D65A76,0x314EE3D5,0x644A4E7D,0xE5CBF9DF,0x758E2CD6,0x7C53407C,0x5AE655CF,0xF9F835DA,0x5504ADA8,0xA43234B7,
  0x60608C79,0xC8B6D60F,0x0CE46EC1,0x934343AF,0xFAFEA37C,0xAFFA0ED4,0xDB67E26D,0xC16BBAA5,0x1A0C58C8,0xABD0CCD0,0xB1DC9418,0x512E6FAC,0x58F30306,0xA018F6B3,0xDF4D2069,0x24A0437A,
  0x8F708FAA,0xBE3E6C7F,0x7D408013,0xBB076E14,0x967A41C4,0x072C54A2,0xB801F8B2,0xEE03C3BC,0x78798278,0x10D7A2C4,0xB0CF5477,0x37717718,0x3CB94D7B,0x809277CD,0xF61ACDBD,0x976981AB,
  0xF51C5B1B,0xA9C59A19,0x45D30F6C,0x4D1DA3A9,0x0ADBFA0C,0x988B79CC,0xD2BA8EC7,0x13D13462,0x7F55D6DA,0x12C2F40D,0xF7090DD2,0x71A4EED2,0x6E91B471,0xACFC9872,0x6C84E2B8,0x894F1B67,
  0xCF9A82AD,0x65598E12,0x1B1F98A7,0xEC169575,0x39804F10,0xCD8FD464,0x8D65D963,0xFBED6313,0x042AC204,0x5ECC97CB,0x238C17D8,0x61734C16,0x493761AD,0x229FD7B7,0xB7E300D5,0xDD5876A0,
  0x6ABB7675,0xAAC30CBF,0xBD38FAD9,0x9EB4ED01,0x885CDB08,0x8C76190C,0xB2DA02BE,0x0FE2F867,0xC26D2C03,0x42FF5BCE,0x779B7A1F,0x41F9CD68,0x17FBF666,0xF323CFD6,0x4824A1C2,0x925083C0,
  0xF136991F,0x21994111,0x4E1B350F,0x190ACE6E,0x8394E16B,0x91561566,0x38938F7F,0xD6904CC3,0xF0255970,0xA31E6015,0x4C0E63C6,0xB5F6561C,0x18190E01,0xC37EEC6C,0xA10B36DC,0x0DF7AEAE,
  0x9DB27BA7,0xB3C9C2D1,0x1D200C6A,0x46D599CA,0xC647EE07,0x8181B7A2,0x3662B777,0xE1E13BDB,0xD1BC1861,0xAEE9CEBB,0xE83C5771,0x00000000,0xEB3AC1D7,0x32487573,0x82872104,0xA20DA07A,
  0x1972B7A2,0xBCCDFB03,0x6E7EC9A0,0xF8509D09,0x8024B29D,0xA48E0D28,0x607176AE,0xA933EB53,0x4A92D904,0xDE793A40,0x8E6DA282,0x7903C10C,0x4BA3988D,0x6D8A3FC4,0x0046AF11,0xF76E638E,
  0x95DAA2CD,0x9AA2F35B,0xE29073DE,0x8F1A4C1A,0x266F0858,0x94EBE344,0x770C7E02,0xF728CC9F,0x2AE3AFAA,0x472F3F7F,0xE3A13257,0x2860B756,0xE3E79D46,0xA84405CB,0x5F6CC954,0xD2F59DB2,
  0x5DA97EB9,0x2BD2EE23,0xB1701D78,0xA60D15D4,0xDF487BC9,0x8CA8156F,0x00000000,0xCB872A10,0x4658D1E7,0x3065EE6C,0x53A6C1B7,0xC9429DFD,0x1BF1AF5E,0xE0136B22,0x14CF51D9,0xC4B9D497,
  0xC67C637A,0x32A05981,0x0CCA08E3,0x5125D94B,0xD382732A,0xF9277391,0x0DBDE67B,0x6CBB7E4D,0x8E2B0D93,0xC4FF7B86,0xF8163218,0x25DD512D,0x758F66FE,0x9BD51DC3,0x505237D3,0xEE1CD42C,
  0x33D7B719,0x3023417D,0x8396EBE8,0x6037D9BF,0x2951F6DF,0xB007F3E0,0xA802AADA,0x9956053F,0xBDBA159B,0x81535C05,0x44DBC91B,0xF4DC3AFB,0xDCFA22BC,0x15FE1050,0x0C8CA7F2,0x6E3866B1,
  0x61069836,0xB284EB1C,0xA73C545D,0x3CE9499E,0xC74D22F3,0x8115F314,0xB3B5AA95,0x2B944132,0xDD8DCC24,0x5F2A6645,0xBDFCBA8A,0xC90432EC,0x3E6A5162,0xD2B332A3,0xB2C2440D,0xD1016BD6,
  0x5DEFD1A8,0xF961DC80,0xBC8B5412,0x7BC676E1,0x4AD47615,0x53E06EA6,0xBF7FA276,0x8D9954E6,0x160AE634,0x78742F94,0x28261847,0x6CFDD15C,0xABF65CBE,0x0F3EFE87,0x0E49101F,0xF49A95EA,
  0x24AABFB5,0xB136B269,0x986744B6,0xEF6B3AB4,0xC873DC74,0x275E49D1,0xABB0F3AF,0xFBA46B6D,0x74BE2777,0xFA952AE4,0xDDCB6335,0x0177EE98,0x173BA7BD,0xAAC71D37,0xE1222AAB,0xD147C4C7,
  0xBE084CEE,0x4769906E,0x3F1DBFFA,0x449D660A,0x5C983F30,0xFBE2C47C,0xDF0ED4D8,0xFAD385F5,0x1BB7004F,0x03B25975,0x9759BA31,0x3CAFE68F,0xCAB66B99,0x959C0DDC,0xA77AFB4C,0xA5BF4CA1,
  0xEE5A7B3D,0xF5ED7B72,0x03F4F664,0x6F4F8829,0x9B93B2D2,0x028318FC,0x3F5B10EB,0xE055C433,0x638580CA,0xA9754442,0x24EC10A4,0x83D044F9,0xCAF0C488,0x45EA8892,0xD076854E,0xE2D6DCCF,
  0x193418B3,0xF5ABD463,0x0DFB496A,0x0F785196,0x774AD113,0x1843F62B,0x9821EBA7,0x4BE5379C,0x7AB19879,0xC63ACC6B,0xB0415CF1,0x49662F60,0x971F1520,0x94AD4C55,0xF6198D16,0xC8357365,
  0x1A8641C6,0x2718E6C0,0x32E6F690,0x1AC0EED7,0x3D9EA706,0x0E0FBF0E,0xDE3F9551,0x52D12F2F,0xEC9FCCD0,0xE16485BA,0x80621D8C,0x2AA500BB,0x4811C1F8,0xDCBC8DAD,0x5E1B27CC,0xEF2D95A5,
  0xF65F2207,0xA5F9E3B0,0x6F092738,0x82A7AA61,0xEDAE8D59,0x15B8BF41,0xCBC18501,0xC70B8DE2,0xBE4EE3FF,0x5163765A,0x5E5D88DD,0x79456E1D,0x6DCC90D5,0x5CDE9021,0x5297803E,0x177D08AC,
  0xB3F30584,0x763D3F8B,0x74F88866,0x7AF73768,0x3154AFE5,0x48576EE9,0x311200F4,0x2629A749,0xECD963C1,0xC588951E,0x1805593A,0xA4C8A239,0x33911808,0xD3C4DC3B,0x01314189,0x62B4C143,
  0x02C5B7ED,0x7B80D9F0,0x461E7EF6,0x75C9C9EF,0x3DD80817,0xA64BBAC5,0xC5CE3A0F,0x767B909A,0x291759CE,0x259BFE3C,0x8CEEBA7E,0xAA81B226,0x164C4925,0x3E2CFE73,0x62F26E52,0x63C32FDB,
  0x8F5CE30B,0x9AE45C4A,0x49208071,0x9668FBB8,0x962E54A9,0x501498C2,0xBF390D67,0x61403727,0x1489FEC8,0xD0302A5F,0x9910AA2E,0x82E10570,0x45AC2783,0x8DDFFBF7,0x78328085,0xEDE82248,
  0x00000000,0x3DC937EF,0x61E367E5,0x8B9C5565,0xBCF863D7,0x6959D6F6,0xF789DFE7,0xDC6F7FD3,0x5C2A500A,0x1E9526C8,0x7F76412D,0x7095DE53,0x7B4CA4EF,0x8AE82E84,0x88FF9ECA,0x322AA891,
  0x054E9E23,0xFB098B36,0x5A070586,0xB8C28615,0x3BE46263,0x5D5E2BEB,0xA9B43FA3,0x850BB1FA,0x63F4D7AB,0xFC50A55B,0x335ED370,0x5E3DE044,0x175BEC3A,0x50AA04DB,0xAD8EDA61,0x8FA6B0A7,
  0xC0EDE955,0x4A05C7D1,0x214BA169,0x4F4B59F2,0x4C28925D,0x86687A55,0x5964CE29,0xB9B6FDF4,0x9133966F,0xA5346B72,0x1C829686,0x5490E119,0x3CBD4C0E,0x9989277C,0xB31BFCA9,0xCE7A0DCA,
  0x154C5C74,0x3407FD1D,0xD921E1F0,0x7D61F163,0x56875157,0x0217B04E,0xD2F89B4C,0x60971C04,0x40A8C68C,0x64ADF9C6,0x682DAD17,0x74AF3B91,0xF91E3B78,0x55E49AF8,0x73F615FC,0xB655628A,
  0x303D18DF,0x24053F4A,0x22286AC6,0xEA7F3280,0x28856B9B,0x2EA83E17,0x66BA4988,0x29F1107A,0x1DF6ED67,0xBD8C1836,0xFD24DEBA,0x235C1127,0xC4D70C97,0x6A3A1D59,0xEB0B4961,0xA723DB3C,
  0x6C1748D5,0x9ED00911,0x257144AB,0x76B88BDF,0xD7B6056F,0xC2FA591B,0x6E00F89B,0x2DCBF5B8,0xDF0CB47C,0xED261CED,0x4492234E,0x52BDB495,0x47F1E8E1,0x3EAAFC40,0x9CC7B95F,0x3149633E,
  0xE59CADFE,0x782F6F40,0xFA7DF0D7,0x82529F97,0xA8C04442,0x51DE7F3A,0xBBA14DBA,0xA3193EFE,0xAAD7F40C,0xDD1B0432,0xE86882CE,0xF3B33A25,0xAEED11CE,0x2CBF8E59,0x871C01B4,0x1FE15D29,
  0x0BD97ABC,0x4D5CE9BC,0x062D558C,0x8ED2CB46,0xC6C0BCD9,0x98FD5C9D,0xFE471515,0xA4401093,0x357386FC,0x7C158A82,0xBEEFD399,0xF59E6FA9,0x162F97DB,0x1BDBB8EB,0xD6C27E8E,0xD19B50E3,
  0x46859300,0x8DB100E9,0x847FCA1B,0xF6FDA406,0x947D084C,0xB26F8748,0xC8575846,0x12157219,0x9B9E9732,0xB442D2C4,0x65D98227,0xEC52670C,0x136109F8,0xABA38FED,0x1002C257,0x3887A9CC,
  0x5F499BA5,0x45E658AF,0xA657A0DD,0x8CC57B08,0x14382795,0xD0EF2B02,0x41DCBD6D,0xE78B1DB0,0x7E023ACC,0x53C9CF74,0x950973AD,0x795B14A1,0xB0783706,0xE2C58393,0xDA422A5F,0x4E3F2213,
  0xF0D0F18A,0xA07AF551,0x5810B5C8,0x0FE39F7E,0x80452FD9,0x3FDE87A1,0x0E97E49F,0x2766F4E5,0x57F32AB6,0xE0D233DD,0x92505DC0,0x43CB0D23,0xF4EA1448,0x09CECAF2,0xEE45D742,0x898BE52B,
  0x1176B9B6,0xE1A6483C,0xCF0E762B,0x26128F04,0x18B87344,0xE3B1F872,0x6D633334,0x8326E476,0x42BF76C2,0xC7B4C738,0x0363CBAF,0x01747BE1,0xFF336EF4,0x39F3D22D,0xD8559A11,0xDB3651BE,
  0x203FDA88,0x2BE6A034,0x376436B2,0xF86A4099,0x19CC08A5,0xA26D451F,0xB721196B,0xBF9BA878,0xE6FF6651,0x49660C7E,0x7A38DF0E,0x2FDC45F6,0x1AAFC30A,0xC38E22FA,0x6B4E66B8,0xC19992B4,
  0xA10E8EB0,0x6F74837A,0xCA40E808,0xF2C741C4,0x3A901982,0x5B737E67,0x93242621,0xF1A48A6B,0x36104D53,0xE4E8D61F,0x9047ED8E,0xB536A925,0xE91CF92F,0x966AB802,0xCD19C665,0xD38CE0AD,
  0xACFAA180,0x971EC3E3,0x75DB4070,0x6280AC4A,0x72826E1D,0x07592E6D,0x0AAD015D,0x71E1A5B2,0xD4D5CEC0,0xD5A1B521,0xC5A37776,0xC92323A7,0xEF31ACA3,0x08BAB113,0x9FA472F0,0xCC6DBD84,
  0x0C8054D1,0x4812779F,0x9DB3C2BE,0x043AE5C2,0x0DF42F30,0x81315438,0x9AEAECD3,0xBAD5365B,0xAF996A2F,0x77CCF03E,0x2A92DBD5,0xCB3493E9,0x67CE3269,0xDE78CF9D,0x4B71BC30,0xB10C4CE7,
  0x0FC4283C,0x8ACFF376,0x9A057A0F,0x2BF82A93,0x8A9CBBB3,0xDA84A372,0x6A0211AF,0xF23EA00F,0x535A312F,0x4C54906A,0x6B2ABB2B,0x36CF4079,0xD43B690F,0xE2A761B3,0x861ABA61,0x026A836A,
  0x2AD08017,0xC6C82BD9,0x35DE2152,0xC4F1E076,0x37E7EAFD,0xCB66808F,0xF26DE8CA,0x873210E5,0xE09EAA1C,0x686892C5,0x5DB6B397,0x246F4A6A,0xB2BF7972,0xDBFF4133,0x3A1A096E,0xFFC3439C,
  0x7A9BD013,0xBD7B514E,0xA30E124A,0x67ACBAF9,0xEC18ABCE,0xC4A2A8B3,0x78F15379,0x994753E1,0x4D2F722B,0xFDFA8833,0x850BDB4A,0xA226B8CE,0xD651EA65,0xED63498F,0x66D758B8,0x4390B856,
  0x94BAB072,0x6684107D,0x750CB0EA,0x1E754304,0xBE3978A0,0xC58A0237,0xA35D5A8F,0x3B32A3EA,0x0C8601D2,0xBE6A3065,0xFEEBE918,0x77663380,0xEE216061,0x4F45F141,0xFCD222B7,0x8470390B,
  0xB3C49B33,0xF3160A8B,0x11B16B38,0x65C63993,0x89DE925D,0xEE7228A4,0x4E3E1300,0xA01F7361,0xFC816A72,0x8BB41137,0x3A4941AB,0x96837BDD,0xBF11D224,0x4F16B984,0x97F8999C,0x43C3F093,
  0x272D6384,0x0311612B,0xFDA9C0F6,0x358D6997,0x6B79F3EE,0x243C02AF,0xBD28198B,0x8BE759F2,0x2514A82B,0x40D291B8,0xBC53FBCA,0x29C1E13C,0xFF900B59,0x4081D97D,0xB0D5FA18,0x5C9E1913,
  0x5130B245,0x034229EE,0x5F8F7838,0x504B5004,0x2605C900,0x28E94BB8,0xA275F00B,0x0F9760F9,0xF0076BA0,0x87615820,0xA04C3BA4,0xB1AE1859,0x3B61EB2F,0xE38FCB37,0x842371CE,0x0EEC82B8,
  0x4D7C3AEE,0xCA1D62CE,0x99141B24,0x0EBFCA7D,0x747752AB,0x501818C1,0xA1649120,0xAEF3F1D9,0x65957156,0x78A21BBC,0xD9C68A9C,0x2992A9F9,0x2547E0EE,0x1D376AEA,0xD513C38B,0x1E260BC1,
  0x52729BAB,0x5221D36E,0xF17C89E1,0x77357B45,0x39582080,0xCA4E2A0B,0x4C07D8AF,0x798AB138,0x017BE241,0x1C1FC06E,0x69137084,0xC824A961,0xEF09CAE5,0x11E223FD,0x37B4A238,0x95C15233,
  0xEC4BE30B,0xD72A0824,0x4E6D5BC5,0x5EA7D2BC,0xD995C259,0x69403841,0xD8BD68DD,0xEF5A8220,0x5CCD51D6,0xE0CDE2D9,0x7AC898D6,0x8558938F,0x95921AF6,0x986FF965,0x9A5632CA,0xDBAC09F6,
  0xBF429AE1,0xB1FD509C,0x88A5701C,0x277E2B41,0x683BDA00,0xB2EC31B7,0xDAD7EBB7,0x1F5DE980,0xADB1D837,0xF345424E,0xC90C03E5,0xA137D9E5,0x12A00A13,0x0128AA84,0xE3DC83F2,0x1F0EA145,
  0x1C4C88AB,0x0CD54917,0x5EF49A79,0xF0542365,0x530979EA,0x8649F2A4,0x3823C2C1,0x983CB1A0,0xD8EE2018,0x7BE03252,0x1388A097,0x0DFDE393,0x94E9F8B7,0x2A83C8D2,0x64EE9317,0xE2F42976,
  0xC69B631C,0xAC9972B3,0x74241A6E,0x12F342D6,0xC877E1A4,0xF12FC124,0x67FFF23C,0x00000000,0x41FA3B3C,0xD5408B4E,0xED30014A,0xC7E0815D,0x5FDC30FD,0x79D9F9FD,0x88F638D9,0x96D03318,
  0xCB35C84A,0x0239CBAF,0xB397D3F6,0xE1B60098,0xACCA3A76,0x1099C1BC,0x97ABD159,0x9B7E984E,0x764E9904,0xBC00B30F,0xADE290F2,0x28BA037D,0xAEA0B91C,0x64BDDBD2,0x34A5C313,0xC95F4B20,
  0x898DDA98,0x0DAEAB56,0xD602A2A0,0x1D64222F,0x005348C5,0xD77940E1,0x9B2DD08B,0x761DD1C1,0x755FF82F,0x34F68BD6,0x7BB37A97,0x42B812D2,0x13DBE852,0xB086B2DD,0x390B6845,0xFEB8A1DD,
  0xD46821CA,0xC5D94AF2,0x38708A04,0x2BAB6256,0x41A973F9,0x5DE5FB52,0xC7B3C998,0x10CA8979,0xAF881398,0x42EB5A17,0x369C08BC,0xAFDB5B5D,0xE1E5485D,0x5163FA80,0x6A51596A,0x265681C5,
  0x7E3C2917,0xAF83FB8E,0x60C15899,0xCF42A317,0xC52DACA8,0x4602FE04,0xCDC87AC9,0x9671E8E0,0x695249FE,0x33271FAA,0x27B5619B,0x9FE2F987,0xCFF8A06C,0x00BA037B,0x2679A5E6,0x1EFD718E,
  0x535C4448,0xBB1185BF,0x0AD50CC4,0xD95A04F8,0x8B7087B6,0x3884D468,0xC66BB10B,0xD3350B47,0x14927E31,0x0929121C,0x24F37C38,0x9537F543,0xE1DED090,0xB857981C,0x607B5BE2,0x253FB845,
  0xFDA978C0,0xB0084D06,0xBADD41C2,0x8BCA84CD,0xA610EAE9,0xACC5E62D,0xFEEF6563,0xE981058A,0xB28294D8,0xC71D760D,0x2585BB3E,0xF54CAEA1,0x270F62E0,0xE8F7C28C,0xC45B6BAE,0x30DB0172,
  0xE222CE48,0x3251D8AC,0xFF99A265,0x15E4B937,0x2FEAB481,0x2DDA6E24,0x4E5D2B1E,0x4F2BEC18,0x9F58FAFC,0xCE8E676A,0x443224A1,0xA5ECF431,0xA7DC2E94,0x47CE3A79,0x9E2E3DFA,0xB23897A3,
  0x81A58B72,0xFE556618,0x59334BF7,0x176E60E9,0xF4806ADC,0x69E84A85,0xF6B0B079,0x61B79F9F,0xC7A77576,0x9CA4E424,0xFD137BBB,0xAF39F8F5,0xEBB1DF2F,0x77153B0B,0x7D7A34B4,0x3BC2C9CB,
  0x0230DAA5,0x5B039152,0x958DF638,0x46B8FD7F,0x03461DA3,0xAC7FE556,0xC6D1B270,0xF43A69A7,0xE298CD33,0x52908035,0x448827DA,0xB99B5C61,0x832F52AC,0xE0A81796,0xFCDFBFC6,0x94413245,
  0x00000000,0xA420304C,0xBBAB86C4,0x30610209,0x888C996E,0x0B19C8B9,0x39481015,0x7CB6F0C9,0x1F8BB688,0x516C9EED,0xEAC71829,0x1F31B5F3,0x4C6DF1BB,0x7FF0ED6A,0xD38F083C,0x51D69D96,
  0xE93B06F1,0x2F50B7FA,0x155EBA4C,0x2E2670FC,0xAEF53C88,0x501A59EB,0x8ABC43CB,0x8A0640B0,0x17D46392,0x6A14545D,0x1E4772F5,0xB3F453DE,0xAE4F3FF3,0x09931167,0x2C16AA59,0x96CBEB9B,
  0x6387453A,0xCD7279B2,0xF60AB302,0x58458CF1,0xB34E50A5,0x4544E3A7,0x1CCDAB2B,0x50A05A90,0xCC04BEB4,0x839551D7,0x689E8D83,0x7E862A6C,0x62F1823C,0xB0B24E7D,0x7DC037CF,0x97BD2C9D,
  0x1618A7EF,0x522A834E,0xD1BFD299,0xA6AAE992,0x5989488C,0x2CACA922,0x94FB313E,0x825995AA,0x80694F0F,0x5A755654,0x0A6F0FBF,0xD2F9CF3A,0xB17E8A00,0xD0C9159F,0xB1C4897B,0xD105D1E2,
  0x16A2A494,0x45FEE0DC,0xB8ED9B67,0xCCBEBDCF,0x14287D4A,0xD9E00783,0xDBD0DD26,0x6B62935B,0x9DD22322,0x1DBB6C2D,0x03FC1ED8,0xE354094E,0xF7C6777F,0x624B8147,0xA7662DEF,0xCE346411,
  0x3A0E0DB6,0x01CCC47D,0x9D682059,0xD07316E4,0xE164D3EB,0x5ACF552F,0x6BD89020,0x339D1CD1,0xF77C7404,0x31ADC674,0x88369A15,0x77AF3870,0x68248EF8,0x82E396D1,0xD82CC3FE,0x89405D13,
  0x7C0CF3B2,0x759FE2D5,0xB9215F1A,0xF5F6ADDA,0x633D4641,0x085FD51A,0xBA6742B9,0x53E64733,0x4CD7F2C0,0x97072FE6,0x24497F43,0x0176C706,0xDAA61A20,0xFF23A11E,0x2D606D5F,0x9C1EE75F,
  0xA49A3337,0xD896C085,0x745326A8,0x1C77A850,0x5BB99229,0x74E925D3,0xADB3212B,0x80D34C74,0x4EE72865,0xC4E168D5,0xE3EE0A35,0x4F91EF63,0x89FA5E68,0x028AD9DE,0xDA1C195B,0x39F2136E,
  0xE84DC1F7,0x3AB40ECD,0xC597AFD3,0x76D9FF76,0x2E9C7387,0x32EBDBD7,0x3117C50F,0x47743902,0xDB6ADE5D,0x383ED713,0x1D016F56,0x811F8809,0x08E5D661,0x26C3A69D,0xEB0BDC54,0x4D1B36BD,
  0xFC65BCBD,0x0BA3CBC2,0x7F4AEE11,0x7525E1AE,0x4DA135C6,0x6AAE5726,0xAD092250,0xD243CC41,0xA556F74A,0xEA7D1B52,0x610D9CE4,0xE01214ED,0x9E943E81,0x3B78CAB0,0x7663FC0D,0x58FF8F8A,
  0x0E91A650,0xA5F196F5,0x5D214EB4,0xEE75129E,0xB05E3C43,0xCB193D82,0xD18E94CF,0x47B6E7F9,0x492741A9,0xA078D872,0x4B84846B,0x75D6A791,0xDEB69734,0x0F3803FB,0x3A72C8D6,0x4CAE0F2E,
  0x9532135F,0x5533C60A,0x354ACB2D,0x949BB6F4,0xC001D555,0x461F4252,0x8D067FD0,0xE7CE3F8B,0x8514F76E,0x8B85513E,0xD5AE7FE3,0x87B732AC,0x4FA46F47,0xE6679A20,0x3BDB6D7D,0x01A9A5AB,
  0x7DC42F2F,0xD284F4A6,0xBDC5FA7A,0x24C58AB7,0x2D7EA7A2,0x888F3157,0x5E2B2EDD,0x5639A663,0xE8F63C70,0xFBDAB828,0x51132D26,0xB774B706,0x2CD70209,0xDB3FD9B3,0xEA55F9B2,0xC2A21097,
  0x132C8458,0x423FA97E,0x316A2001,0xC1A870FE,0x170C6F74,0x9F835E23,0x38D10D14,0xB6DD12AD,0x4D07AA85,0xE0E4B4CE,0x1A97A94D,0x3D584393,0xADE31E4B,0x84BD52C5,0x79E4C403,0x2A542CE7,
  0x3978A8BF,0x8FA5BA12,0x488EE402,0xA86A50CC,0x61D0A88C,0xAEE97E22,0x5A0BC5F1,0x1C1487A3,0x2E74C7CB,0x37E90EEF,0xF7E8DBBA,0xA7525337,0x50BA888D,0x8A2CF495,0x8397D980,0x9112F873,
  0x63736D4E,0x77756253,0xAB6030A5,0x747F023A,0x295E4C8E,0x28F7E925,0x43960CD5,0xD6A41F8A,0x18346C8F,0x1F1EE7CA,0x892694FC,0x0D9BC639,0xBF663FB8,0x67538662,0xCF39D6AE,0xA372B81B,
  0x6459E60B,0x06832EEE,0x53B0E8E4,0x809DB9E9,0x5F828B76,0x081288BE,0xA6FBF69C,0xE56DFA49,0x96387336,0x3E5223FA,0x93B13DB1,0xCAB09829,0xDDBCF75D,0x9218981A,0x072A8B45,0x6F410EDC,
  0xC9BAF840,0xFD5996C6,0xA9C3F567,0xD70DBA21,0x3640AB44,0x1026E431,0x9BA3B50F,0x20E5619B,0xF6417E11,0x7C6D8A84,0x549A63A1,0x1EB74261,0x6EE8AB77,0xBC6C5FD1,0x0AB14D7C,0x030A6069,
  0xF16BF554,0x09BB2D15,0xB5D772C4,0xD835B9DA,0xB2FDF981,0x118F419A,0x705FE916,0x6DE2CB1E,0x98A9D566,0xDF1F329F,0xC4213E79,0xAAC9950E,0x4135C917,0x0420EB2C,0x409C6CBC,0x256C2F1C,
  0xB1F799E8,0xD0273164,0xD407DA48,0x579003C8,0xA458335E,0x16A5CADF,0x0B18E8D7,0x6B61E5F0,0xBB46D494,0x0C326392,0x9791D69D,0x861E9707,0xD32D510D,0xF8D0D841,0x5C88EB1F,0x1DBD2208,
  0xE3EED4A7,0xFCF0336D,0x199DC924,0x65F043A0,0x7ECE4F46,0x71F64CBD,0xB9E51156,0x34E36E86,0x9D209BE1,0xF261953D,0xFE53F6AF,0xE247710C,0x4A2D21C0,0x23EF01F2,0x00000000,0xF3C83096,
  0xC5889BD2,0x44BC8790,0xDA967C18,0x76DCC7F8,0xBAEF713F,0x3FFB8651,0xCC33B6C7,0xF54B1E78,0xA2DB1DB0,0x6AC8405B,0x128521F3,0xFFFA5304,0x58A80033,0x990070CD,0x214CC430,0x52194D4F,
  0xECD6D75C,0x72FC2CD4,0x05894E87,0xC8135DEB,0xEFDCB735,0xFA731D83,0x62DAC8E5,0xB47ED76F,0x5901A598,0x8CAFDA7B,0xE4C45FE2,0x30C385AA,0x14060F1D,0xCD9A136C,0x66FA23C9,0xD99C1C71,
  0xDC1552F6,0x7B4701C1,0x9C893E4A,0x15AFAAB6,0x784D61A8,0x1B3E0CE6,0x5BA2605A,0xBECF9A13,0x7355897F,0x2BFD894C,0xA1D17DD9,0x9E2AFB88,0xE14D1165,0x02A3C5C2,0x686B8599,0x823E7C2B,
  0x2FDD6260,0xEBFC5C19,0x27CFEADE,0x2246A459,0xB3545C2A,0xC72B5E10,0xF4E2BBD3,0xB84CB4FD,0xED7F72F7,0xE95F99DB,0xAF40DB89,0x4E0DCAEC,0x81341C42,0x69C22032,0x7AEEA46A,0x60790D27,
  0xF9797DEA,0x3CF1E638,0xAC4ABBE0,0x33C9E5C3,0x6C4B6EB5,0xF0C250FF,0x32604068,0xCE907305,0x4515223B,0x8E0C1FB9,0x9A0A10A4,0xC682FBBB,0x26664F75,0x90BB5DD8,0xC30BB53C,0x7F67EAED,
  0xA81F20DB,0xF7969221,0xA8F19446,0xEAF019EF,0x365EC334,0x103425A7,0x0D52AE69,0x9D57FF7C,0x8E9B72D5,0x58E6751D,0x32C9ACDD,0x175BE240,0xD585AFC6,0x1A094C29,0x790DE0F4,0x4580FED3,
  0x0E44B2FA,0x2F41938E,0x5BF0698E,0xD56B1B5B,0xF0F955C6,0xDCAEDADB,0x48D250BA,0xE0CD7061,0x3F9B02B4,0x6AC16D5D,0x70C82174,0x6939C553,0xC5B18A61,0xBF44C29B,0x21052174,0xE4B4AB15,
  0x0A3D698E,0xC80D9095,0xE3DB6CF2,0x7D743B80,0x14A34A4E,0x4696E240,0x8E75C648,0x79E35469,0xAB093C48,0xED716A95,0x09C5C180,0x32271840,0xCB1B8C06,0x8448AFC6,0x2BD6FC67,0xA2224955,
  0xC1C85115,0xEE89C29B,0x83276821,0x5123B49D,0x2CB93B80,0xED9FDE08,0xE7A2B786,0xA6B526BC,0xB82B057C,0xFDABFBAF,0xFA2A88D5,0x99C09095,0xA5A33A2F,0xE45A1F88,0x56A2C7E7,0xE023C4FC,
  0xCC744BE1,0x555A6FE9,0x36B077A9,0xDFB8C648,0x2FAF2713,0x8A0C1D3C,0x9DB94BE1,0x77A7E693,0xB66FB786,0x7D9A8F1D,0xDC406E46,0x191F50BA,0x17B556DD,0x467856DD,0x31DFB04E,0x03161C93,
  0x891A01AF,0xBC52DE08,0xF301FDC8,0xC2DE4D86,0x3548DFA7,0x22FD897A,0xCBF5389B,0xEA1EAD72,0xD2EA6821,0xD204DCBC,0xDF5672D5,0x947C8A61,0x9784226F,0x1D668BCE,0x63EA1840,0x51CD0000,
  0x381A71CE,0xF017E15B,0x7E8C938E,0x9EAF5772,0xA13455C6,0x6DAEAABA,0xD67D07C8,0x55B4DB74,0x6793C334,0xFE5353A1,0x6304ACDD,0x6D401E27,0xE335D86F,0xF46E3A2F,0xD8D701AF,0x25924E9D,
  0x8AE2A9A1,0x745F4E9D,0x5235A80E,0x3C8D1E27,0x5C711AF4,0x6012B04E,0x6E5602B4,0x87B007C8,0x702695E9,0x2B3848FA,0xF77826BC,0xBB3D19EF,0xBBD3AD72,0x00000000,0x8D63DADB,0xDBC11D3C,
  0x4117913A,0x9E41E3EF,0x74B1FA00,0x90055115,0x2C578F1D,0x28C0E0F4,0x076FC7E7,0x4BC44C29,0x90EBE588,0x5F89B2FA,0x6EB8B629,0x38F4C553,0x21EB95E9,0x5808C180,0xF3EF4955,0x7AF548FA,
  0xABE788D5,0xA2CCFDC8,0x456E4A4E,0xCC9AFF7C,0x5B1EDD13,0x5C9FAE69,0xB1007061,0xE908B1E1,0x42018DA9,0xD839B532,0x69D771CE,0x1D883F53,0x677D77A9,0x992E2408,0x6A2FD9C0,0x9A38389B,
  0x60FC04D3,0xE74C031B,0x1E9E23C0,0x42EF3934,0xB8C5B1E1,0xA1DAE15B,0x875EB355,0x257CFA00,0x22133DE7,0xF9D220DB,0xFEBDE73C,0x94923EFC,0x35A66B3A,0xC6A796F2,0x4F5323C0,0x00EEB49D,
  0xAC884F32,0xAF9E53A1,0x1AE7F8B4,0xC649226F,0x266AE693,0x0EAA0667,0xBFAA7606,0x73DE3DE7,0x7749520E,0x1E70975D,0x9AD68C06,0x313104D3,0x4C453F53,0x564C737A,0x52DB1C93,0xA65B9221,
  0x483CE427,0x10DA913A,0xB579AB15,0x04976FE9,0x5F670667,0x3C63AABA,0x0781737A,0xB1EEC4FC,0xFAC43C48,0x19F1E427,0x2684520E,0x83C9DCBC,0x4CAB8BCE,0xB5971F88,0x13CC8DA9,0xF4808EB2,
  0xAC66FBAF,0x0AD3DD13,0x3B0C6D5D,0xA54D8EB2,0x4B2AF8B4,0x7A1BFC67,0x3BE2D9C0,0x93134D86,0x0DBC1AF4,0x976A96F2,0x144DFED3,0xEE677606,0xC126E588,0xF93C9446,0xE9E6057C,0x93FDF91B,
  0xFD454F32,0x7330897A,0x646B6B3A,0xB2F8D86F,0x89F4B532,0x803174B2,0xC230F91B,0xD112C02F,0xAF70E73C,0x41F925A7,0x092B751D,0x8D8D6E46,0x7E622713,0xD1FC74B2,0xCF625772,0x84A61B5B,
  0xDB2FA9A1,0x03F8A80E,0x4FBD975D,0xB2166CF2,0x80DFC02F,0x3F75B629,0x13223934,0x282E5469,0xC55F3EFC,0xD693B355,0x0479DB74,0xB681031B,0xC8E32408,0xCF8CE3EF,0xBCBC6A95,0x6485DFA7,
  0x033B9F12,0xEF1E39B5,0x86B62F77,0xC0E18E08,0xCCED9AC5,0x0E3CBBAC,0xF80B9B08,0xC9BDD214,0x18222962,0xE87EDE05,0x26A3EBA1,0xE579FABB,0x65A4020F,0x4A5BB5B2,0x3CB16DA2,0x84868016,
  0xEB454117,0xAC19D01B,0xD19FFB76,0x3ADABA61,0xDEA870A9,0xAF224F09,0x403C76BC,0x6EC8F172,0x6B98B9A3,0x9CA4A974,0xE64265A9,0x83E667A6,0xBE5C3A77,0x6FC3C101,0x96C36A7A,0x5A2EF0BF,
  0x0C0C14CD,0x929812D8,0x8FEA736B,0x62C4E5BF,0xFD5BD3D9,0xFC50E3AA,0xC68A59CB,0xA11EF4A5,0x08576C6F,0x581E5FDE,0x95F8F568,0xDFA340DA,0x0760E7B0,0x94F3C51B,0x1B19B670,0x3F8AF2B0,
  0x1A128603,0x63CFD5CC,0xB06081DB,0xDAF3080B,0x8DDADC0A,0x4D3B5202,0x35ED31BE,0x055048D1,0xAE297F7A,0xA5458C07,0xA2256BB7,0x82ED57D5,0x52799CD0,0x3DBA5DD1,0xB35B1EC9,0xC8B6E267,
  0x90A8BDB9,0x010B3073,0x60F44ADE,0x98FFD1D6,0x3386E67D,0x669F9D1D,0xC5B1C6D9,0x77E1E863,0x36D6AEAC,0x2CC428AF,0xBC6C9516,0x61FF7AAD,0x2DCF18DC,0x718A3FA0,0x413746CF,0x045B78A2,
  0xBB0C72A6,0xCEDD35A4,0x30BD796F,0x91A38DCA,0x22F89303,0x7BEDFCAE,0x5D4E170F,0x7AE6CCDD,0x80DDF8B4,0x1075450D,0x55197B60,0xDD93EFBB,0xB43BF979,0x34E601CD,0xAA7207D8,0xCA864D06,
  0x420CD9DD,0x8BB10BC9,0x259874B3,0x31B6491C,0x8981A4A8,0x8CD1EC79,0x69A816C2,0xD7F42CB5,0xFA3B3469,0x8EE14318,0xC2D12169,0x289F500D,0xA67E1315,0x328DD60E,0xFE604CCB,0x249344C0,
  0x4C306271,0x00000000,0x0D0724BE,0xBD67A565,0x19291911,0xD6FF1CC6,0x134EDA1F,0x15250DDC,0xEE1509C6,0xF157C714,0x4F0BFD63,0x5372ACA3,0x75D14702,0xA015C4D6,0x504933B1,0x4657A17F,
  0x888A94DB,0x5729D401,0xF3676875,0x475C910C,0x9ACF7EB7,0x2FFFB7BD,0x161E92CE,0xFF6B7CB8,0xF73C10D7,0x1715A2BD,0x21C30C11,0x7EBDB47F,0x20C83C62,0x7D862B6D,0xF900AB7B,0xC3DA111A,
  0xD094CB05,0x5C45277C,0xF63720A4,0xC4BAF6AA,0xB837EDB4,0x7C8D1B1E,0x37DD9EDF,0x97C85A09,0xCFD605D7,0xB700666B,0x1245EA6C,0x456C3E6D,0xA44EBC74,0x3BD18A12,0x99F4E1A5,0x74DA7771,
  0xD9C89719,0x73BA90C1,0x9E940615,0x59156FAD,0x49602AA0,0xF4078FC5,0xD5C483D4,0x23F3A370,0xD4CFB3A7,0xA32E5BC4,0x0A67C30E,0x68A326B1,0xA842A8B9,0xFB30041A,0x0F378BDF,0xE1228219,
  0x066BD7C3,0xE975EE76,0x095C5C1C,0xDBF83878,0x38EA1500,0x5622E472,0x9DAF9907,0x39E12573,0xF05CF767,0xE74955DA,0xF50CBFB6,0xD8C3A76A,0x858DB065,0x1D7261B3,0xB60B5618,0x2AAFFF6C,
  0x5F7EB86E,0xF26C5806,0x2994607E,0xD2A46464,0x6CF85E13,0x2EF487CE,0xA94998CA,0xEA4E7164,0x76EAD810,0x1F42CED2,0x78D663BC,0x4B5085C1,0xBF570A04,0xB16BB1A8,0xAB7937AB,0xE029B26A,
  0x0B6CF37D,0xAD12E068,0x1C7951C0,0x0230AF61,0x7FB6840C,0xE2191D0B,0x514203C2,0x64AF327C,0x27A8DBD2,0x1E49FEA1,0x6794AD6E,0x5B25C0CC,0xDC98DFC8,0x5E75881D,0x3E81C2C3,0x4307E9AE,
  0xA7752366,0xBA0742D5,0xB530C90A,0xCB8D7D75,0x44670E1E,0x79DD53CF,0x9F9F3666,0x54124B13,0xED2E96D4,0x2BA4CF1F,0x939322AB,0xE3122D78,0x142E3DAF,0x81D6C8C7,0x486B1AD3,0xD3AF5417,
  0xCDE6AAB6,0xEC25A6A7,0x6DF36E60,0x117E757E,0xB2502EBA,0x9BC44EC4,0xB93CDDC7,0x6A9389D0,0x72B1A0B2,0x87BD1F04,0x70810FD3,0x4E00CD10,0xE472CAC8,0xC1EABE7B,0xC78169B8,0x8ABA3BBA,
  0x16A2F28F,0x1F59D6D0,0xD3D57010,0x3332279A,0x2EBAA8C1,0xDD254320,0x7843D1CE,0x20A1CDCD,0x4C7AE13B,0x76B3E2FE,0x82CC484C,0x05DA4EE4,0x9654B574,0xDF1F4C97,0xA0578A36,0x47509CEF,
  0x915FA21B,0xF6AEF339,0xFA8F9982,0xCC67F0FC,0x2E51FEFD,0xA7B7CB65,0x622B1FC6,0xB3C46061,0x80F647FB,0xFD848EED,0x070B176F,0x4C91B707,0xC0469A47,0x65CB5E95,0x0CCA3C87,0xD33E262C,
  0x7A928845,0xCEB6A977,0x9FAF912B,0xAEA7B906,0x3108282D,0x67F15122,0xB61E2E85,0x6EE12341,0x671A071E,0xA286D3BD,0x8BDC3A2F,0x09FB245F,0x890D63A4,0x7F48C6A1,0x532337EB,0x7153A3AD,
  0xBAD41202,0xC297C3CC,0xD4353143,0x1A68CE08,0x1473AB04,0xFFBE815A,0xF645A505,0x652008A9,0x343930F5,0x9A75DFCF,0xBA3F443E,0x29B1BFAE,0x02D1598B,0x0C216ABB,0xE70716D9,0x42618437,
  0x5D3852E7,0x8B376C13,0x3FF81B1D,0xCB6CE793,0xC7A6DB14,0x58094A3F,0xE00C01B6,0xEC2D6B0D,0xF85EC009,0x89E63598,0xA947F855,0x18B99783,0xC956E824,0xDAC50273,0x98A48644,0x47BBCAD3,
  0x4EABB8B0,0x82271E70,0x07E04153,0xAC9DB6B1,0xCC8CA6C0,0xCE5DFF4B,0x33D971A6,0xB11539EA,0xD60F3EF4,0xE9F725E9,0xB8054B89,0x5FE90B6C,0x1D888F5B,0xC74D8D28,0x69EA342E,0xC59CD4A3,
  0x852C091F,0xD6E468C8,0x38185A4E,0x27418C9E,0x9D7EC8A0,0xA75C9D59,0xD4DE677F,0x405B8B80,0xA9ACAE69,0x1393EA57,0x2B60E625,0x2B8BB019,0xB32F365D,0x3DC214AA,0x3A2255F9,0x2C80A776,
  0xC0ADCC7B,0x69016212,0xF1A5E456,0x7D999F2A,0xF39FEBE1,0xF494FC8E,0xDA2E544F,0x0EF03330,0xA56692EE,0xF47FAAB2,0x7382FA26,0xAB96A1DE,0x5119385C,0x22709446,0x1FB280EC,0xFA64CFBE,
  0x984FD078,0x53C861D7,0x71B8F591,0xFD6FD8D1,0x0B2A7DD4,0x56122F33,0x801D11C7,0x87FD5094,0x7462BB75,0xEEFC3286,0xAB7DF7E2,0x6E0A757D,0x00EB563C,0x295AE992,0x2C6BF14A,0x6C307ACA,
  0x91B4F427,0xAC76E08D,0x023A0FB7,0x27AADAA2,0xA58DC4D2,0x60111071,0xE2DD583D,0x456A9358,0x36033F42,0xA26D8581,0xC27C95F0,0x053118D8,0x9365ADAC,0xE7EC40E5,0x0BC12BE8,0xF8B59635,
  0xE0E7578A,0x1142B3DC,0x49A0AFDF,0xB6F578B9,0xAE4CEF3A,0x4B71F654,0xF14EB26A,0xE53D196E,0x96BFE348,0x5F025D50,0xC577829F,0x8E0674CB,0x257B8329,0x85C75F23,0x3AC903C5,0x78A887F2,
  0x51F26E60,0xBFE50ADA,0xD8145BF8,0xC9BDBE18,0x8CD72D40,0xBD345351,0x58E21C03,0xB8EE1DB5,0x204A9BF1,0x8EED22F7,0x7489ED49,0xA0BCDC0A,0x3D294296,0x09107263,0x5DD304DB,0x1A839834,
  0x7A79DE79,0x5AD813B4,0x4E40EE8C,0x3F134D21,0x36E8697E,0x60FA464D,0x00000000,0x54282084,0x31E37E11,0xF374BDDD,0xB4242132,0x428AD20B,0x4B9AA068,0xECC63D31,0x62C049FA,0x7D72C916,
  0x6BD03B99,0xE5D64F52,0xD8FF0DC4,0x40B0DDBC,0xEE1764BA,0xB1FE6FD6,0xDDCE151C,0x8C3C7B7C,0x946EBAC3,0x9F44C717,0x56F9790F,0x9485ECFF,0xD104299B,0x11A9E5E0,0x4581C564,0x229BC27A,
  0xBF0E5CE6,0x938EFB90,0x9A9E89F3,0xB4CF770E,0x5A334588,0xCB87B1AF,0x54C376B8,0x1649A4B3,0xE91C73D5,0xD1EF7FA7,0x7658B4C2,0xEBCD2A5E,0x0E1B650C,0x6B3B6DA5,0xE2360E01,0x9D959E9C,
  0xDFF41AAB,0x1498FD38,0x1852C1BF,0x7369AC1A,0x871606A8,0x38F30C72,0x2590D515,0x7FA3909D,0xBDDF056D,0x34D266C9,0xFF55D766,0x494BF9E3,0x1D63D967,0x1378BC6B,0x6CDB2CF6,0xEB267C62,
  0xC6AB51FA,0x065C90FD,0xB6A3E952,0x8E1DCBB4,0x5B9DEEEF,0x1176DBB4,0x0217219B,0xD62DDB5E,0x8C4064A1,0xA189A21B,0xE975B6DB,0xD470744B,0x8FA7142A,0x6535D27A,0x60C4BC82,0x05BBE076,
  0x00000000,0x583010EA,0xED3E07BD,0x67687D6F,0xECCE56AD,0x5FD65F89,0xD66755D0,0xA5889DF3,0xB50E1757,0x993780FD,0x74098740,0x6134ED92,0x16DA1A59,0xC310B18C,0xA26ED290,0x4D0D7A38,
  0xEED97736,0x4EA0843D,0x6323CC09,0x1577E45C,0x66982C7F,0x617E631C,0x14CD3BC2,0x4946CB5E,0x4D47F4B6,0x2B955647,0xFBAE936A,0x03E7708B,0x6722F3E1,0xA39E8380,0xA432426D,0x3F586D85,
  0x5DC17E12,0x9ED1CF9E,0xA079F30B,0x587A9E64,0x9D7C319B,0x132B74A1,0x73A546AD,0x2A650757,0x9C8C608B,0xD22CE4B6,0xF849E3E1,0x07E64F63,0xFC48DC09,0x2E6438BF,0xF9F33C7F,0xEC84D823,
  0x997D0E73,0x89B10A59,0xC2AA6E12,0x62991397,0xD2666A38,0x3CBF1D0E,0xF8036D6F,0x70423626,0x608E320C,0x2D834834,0x2F9469AF,0x044BB166,0xEA92C650,0x9D36BF15,0xE8CF6945,0x880BD5C7,
  0x2C731924,0x66D2A2F1,0x657F5CF4,0x8A567AD2,0xB6E967DC,0xB54499D9,0x4AEB355B,0x1291AB3F,0x5C312F02,0x48B69A4E,0x05F16EF8,0xC1079017,0x3F12E30B,0x9AD0F076,0x2E2EB631,0xB35287AA,
  0x77EEF7CB,0x3904FD78,0x03ADFE05,0xA1C32C95,0x5E6C8017,0x8A1CF45C,0xC0F7C107,0x76542855,0xEAD848DE,0xB10F28BF,0x8DB035B1,0xB71936CC,0x2BDFD8C9,0x5F9CD107,0x761EA6DB,0xD1CB943D,
  0x9F6B1000,0xD3DCB5A6,0xA2245C1E,0x71F8E9B8,0xA66FED78,0xC14D1E99,0x4B1B644B,0xD1811AB3,0xC7118E64,0x01F05110,0xEB2819CE,0xB4B4C8C9,0xA5C2137D,0xD43AFAC5,0xB753B842,0x3D4F4C1E,
  0x7008B8A8,0x8BECA54C,0x172A4B49,0xC0BD4F89,0x4AA1BBD5,0x75B358DE,0xE93F3855,0xFE15731C,0xD0714BA3,0xA0337D85,0xFE5FFD92,0x77A47945,0x3CF59380,0x38BE22E6,0xA62563F6,0xFC025287,
  0x4EEA0AB3,0x64C5836A,0x725517BD,0x721F9933,0x5A273171,0x5D8BF09C,0xEF292626,0x490C45D0,0x4F1A5BA3,0x5E260E99,0x8FED9AA4,0x89FB84D7,0xED748933,0x63694287,0x287226CC,0x9E9B4110,
  0x8C0AEA2F,0xFDB88D19,0x48FC14C0,0x07ACC1ED,0x9A9A7EF8,0x9CC6EE05,0x3D05C290,0xD580255B,0x2C3997AA,0xFA144CF4,0xC506AFFF,0xA478CCE3,0x648F0DE4,0x3AE38DF3,0xC75B00EA,0x025DAF15,
  0x71B26736,0x1487B54C,0xD7DD8A4E,0x153D6AD2,0x10868AA4,0x394E73F6,0xB145A631,0xA3D40D0E,0xC2E0E09C,0x59C041FA,0x598ACF74,0x88415B49,0x1361FA2F,0x169094D7,0xE885E7CB,0x06161E73,
  0xB0FF79AF,0x5C7BA18C,0x8E57453A,0x10CC042A,0xFFE5220C,0x12DB25B1,0xFDF20397,0xD5CAABD5,0x2FDEE721,0x3B13DCE3,0x38F4AC68,0xFA5EC27A,0x4F50D52D,0x3B59526D,0x298277DC,0xB0B5F721,
  0x04013FE8,0x73EFC823,0x8BA62BC2,0xC35A3F02,0x3EE2B21B,0x75F9D650,0x9B20A166,0x29C8F952,0x5A6DBFFF,0x5BD76061,0xB2A2D6BA,0x113C553A,0xFBE41DE4,0x98C7D1ED,0x3EA83C95,0xF9B9B2F1,
  0xD03BC52D,0xFFAFAC82,0x4CB7A5A6,0x62D39D19,0x744309CE,0xB4FE4647,0xEB629740,0xEF63A8A8,0x01BADF9E,0xC6E1DF74,0xD79704C0,0x2A2F89D9,0xEE93F9B8,0xC4F6FEEF,0x3AA9037D,0x988D5F63,
  0xC4BC7061,0x9F219E8E,0xA79FBC68,0x2838A842,0x004A8E8E,0xA7D532E6,0xD3963B28,0xC54C2171,0x1760C5C7,0xB3180924,0x9B6A2FE8,0x4B51EAC5,0x4CFD2B28,0xB2E85834,0x2DC9C6BA,0x8DFABB3F,
  0xB715E80D,0x7A1DF68B,0x381B8985,0x3D54D300,0x48A9EF01,0xF87533F5,0x676F2E96,0xF77C5523,0xB57A2A2D,0x55329B40,0xC087162C,0x6A098A60,0x62C9D84F,0x25695198,0xD2FCA8E7,0x15B28A32,
  0x20260B1D,0xFA1AF1D5,0x42EFD352,0x0AAF900F,0x18D42EC4,0x4F8977A4,0xEAE72162,0x0829FE73,0xAD47A8B5,0x787234AB,0x325DB5D6,0xF05CCD86,0xFDD3C52C,0x4749258B,0xADAE04E9,0xF5FA3B5F,
  0xD85338E8,0x575D5960,0x1F1D1A3D,0x70B26684,0x8007075E,0xB03570A8,0x05A6F6D9,0xDDF5CE31,0x4D0F19D8,0x95B58D6C,0x9ABCEBBA,0x1FF4B661,0xC06EBA70,0x789B98F7,0xF5139703,0xB0DCDCF4,
  0xF0B561DA,0x68664840,0xD8BA94B4,0xEF41D7BB,0x2D40AFEB,0x155B266E,0x5DF2C96F,0x7AF45AD7,0xB81C8EDB,0xA56E56C6,0xAA8E9C4C,0xE888E342,0x5AD251CA,0x10147CEB,0xBA734CFB,0x1ABBECE4,
  0x97DA4F4C,0x927CB995,0x072098A5,0xA24ECE63,0x10FDD0B7,0x62207413,0xC521E0F5,0xA587FA9A,0x8AA89751,0x40801172,0xA808F230,0xFD3A6970,0x52FBAFB9,0xDA3CFAC8,0xE76829C8,0xC2E8D40C,
  0x9F1A1D63,0x270693B8,0x604FB633,0xB2B31ED4,0xDAD55694,0x45CF4BF7,0x3A9DE7F9,0xF2DAA3FA,0x4069BD2E,0x00E9AC5C,0xDD1C626D,0xB8F52287,0x72DDA4A4,0xB7FC4451,0x955C2130,0xA8E15E6C,
  0xBDBA7802,0x6D2912C5,0xCAC12A7F,0xC7A78E89,0xE8614F1E,0xE5EE47B4,0xFFBC070C,0x07C934F9,0x9D9C731F,0xEA0E8D3E,0xD0936AC7,0x983A85C6,0x705BCAD8,0xCA288623,0xA2A7623F,0x3594812F,
  0xCD081E86,0x60A61A6F,0xD7B3F262,0x1D72D81D,0x3A744BA5,0x4A2F817D,0xE227734D,0x2DA903B7,0xB5938671,0x85485DDB,0x6F46D0E5,0x7DD4C272,0x42067F0E,0xF795F97F,0xA7E838BA,0x5F74A713,
  0x08C0522F,0x183D8298,0x6AE0263C,0x507DC1C5,0x3F3B1120,0x0D8F08AA,0x88C75571,0xD07AC69B,0x9733E310,0x8D880FF4,0x0F0966D6,0xC8AEE85F,0x9D75DF43,0x1A5240B8,0xC8474403,0xE7818594,
  0xD5359C1E,0x6DC0BE99,0xBF3C167E,0x4526E7AB,0x8FE7CDD4,0x65E940EA,0x2F2F6DCB,0x90FAD7E9,0x37FB430F,0x3DBD7F5C,0x9FF3B13F,0xC5C84CA9,0x75FD3C01,0xEFA87BE7,0x8268C57E,0x82816922,
  0x4AC62D21,0xCF67DCA6,0x7514905D,0x85A1F187,0x90137BB5,0x723408F8,0x777B527D,0x882EF92D,0x28E65932,0x7F52AC0E,0x47A089D7,0xAF286A95,0x2249C93D,0x3FD2BD7C,0x2FC6C197,0xE0A11D31,
  0x58BD93EA,0x17DD4812,0x054F5A85,0x026FC220,0x22A06561,0xAFC1C6C9,0xF89C9FA9,0x1D9B7441,0x7D3D6E2E,0x27EF3FE4,0x87CE33A7,0xEDC7B9C7,0xAA673010,0x7792FE21,0x0A463C53,0x57B4F53C,
  0xE2CEDF11,0xFAF35D89,0x00000000,0x3712EF53,0x1734E44E,0x2A60374E,0x4DE6B584,0x521203E5,0x58543FB6,0x357D2D73,0xD5DC3042,0xBA9AE0A7,0x4F60DBF8,0x5A3BFD96,0x303277F6,0x7FBB0052,
  0x8D61A3A8,0x2580FDC4,0xED2E159B,0xCF8E70FA,0xF2330FA6,0x12921297,0x6FAF7CB9,0x50946D99,0xDF73A04D,0xE507EBE8,0xD21504BB,0x127BBECB,0x9A5547E6,0x929515C9,0x8F0E6188,0x0D66A4F6,
  0xBD53D45E,0x32B4198A,0xA0210C43,0xDF9A0C11,0x38F225D9,0xA0C8A01F,0x87279FFB,0xA70194E6,0x8A413B0D,0x6500ECB6,0x280FF56E,0x2A899B12,0x20CFA741,0x4840435D,0xB25AB288,0x98D3299A,
  0xC74E22D5,0x688FE41C,0xBFD5BA22,0x02866E7C,0xC2017850,0x678682CA,0x55DB371C,0x30DBDBAA,0xD75A5E3E,0x5D1B6533,0x5F9D0B4F,0x0FE0CA8A,0x80EEAB02,0xCDE1B2DA,0xFF55AB50,0xE048B16D,
  0xD5319B26,0x8BA3C640,0x6DEB2190,0x5E1E1D35,0x369D8C4A,0x65EAE9BA,0xA786FE04,0x2CA97817,0xF6DC9E01,0x175D8C98,0x0FC83D63,0x12B97C24,0x49CFD1FE,0x5432D0EA,0xA70ABE57,0xCF056F7B,
  0x9C720A8B,0x02A145A6,0x442AE968,0x05E4F0BC,0xC8CC9A32,0x62231CF3,0xDDBC135F,0x2C253844,0xE3AC176C,0x5CBF5893,0x23ED0527,0xC2E057ED,0x890283E6,0xAF87362E,0xAD267388,0x1895B1FB,
  0xBF9F0FAC,0xC840DA61,0x3CB14195,0x77DFD5CD,0x9996FA37,0x53FB25A3,0xE320573F,0x12353C77,0x0745B51A,0x83A20E6A,0x6FC62465,0xAF0B767D,0x0DE53896,0x832E4E39,0x680FD12C,0xA04F0B4D,
  0x8B2F8613,0x31D83950,0xB0DB729C,0xDF9116AA,0xB856FAE5,0x1AB8B40E,0x2BECCD0D,0x8ECB76AF,0x5C3318C0,0x088D8879,0xA84EC367,0x70162084,0x1FD004E1,0x5693954C,0xBF134FFF,0x84E7BB70,
  0x7FDE1DE7,0xF47DDBA7,0x00000000,0x561FD51F,0x846BFB23,0x6D6761C3,0xD0D56B9A,0x818F0B9F,0x3E9C4460,0x898EC3B5,0x29C1C8F8,0x41425987,0xBAF7BF43,0xE10D52CA,0x3955B129,0x3611CC19,
  0xA2EE4EEB,0xD71C9ED3,0xC5A5E2F7,0x7DF31812,0x214C4081,0x81034BCC,0xDD30530C,0xEBADDF46,0x23614574,0xA527BBA2,0xF3386EBD,0x34B089BF,0x2685B5C8,0xF3B42EEE,0x7D7F5841,0xD0592BC9,
  0x9BBBFFC2,0x537765F0,0xA0C34B1E,0x96D28707,0xEC642A0F,0x1570896D,0x1DFD0114,0xCF892F28,0xCDA42ADD,0xD790DE80,0xB2F67769,0xD8D4A3B0,0x67C7EC4F,0xD5BDDB75,0x9473C2A1,0x4CA76111,
  0xA8C28334,0xB27A373A,0xF1992B1B,0x6A22D4D9,0x1819F1A8,0xBDB20A59,0x5B76ADDA,0x8CE6735A,0x43E31C21,0x8E4736FC,0xE465E225,0xBA7BFF10,0xC704A751,0xA2620EB8,0xF1156B48,0x15FCC93E,
  0x24A8B03D,0x33797CF6,0x59D7E87C,0xE90C9AE0,0x600E1906,0x9E5F0F7E,0x0801C82A,0x9197321D,0xFB39A697,0xEEC56FA9,0x723B2571,0xD858E3E3,0x0D6978C5,0x62AF5CA0,0x468BACCE,0xEE492FFA,
  0xD2742E3C,0x41CE19D4,0xDF1D56F9,0x0AA08D8C,0x3E100433,0x0F447D30,0x1F5C44B2,0x60825955,0x709A60D7,0xECE86A5C,0xE6C4A783,0xFEDD562B,0x9B37BF91,0xDA75E616,0xC529A2A4,0xFBB5E6C4,
  0x4C2B2142,0x31547903,0xE4E9A276,0x39D9F17A,0x72B76522,0x4BE2D40B,0x0568B0EF,0x494391AD,0x6566A9E9,0x9CFE4AD8,0x933677BB,0x515A6005,0xC788E702,0x595BA82F,0x4E0624B7,0xFE511678,
  0x4B6E9458,0x07C9F549,0xF998E331,0x1A34F45D,0x022D05F5,0x5BFAED89,0x3BF4F48F,0x86CABE85,0x2B608D5E,0x10183982,0xAA63C692,0xC0CD5218,0x54BE90B9,0xEB219F15,0xF4F19BF4,0xE1811299,
  0x436F5C72,0x4607EC9D,0x6F4A6436,0x7F525DB4,0x5E925D66,0xB8DABAB6,0x7753959E,0xA5ABFBF1,0x7817E8AE,0x008C4053,0xC041124B,0x2E847DE2,0x343CC9EC,0x93BA37E8,0x7AB6AD08,0xADAA33DB,
  0x965EC754,0xBD3E4A0A,0x674BAC1C,0x21C000D2,0x2609F59B,0xB05732CF,0x33F53CA5,0x94FF82F2,0xB53F8220,0xB5B3C273,0xFCF053DE,0x9ED34F2D,0xE648E7D0,0x911B724E,0x294D88AB,0x75F2D038,
  0x2E083DB1,0xB71287D5,0xCD286A8E,0x1D714147,0x757E906B,0x109479D1,0x44A6A93B,0xDAF9A645,0xFC7C138D,0xAAEF86C1,0x991ABA64,0xF914A362,0x8C6A3309,0x789BA8FD,0xCAE19FC7,0x3C3D01C6,
  0x17D1CCCB,0xD2F86E6F,0xF650DE52,0x3B78B4DC,0x8646FED6,0x0A2CCDDF,0xCA6DDF94,0xB79EC786,0x4E8A64E4,0xC26C17BE,0x6883917F,0xE980DAB3,0x6AAE948A,0x2424F06E,0x7A3AED5B,0x51D62056,
  0x8C01F3E8,0x46009236,0xB67662B8,0xC53460EB,0x4E1BABE0,0x3C8D9CCE,0x3E9FAA53,0x3496A518,0x3750A6F8,0xFEE2C866,0x49359303,0x715034CE,0xB5B06158,0xBB515510,0x4E6EA740,0xC07D6235,
  0x8DA0CA35,0x767E0C2D,0xCA0161DE,0x75CD036D,0x8087FD9D,0x4C099D7D,0x0C860E75,0x82E0C7A0,0xFC85F25B,0xBA85606D,0x3865A7CD,0x7296372E,0x3BA3A42D,0x8126C440,0xC3CE6D75,0x06FA0D9E,
  0x03B30F40,0x893DFD96,0xF9CCF085,0x4B27A59E,0x049D37A3,0xC6F2630B,0x0D523B08,0xB943638D,0xC1DC5BE8,0xB6036E18,0x793E01B8,0x33B89DFB,0xB08C6F26,0xB8E25A50,0xC7265676,0xF86DC958,
  0x00000000,0xF264C613,0xFD51C726,0x3219A426,0x8153C8E0,0x80F2F13D,0x3EEAA6F3,0xB5C56DF8,0x0F350135,0x04E83B03,0xF9B9FC25,0xBB2459B0,0x33CD915B,0xFBDEC618,0xC7535AD6,0xB0F96386,
  0x88E9C8EB,0x49409FA3,0xF6F9F1B0,0x31AAAB66,0x7B593B85,0x48E1A67E,0x8A8EF2D6,0x73420253,0x8FC7F008,0x0CF302D5,0xBDDE542E,0x02673A3D,0x794B0D18,0x075B3443,0xF4EBC72D,0xCBD554A3,
  0x8DD5C695,0xC6876FAB,0x40FA9FA8,0x867DF003,0xC4955936,0x7125386E,0xBE6D5B6E,0x4C7C91DD,0xF818C5F8,0x7C020FC6,0xF3C5FFCE,0xF49ECB8D,0x326CA886,0xB4115885,0x85CEFF43,0xCD2F593D,
  0x8341FE7D,0xBE1857CE,0x00750CA0,0x4DDDA800,0x3D2CA513,0xB12D56FB,0xBFCC62B3,0x7DD63ABB,0x408F9308,0xF076F08E,0xFD24CB86,0x846FC69E,0x086E3576,0x072E38E3,0x8295CB00,0x45B39D76,
  0x8C74FF48,0xC9B26E9E,0x3F4B9F2E,0xCF486300,0x7E6535FB,0x889CC44B,0xC26F54A8,0xB7A257C5,0xF1A2C5F3,0x4894AADE,0x7FC40C26,0xF68CFD10,0x47D4A74B,0x75B80FCD,0x068F013E,0x8608FCA3,
  0x46759E96,0x47A1ABEB,0xCF3D6FA0,0xF53FF250,0xF211CAB3,0x7B2C3725,0x4A869C43,0x4FBA923D,0x0BDD3A36,0xB29E59BB,0xF54AFEF0,0xC9C7623E,0x434990E8,0x3810AB6D,0x7FB10086,0x8AFBFE76,
  0x01D4357D,0xB9366F2D,0xC5416C4B,0x429DA595,0xBAF06CCD,0xCEE95ADD,0x8B5AC7AB,0x3CF8906E,0x87DCC9DE,0x8E66C9D5,0x09CF0CAB,0xC21A5808,0xCBA05803,0xB4645425,0x053C0E7E,0x0E9438E8,
  0xFA7FFFC5,0x34E3A9B8,0x4FCF9E9D,0x0D2737A8,0x45C691D6,0x0212369D,0xFE97C4C6,0xB1585A5B,0x307E9E1B,0x4DA8A4A0,0x36F19F25,0x0F400D95,0x36849385,0xB2EB551B,0x433C9C48,0xBC0A6153,
  0xC1A95748,0xC4E05596,0x708401B3,0xF72DC4CD,0xFF36FD1B,0x0A090F4B,0xF003FC2E,0xB33F6066,0xBDAB588E,0xFCF0FEFB,0x3725AA58,0x39B192B0,0x7AF80258,0x31DFA7C6,0x8FB2FCA8,0xF1D7C953,
  0xB7D75B65,0x4AF390E3,0x4B52A93E,0xCA746D7E,0x7E10395B,0x73370EF3,0x746C3AB0,0x77AA3950,0xFBABCAB8,0x841ACA3E,0x42E8A935,0x054902DE,0x0BA83696,0x8948F136,0xBFB96E13,0xFF43F1BB,
  0x0EE13448,0x0A7C03EB,0xB89756F0,0x081B39D6,0x87A9C57E,0x3F3E938E,0x412EAAD5,0x72E33B8E,0xC8665BE3,0x01A139DD,0x8E13C575,0x39C49E10,0xCCFB6C40,0x7DA3361B,0x77DF35F0,0x3A779150,
  0x70F10D13,0x760B008D,0xCC8E60E0,0x3D59A9B3,0xCD5A559D,0x300B92BB,0xC0086E95,0xC8135743,0x7A8D0EF8,0x4412A4AB,0x35429065,0x35379CC5,0x3A029DF0,0xC3BB61D5,0xF3B0F36E,0xF758C86D,
  0x03C603E0,0x8B2FCB0B,0xB34A6CC6,0x7C770366,0x3BD6A88D,0x85BBF3E3,0x09BA000B,0x74193610,0x789F3865,0x8334F2DD,0xFA0AF365,0x415BA675,0xCE9C567D,0x78EA34C5,0xBC7F6DF3,0x4467A80B,
  0xCC3FA03D,0xD89F2EEF,0xEC542549,0xD498055D,0xAC05367B,0xBF904153,0xF33E7E8D,0x7357E630,0x1458898C,0xB89C74B6,0xC70D7275,0x2052496B,0xDF52D04B,0x4CAE3FDE,0xB3AEA6FE,0x7FA8CADC,
  0xE092C5BA,0xDFAAD715,0x1FAB9085,0x78653478,0xEBA017F2,0xD85EE5AE,0xD355FBF9,0xE0530EFB,0x34F2C7B9,0x13ACBB37,0xABC8C8DF,0x60FB5D07,0xB45A9445,0x4BA20A3B,0xEC95EE08,0x94311131,
  0x3F3812AF,0x6B318811,0x745BD3D5,0xA0FA1A97,0xC0388B8F,0x07CDFEA4,0xE7A73C40,0xBF518A12,0x136D7076,0xB85DBFF7,0x98CE3DDD,0x6BC98F4F,0x749A1894,0x20AA4E35,0xACFD3125,0x980FF69C,
  0x4764EAC8,0x2093822A,0x8B9A81B4,0x98F7F1C2,0xFFC15261,0x78A4FF39,0xA0C3D688,0x94C9166F,0x60C29118,0xD86729B1,0x533C6344,0xCC066C22,0x670F6FBC,0x34330CF8,0x40A9146C,0x38F5EC0B,
  0x74621FCA,0x340AC0E7,0xE06AC2E4,0x40511332,0xD8A6E2F0,0x8B5B4AF5,0x6C0471EB,0xEB99DBED,0x2767B091,0xCCC7A763,0x206B8574,0x543056A1,0xC0C08CD1,0x2CAD6587,0xA70E282C,0x8765AD58,
  0xCB0A59C7,0xB36F6DBF,0xF83560DA,0xA03BD1D6,0xF4F38029,0x54F19DE0,0xAB09039E,0xE75F3B1E,0x933D24D4,0x33C73E43,0x2C94A998,0x4B9BC624,0x879DAA06,0xE0AB09A5,0xFF009920,0x9304E8CB,
  0xF8F4AB9B,0xB3976AE1,0x5FFA83B7,0x67F768E2,0x54C851FF,0x80A853FC,0x54099ABE,0x0BF31909,0xCCFE6B7C,0xD4A1C942,0xCB3395D8,0x6736A3A3,0xD3ADFCA7,0xECAC2217,0x80919FE3,0x18A7A560,
  0x5FC34FA8,0xB356A1A0,0xD459CE1C,0x9F03C379,0x73962D71,0x1F5397DB,0x98363A83,0x580EB10C,0x185FA23E,0x73AFE16E,0x1354BC69,0x4C97F3C1,0x475D26D7,0xD36C37E6,0x2B609B23,0x00C1CB41,
  0x603A9646,0xC7CCB934,0xAB30CF81,0x53FDA805,0xF4CA4C36,0xB49B5F04,0xFF39553F,0xF80CACC5,0xE766F701,0xC734BE6A,0x38CC2014,0x0CC6E0F3,0x189E697F,0xBFA98D4C,0xDF6B1C54,0x4068DF2D,
  0xDF931B0A,0xAC3CFA64,0x6CC5BAAA,0x6B08440E,0xEC6DE956,0xB4A2931B,0x9408DD2E,0x479CED96,0x9FFBC427,0x5F3B48F6,0x0CFF2CEC,0xF3FFB5CC,0x4C563880,0x1F925C9A,0xA7CFE36D,0x2BA15062,
  0x93C5238A,0x4C6FF49F,0xF3C679D3,0x14614593,0xF8CD6784,0x8C577F10,0x7F69019D,0x4B5A0D65,0x275E7C8E,0xB463585A,0x53C4641A,0x6C3DBDF4,0xD4600203,0x94F0DA70,0x333F391D,0x18666E21,
  0x3306F502,0x58377D13,0xCBF25E99,0x47A52189,0x58CF7A4D,0x279FB7CF,0x736E2A2F,0xE79EF05F,0xBF68460D,0x27A67BD0,0x58F6B652,0x7F50CD82,0x0B0B1E57,0x0C072BB2,0xFFF89E7E,0x2C5562D9,
  0xABF104C0,0x0B32D248,0xC0014790,0x4090D873,0x9F3A0F66,0x6BF04350,0x0735F9FA,0x0BCAD516,0x0C3EE7AD,0x3F01DEB0,0x2B59573C,0xA0021DC9,0xB8A5B8A9,0x1F6A5BC4,0x6CFC76B5,0x4B63C17A,
  0x789D3326,0x806998BD,0x13957728,0x5F0284E9,0x785CF867,0x07F432BB,0x3FF9D9EE,0xA7F62F72,0x00000000,0xEB61DCB3,0x93FCEF95,0x60035A59,0xCBCB9286,0xEB5810AC,0x2C6CAEC6,0x3FC015F1,
  0xC0F940CE,0x9FC20838,0x8CAF784E,0x34CB0BA6,0x070C35E5,0x67CEA4FD,0x00F8075E,0x8B6286EA,0xA737E433,0xF4324B68,0x33FEF25C,0x2B989C7D,0x3834274A,0x380DEB55,0x14A08ED2,0xF40B8777,
  0x8BA34DAB,0x7F9106C3,0xB86473E8,0x0039CC1F,0x8C96B451,0xF307B292,0x875C6147,0xACC4FD3A,0x87A46619,0x805054A2,0x5305AF5B,0x8C6EB30F,0xD39430B8,0x149942CD,0x74A3D48B,0xC7F5752B,
  0x1AD581B6,0x1AC65972,0xC334AEE3,0x45337BAC,0xE8DD5A78,0x5B0DAC2C,0x70CB4C21,0xF6E38DF8,0x35EBEF49,0xD9AFE7B2,0xB3FFE2C2,0xD980F324,0x00000000,0xC31BBA75,0x2BC6E00D,0xDD6BA512,
  0x6EC957F3,0x70AA9050,0xE8CE82BC,0xB7756885,0xF234179C,0x5FC9EE8C,0x829E87CC,0x312FADE9,0x70F78073,0x2F70A618,0x82D04F2B,0x9CEE98AB,0xADB331F7,0x2B8828EA,0x5B31607E,0x5FF522DE,
  0x04B64615,0x1E11C316,0xB3C32E90,0x1AFA9520,0xEC78C4A9,0x1AA78503,0x82FF5BBD,0x1AB45DC7,0xF255CBED,0x82B1935A,0x456E6B8F,0x9858DEBE,0x5B7FA899,0x41B9F1EB,0x41E4E1C8,0xEC0AC01C,
  0xF27ADF7B,0xDD19A1A7,0xE8BC8609,0x1E701F67,0x6A2201C5,0x8675D1FA,0x1E021BD2,0x9CFD406F,0xC346AA56,0xD9F2F791,0x9805CE9D,0xEC6B1C6D,0xB73BA062,0xF6DF41AA,0x7433C2D3,0xA939BBB0,
  0x3161650E,0xC7F0EC43,0x3100B97F,0xC3557292,0x4552A7DD,0xF2461329,0x986412EC,0x98161659,0x74201A17,0xC7CC2011,0x5F87266B,0xB38DE677,0x9CC18C3D,0xEC57D03F,0x5FBBEA39,0xF6AD451F,
  0x1E63C7A3,0xDD44B184,0xB3A2F2E1,0x5B6C705D,0xC7DFF8D5,0x82EC8379,0x003CCC52,0xA95867C1,0x35B6FF6A,0x828D5F08,0xADEE21D4,0xD9932BE0,0x741CD645,0x6A500570,0x2BFA2C5F,0x450FB7FE,
  0xF691894D,0x1E3ED780,0x451C6F3A,0x9CA0504C,0x9C8F44DA,0x1E2D0F44,0x2F5FB28E,0xD9E12F55,0x457DB34B,0xB7076C30,0x41AA292F,0xA94BBF05,0x708584C6,0x048A8A47,0xEC25D48A,0xE8AF5ECD,
  0xA964AB93,0xF6BE9DDB,0xF21B030A,0x865AC56C,0x3172BDCA,0x6E9447D0,0xEC1918D8,0x6A0D1553,0xE893929F,0xD9BC3F76,0x863B191D,0xDD0A7963,0xEC360C4E,0x35F8378D,0xB3EC3A06,0x70D894E5,
  0x04D79A64,0x5B22B8BA,0x1A889195,0x6EA88B82,0xC7E33487,0xC782E8F6,0x41D82D9A,0x45417F19,0x41CBF55E,0x746ED2F0,0xA916AF26,0xC37A6604,0xD9CE3BC3,0x6E879F14,0x5B4364CB,0x74521EA2,
  0xAD9C2561,0x04C442A0,0x6A6CC922,0x2BA73C7C,0xB766B041,0x6EF59BA1,0x8666093E,0xC3277627,0x70965C02,0x41F7390C,0xAD8FFDA5,0xA9777357,0xF6825189,0xC7913032,0x04F88EF2,0xA92A6374,
  0xADA0E933,0x35C4FBDF,0x9CB38888,0x04995283,0x04EB5636,0xDD36B531,0xF227CF58,0x747D0A34,0x315DA95C,0x1AE94DE4,0x41853DB9,0xF208DBCE,0xC7BE24A4,0xB714B4F4,0x82C397EF,0x8628C1D9,
  0x4196E57D,0xA90577E2,0xB39E3EB3,0xADC13542,0xB3D0F654,0x2F3E6EFF,0x1E5F0BF1,0xC7ADFC60,0xE8E1962A,0xC369BEC0,0xB3B12A25,0x2F02A2AD,0xDD256DF5,0x1A9B4951,0xDD576940,0x35A527AE,
  0x311361BB,0x4520A368,0x005D1023,0x9CD254F9,0x6EDA8F37,0x5FE6FA1A,0xDD787DD6,0x0061DC71,0x2F4C6A4A,0x6EE64365,0xD9DDE307,0x2BB4E4B8,0x86491DA8,0x6A7F11E6,0xE8804A5B,0x35D7231B,
  0xE8F24EEE,0x983902CF,0x04A59ED1,0x5FA832FD,0x2F2DB63B,0xB72878A6,0x2BD538C9,0x002F1496,0xB75A7C13,0x9C9C9C1E,0x358A3338,0x0013D8C4,0x70B94894,0x6A43DDB4,0x70E458B7,0x1E4CD335,
  0x5B1E74E8,0xF26907BF,0xADFDF910,0xC30862B1,0x2BE9F49B,0xEC4408FB,0xF6CC996E,0x6EBB5346,0x2F117A69,0x7441C666,0x2B9BF02E,0x314E7198,0x2F637EDC,0x5F94FEAF,0x5B50BC0F,0x3599EBFC,
  0x982ADA0B,0x007204B5,0x86140D8B,0x6A31D901,0x313C752D,0x82A24B9E,0xADD2ED86,0xB749A4D7,0x5FDA3648,0xF6F0553C,0x004EC8E7,0x8607D54F,0x9877CA28,0x984B067A,0x740F0E81,0x6A1ECD97,
  0xC7ECF8C9,0x6DB6FF05,0x1649DA0E,0xD812ECC4,0xD292E354,0xEE194316,0x31F19C35,0x8C472AA4,0xE2C61432,0x21E71E8F,0x9BAB9BF9,0x6E813E96,0xC3210ABD,0x9774CCDD,0x0E4DFDE4,0x625E69B2,
  0xB169E1B5,0x796D8FCB,0xAE97F5B8,0x6F2455C5,0x4C51E18A,0x261D2D68,0xBDB6B691,0x412BDDFD,0xAA5A07CC,0x892FB383,0xE8461BA2,0x27B8463B,0x5C476330,0x99393139,0x6A4CCCE2,0x1B33E679,
  0xCD6CF759,0x8DE241F7,0xF375FDDB,0x520A9ED4,0x408EB6AE,0x4BABD26D,0xDA804604,0x989C5A6A,0xB693D252,0xEB71DA31,0xE7AE8D15,0x4F662019,0xCA96C4BE,0x34990512,0xA248A29C,0x3FBC61D1,
  0x444344DA,0xF2D09688,0x5DE20863,0xB3FB4B75,0xFB67588B,0xBC13DDC2,0x5BBD50D7,0xDCDF1EB0,0xA68550E8,0xF9F5F24B,0x65A45A55,0x32C65DA6,0x7720722F,0xFE0FC1AC,0x7BFF250B,0xB25E2026,
  0xEC8BE9D6,0x0337C193,0x7248EB08,0x39E33965,0x7A5A4E58,0x55F0AD33,0xE53C27D5,0xEAD4B162,0x29F5BBDF,0x70DA41C8,0x2375B44F,0xE3637F61,0x0B2564C3,0x87624E67,0x6736F095,0x85F0E4A7,
  0xE4994C86,0x84558FF4,0x47748549,0x96D1A78E,0xD1A522C7,0xE1F1D5A1,0xA417FA28,0x9EC302DE,0x2E0F8838,0x11B3E9E9,0x3D2ECB11,0xB0CC8AE6,0x360BAFD2,0xD3378807,0x07FA33E7,0x908EFF3A,
  0xCB33AFED,0x2AC27A4C,0xADA0342B,0x8F70EB37,0x101682BA,0xE9E370F1,0xD65F1120,0x93B93EA9,0x86C72534,0x912B9469,0x3C8BA042,0x09B7CE03,0x0812A550,0x252AECFB,0x489C13FE,0x4EC34B4A,
  0x717F2A9B,0xC1B3A07D,0x813D16D3,0x157E1B9D,0xDFE8DF23,0x0D7A3C77,0xEFBC2845,0x9C51A81E,0xC649939A,0x63FB02E1,0x421C1C6E,0x37AEC481,0xF7B80FAF,0xC9A1052D,0x1A968D2A,0x7DA07DBF,
  0x065F58B4,0xB5A413C1,0xFD38003F,0x5455C660,0x75B2D8EF,0x6169A821,0x64013106,0x1CC9D59E,0xD0004994,0xE60BE646,0x9A0EF0AA,0x3E190A82,0x05689927,0x46D1EE1A,0x5A183B84,0xE054BEF2,
  0xDB252D57,0xC016CB2E,0xBF241C51,0xAF329EEB,0x78C8E498,0x7C0516EC,0xF48FCE3C,0xBE817702,0x248F87A8,0x45E62F89,0xAC055F78,0x2FAAE36B,0x43B9773D,0xA96DC65F,0x9F66698D,0x83AFBC13,
  0x66939BC6,0x6C139456,0x3AD4F8F6,0x8ED58064,0x180427EA,0x576207F3,0xC28461EE,0xCE5B36CA,0x336336F5,0x888AD8D0,0x3054F766,0xFC9D6B6C,0x8A187210,0x4DF48AD9,0x7685197C,0x588A9144,
  0x2B67111F,0xB736B901,0x0292AAC0,0x921C55FA,0x22D0DF1C,0xDD7A75E3,0x00000000,0x3B7193A5,0x1E5B7F5E,0x1D6CBECD,0x60CCC372,0x4A0EB93E,0x353C6E41,0x13214329,0x19A14CB9,0x17ECB15D,
  0x0CDF5724,0x14DB70CE,0xF52AA56F,0xB8DE2FB6,0x01A56B53,0x1FFE140D,0x73ED805B,0x2850D08C,0x53AFF587,0xC57E5209,0xA7203BBB,0xD568D0B3,0x56C76CA0,0x7F32D77F,0x8BBD1943,0xF61D64FC,
  0x94430D4E,0x820AD740,0xF1E7571B,0x6BE9A7B1,0x592FFA17,0xFAC233D8,0xD9B78797,0xA3EDC9CF,0x38465236,0x80987D80,0xF0423C48,0x0A800F90,0xABFF6C9F,0x7E97BC2C,0xA5B2917B,0x204275DC,
  0x04CDF274,0x9DF4C34D,0xC4DB395A,0xA0DA085C,0x2D3849AB,0x1284287A,0x50983414,0xB97B44E5,0xED2E8285,0xDE4DB470,0xCCC99C0A,0xF8509918,0x0FE896B7,0xA8C8AD0C,0x7417B3BC,0x697B0D71,
  0xB4017892,0xC8046E7E,0x5F70A2A3,0x5ED5C9F0,0xBBE9EE25,0xFFAAAAFF,0x493978AD,0xBA4C8576,0x68DE6622,0xD7FA7A73,0xA17F630F,0x513D5F47,0xCFFE5D99,0x2C9D22F8,0xD4CDBBE0,0x95E6661D,
  0xB26F4736,0x18891FCB,0xCDA9373E,0xE506E678,0x05E27BBB,0x3F4BCC3D,0xF0144D6D,0x9DD45BA5,0xE4A0162D,0x73FB3483,0x1642ED2E,0x69849D26,0x01A6F055,0xBA168853,0x3C1B8A06,0x559F1720,
  0x8E74CD30,0xC84B4C85,0x28AFD146,0x0714CDD5,0x20D61E23,0x6F36A0A6,0x9836201E,0x0B29895E,0x9E841D9E,0x80BF3FD5,0xBFF4F3E8,0x66E99F96,0xD3921575,0x6DC016C8,0xE7F05016,0x7A240BB3,
  0xDFAF51FE,0x31803ED8,0x88C6F0B0,0x641F29F8,0x10F0D0AE,0x479971E0,0x1512AB15,0x710D82ED,0x61FD5243,0x83EF79EE,0xBE5203BD,0xAF042346,0x8D248B0B,0x7B82FBE6,0xB3C9B763,0x77BFBF6D,
  0xE93BA2F3,0x0350463B,0xB946CE68,0x3026CE8D,0xF86D8208,0x532D2AA0,0x2FBB1C93,0xC476080E,0x34624563,0xE2122BAD,0xA58B5A4D,0xA6DB1C76,0x4D1608EB,0xD7D69E9B,0x3694F30D,0x2D4DAAFD,
  0x5804A3FE,0xB57B8AE3,0x06B23D80,0xDCFF17C5,0x8119CF80,0x115620FB,0x65B9D9AD,0x43DDFA0E,0x9B666625,0xBCA4B5D3,0x0ECBF2E5,0x96FDD2FB,0xC2C4358E,0x74EFF956,0x6AD4DB1D,0xB8E03E3D,
  0x25346598,0xB4DD7AB6,0x463F81B5,0xA9B61EC6,0x6E9050F3,0x975B22AE,0x824989BB,0x2A596728,0xF70080B8,0xE3B4DBF8,0x92B95915,0x3DBD7A53,0xD8BB9C2B,0xF3440B56,0x9AC09670,0xEA6BE4C8,
  0xE0E49DC3,0x91E91F2E,0x1E3B224B,0x7FC67008,0x2CEB5AA8,0xEBCD149D,0xB78D3C8D,0xC9EDBCD0,0xADF29528,0xC19473B5,0xB13F010D,0x95AD94C0,0x5F106E2B,0x49528305,0xA33967CD,0x408DBC35,
  0x385F01E8,0xB099F158,0xF2E2FB03,0x337688B6,0x70AB72B8,0x4CB0F8BE,0xCB1B0ABE,0x79744D88,0x09DF3F30,0xF5F636D6,0xD234E520,0x0C3D448B,0xD52028F5,0xD91D6C7E,0xBD024586,0x9C72ABF0,
  0x23865818,0x5AF21590,0xFB3DC433,0x8C827B5E,0xD6706ECE,0xDE09A1AB,0x725DC4D6,0x7D30C666,0xF6A670ED,0x39F9F1BD,0x4FE0BE85,0x4A02C53E,0x9F22EDCB,0xFC2909E6,0xEE2F6F26,0xCC0FC76B,
  0x266423A3,0x17E41D7B,0x35C4B536,0x904FEF7B,0x4BA4356B,0x2170EE76,0x04448BEE,0xA77DEC23,0xA1CFD1A3,0x00000000,0xC362C5DB,0xB62BCCD8,0xC680BE60,0xFEDFBF88,0xC03283E0,0x37320358,
  0x8FD23D65,0xDD59E790,0x84FBB43B,0x4E464ED0,0xEF899F73,0x1A7FA9A5,0x62AD1478,0x51DB9CCE,0x59A253AB,0x32D078E3,0x7C963633,0xF9CB725D,0xECD9D948,0x8B96B68B,0x3EED3C68,0xED7F291D,
  0x0D9BB4DE,0x5439E775,0x674F6FC3,0xCABDFAEB,0x249295CD,0x29092113,0x27C2D3F6,0x5B54E5C5,0x412B4C60,0x0A8F790B,0x78D2BDDD,0x6B722B48,0x8A3046DE,0x1CCD9425,0xC7264E35,0x2E1DECC6,
  0xA06921F6,0xA42DAA18,0x3AA9B786,0x6C66E69D,0xC5D0F85B,0x0879CF65,0x605BA216,0x1D6B6470,0xF1B2BD38,0xFF794FDD,0x68226D73,0xDA4D2A45,0xE656A043,0xD486D8A0,0xAAE658FD,0x13A09695,
  0x76194F38,0x427B0A5B,0x87ABF200,0xAB40A8A8,0xA29F9798,0xBBB07806,0xE1426D96,0xFD8FF9B3,0x528BDAF5,0xE89D52A6,0x75490903,0x0F6D02B0,0xCEF97105,0x931FA940,0x1BD959F0,0x630BE42D,
  0xF450C683,0xD164A31B,0xDBEBDA10,0x120666C0,0x1F9DD21E,0x56CF511B,0x896000E5,0x5C402810,0x940B6495,0x14B45B40,0xFA9B3466,0x5DE6D845,0xAC54657D,0x5769A14E,0x855D446E,0xCF5F8150,
  0x48F47350,0xA810EE93,0x860D0255,0x9990D04B,0x2220A84D,0x192FEF9E,0xAEA2D313,0x02F6B66E,0x456FC78E,0xD0C2534E,0x3B0F47D3,0x7E60805D,0x5EB69E7E,0x44C937DB,0x507D6C9B,0x2BFF977D,
  0xA322DB3D,0x9C2414CE,0xDE857125,0x4251CC21,0x78DB1A14,0x276893AD,0x7B299653,0xFC915284,0xDE75D8EF,0x593DB5F2,0xF9EDE288,0x51405984,0xF7EE9B7F,0xEAFC772D,0xC5E908F6,0xBD3212E2,
  0x4ADC899D,0x782BB3DE,0x1B9CD019,0x2A99661D,0xB84EA2EE,0x7628CA29,0x3105B604,0x44DFF06A,0x087DEC76,0x166D25A9,0x31F51FCE,0xEF706EEB,0x9459F8B8,0x63B763C7,0xAED32E8D,0x159FA9EE,
  0xE183BED6,0x0302258D,0xD08608D2,0x3CF443B4,0xE70D829D,0x6EB63FBD,0xE90EFB6A,0xAB5F374B,0x5A3F907F,0x4FA03991,0xCB1AD8CB,0xA55C4EBC,0xEC82E2AC,0x169D8C63,0x8AB998AD,0xD6F89D53,
  0x3A7A7FFF,0x52B2D5C3,0x6E469677,0x34790608,0xD076A118,0x2C175A56,0x1EE06015,0xB5BF575E,0x844A4890,0xC36734BD,0x894B14EA,0x42A165EB,0xA020FEB0,0xDD8754A8,0xCBEA7101,0x52427C09,
  0x9A5A814F,0xD8FBE4A4,0xB3C1C2DF,0x9FD69889,0x97AB74FF,0xD3748495,0x03F28C47,0x8FC528A1,0x5C4105FE,0x65C9F646,0xAD21A2CA,0x6D44B3FA,0x66CBD3CB,0x6B3A267B,0x3988F3B8,0x8CC70D2C,
  0x9CD4BD04,0x3A8AD635,0x246AB620,0x7EA58F95,0x57CE65CF,0x4C52B5D6,0x99A80D08,0xFA1F6ECF,0xC8E8548C,0x9AAA2885,0xA3D272F7,0x975BDD35,0x8C37A4E6,0x156F0024,0xC61B84B1,0x54CC4042,
  0x7DA7AA18,0x22E48A6B,0x10E319E2,0x573ECC05,0x067E9581,0x51B0F04E,0x84BAE15A,0x89BBBD20,0x4CA21C1C,0x9F263143,0x5FB389B9,0x87486D1D,0x3489AFC2,0xDD77FD62,0x81C65156,0x2F157FDB,
  0xBB4C8763,0x2FE5D611,0xDB0968E3,0xF26282B9,0xC519A13C,0x73A4D3EF,0x0EF3D03D,0x2A69CFD7,0x492E05DA,0xF4ECBEF2,0x3FF66639,0xB3316B15,0xAE238747,0x442F59A0,0xBEC09EA5,0x8234DD11,
  0x683803F6,0x92D7C4F3,0x0B7FC9FB,0xEA0CDEE7,0x4A2C2057,0xFAEFC705,0x5CB1AC34,0x49DEAC10,0x41A34066,0xFF63DEC3,0x8136F89C,0xA65E6B31,0x13E13C6F,0x60B5464A,0x70565FA8,0x70A6F662,
  0x6BCA8FB1,0x0D015C7A,0x189EF594,0x1B6C79D3,0xCD94E480,0xADD10B00,0x21E6AFE6,0x7D5703D2,0x3C04EA7E,0x75DA466E,0xB6BD72D3,0xF91D4B42,0xC095B8FA,0xB0C3E752,0x5F432073,0xE173171C,
  0xC0651130,0x73547A25,0x068E3C4B,0x91D5E17E,0x912548B4,0x296BEA5A,0x94A95172,0x299B4390,0xB64DDB19,0x65395F8C,0x92276D39,0x4F50905B,0x00000000,0x2CE7F39C,0xBDC2BB28,0x378B8A4F,
  0xB54FFE94,0x1D12EC52,0x221423A1,0x6347CA0D,0xC818FD46,0x7BD93F99,0xD50A1114,0xE4FF0EDA,0x0DF1F5B0,0xD5FAB8DE,0x76D863E3,0xCE6668C7,0x1013B028,0x1E10C9DF,0xB0334E98,0xE2819B5B,
  0x131195A5,0xB8BE0B24,0xBBBC2EA9,0x6DB41A30,0x47DDD5E7,0x0B8F6031,0xFF937709,0xC6EB2D7B,0x32079389,0x59CD1C38,0xD3842D5F,0xDBF9C129,0x377B2385,0xF160A734,0x5ACF39B5,0xABAF9E81,
  0xF1900EFE,0x39785A72,0xE2713291,0x87B8C4D7,0xF41C1738,0xA5ACE776,0xC3979D77,0xE7FD2B57,0x32F73A43,0xD6083499,0x0E0379F7,0xBE30376F,0xE9FE52A0,0x057CB00C,0x2116062C,0x27983A67,
  0x472D7C2D,0x543CE988,0xCE96C10D,0x8F35816B,0x186E5C5E,0xF2922B73,0x3F06CFF3,0x058C19C6,0xEC724B66,0xCD644D4A,0xD80B4D6E,0xA8ADBB0C,0xE40FA710,0x6045EF80,0x4153E9AC,0x8A493167,
  0xA85D12C6,0x1DE24598,0x82C474DB,0xA0D0577A,0x7E55265F,0xEF80C721,0x9958A4C2,0x68C8AA3C,0xA6AEC2FB,0x663B7A01,0x00F0A9CA,0xFC61FB4E,0x752AEFA4,0xF71E32B5,0x249A1FEA,0x088D45BC,
  0x49F3206F,0x86D9FBDD,0x3AD0C078,0x98E68ACB,0xEAF48DEB,0xCF2ADBB2,0x25954486,0xE8E17C23,0xF514FC70,0x5592B26E,0xF630EA8F,0xEABF9F34,0x70E91152,0x713611DF,0x26FA40A6,0x03CAF145,
  0x4BE6D1A7,0xA27D586C,0x4A39D12A,0x482C20E2,0xA1594E93,0xF55FEEAF,0xA1125C4C,0x848718CA,0x54A35559,0xBC42297A,0xBD73CE4D,0xCD3F2A7A,0x032416FF,0x25DE5659,0x2780B54E,0xA2364AB3,
  0x2614A71C,0x01DF008D,0xBD9D29F7,0xA1FCBBF6,0x84CC0A15,0x99D76DFC,0x1E7463C9,0xBCE7DC1F,0x98437FAE,0xEB8E7803,0xA3E94A3E,0x557C55D4,0x00000000,0x036F0420,0x87A30E35,0x4B4324C2,
  0xBF663F85,0xD081B8F6,0xA307AD84,0x7323E017,0x3BE1274F,0x391A313D,0xEB609FB9,0x388E236F,0x874DE98F,0xCE502E5A,0x9B676951,0xA34CBF5B,0x72FCE09A,0xF7A4F8DD,0x00EEE7BA,0xA023BB7B,
  0x55D9A0B1,0x382BD60A,0x1F0E9621,0xD34B49B3,0x6DB96464,0x1FE0719B,0x70A2038D,0x9B898EEB,0xD1FB4D1E,0x9A1D9CB9,0x56FDB64E,0x4B08361D,0x6E739521,0xD0CAAA29,0xBD38DC92,0x6DF276BB,
  0xF5FA1BCA,0xEB2B8D66,0x85130A98,0x4BADC378,0x6F427216,0xE8AA6EFC,0x240156D4,0x1FAB6344,0xF4CBFCFD,0xCC45DF92,0x85581847,0x85B6FFFD,0x9AF37B03,0xBF88D83F,0x8422EDAF,0x39BFC458,
  0x4889D587,0x1D507536,0x867C0EB8,0x7368F2C8,0x6F0960C9,0xD2DF5BE1,0x73861572,0x9AB869DC,0x004B12DF,0x8469FF70,0x491DC7D5,0x4AD73690,0x1DBE928C,0x5406A03C,0xD0244D93,0xCCE02AF7,
  0x6FE78773,0xF5B10915,0xF4251B47,0x5722B6C3,0xA3A258E1,0x025EE317,0x99398A46,0x6CC3918C,0xCF8F2ED7,0xCCAB3828,0x2530B1E3,0x72B7F245,0x99729899,0x4867323D,0x1E9A8473,0x38C531B0,
  0x5537470B,0x26B15279,0xF480EE22,0xF7010DB8,0x1E3F7116,0x1C8F75BB,0x1C2A80DE,0x578743A6,0xD1B05FC1,0xBF2D2D5A,0xE80F9B99,0xA2D8AD09,0x6D5783DE,0xBDD63B28,0xBCACCEC0,0xA293BFD6,
  0xCFC43C08,0x3B0FC0F5,0x6D1C9101,0x9BC29C34,0x1D1B67E9,0xBE57D8B2,0xF6DE0D35,0x4A9C244F,0x1DF58053,0xEA51788E,0xD3EEBCD6,0x276E52F4,0x3B44D22A,0x561351F4,0xD27AAE84,0xE8448946,
  0x8706FB50,0x2725402B,0x71D8F665,0x7193E4BA,0x3A9BD2A7,0xF46E0998,0xBFC3CAE0,0x48C2C758,0x98086D71,0x704CE437,0x1CC46764,0xCD9ADF1F,0x257BA33C,0xCF61C96D,0xE9D09B14,0xE9756E71,
  0xCC0ECD4D,0xA0CD5CC1,0xD15EB87B,0x4956D50A,0x54E84786,0x265FB5C3,0xD294493E,0x9A568E66,0x49B832B0,0x0131E737,0xEBC56ADC,0xD231BC5B,0x72120720,0xD3A5AE09,0x39F4D687,0x85FDED22,
  0xBE1CCA6D,0x6C2D7636,0x02FB1672,0x24A4A3B1,0x395123E2,0x73CD07AD,0x0215F1C8,0x5658432B,0x00A5F565,0xCEBEC9E0,0xD06F5F4C,0xF67BF850,0xE99B89CB,0x6ED66044,0xCE1B3C85,0x717D0300,
  0x0381E39A,0xE93E7CAE,0x3BAA3590,0x8692E902,0x1F4584FE,0x725915FF,0xBC093BA5,0xEA1A6A51,0x1ED196AC,0x9B2C7B8E,0x7007F6E8,0x1C619201,0x544DB2E3,0xCD7438A5,0xBEB93F08,0x3860C4D5,
  0xA1B7A929,0x86371C67,0x57CC5179,0x3A75351D,0x98AD9814,0x87E81CEA,0x6C888353,0xCEF5DB3F,0x5769A41C,0x01941252,0x02B004AD,0x6E9D729B,0x6C6664E9,0xF6951FEA,0xD3005B6C,0x017AF5E8,
  0x3A3E27C2,0x244A440B,0x6E3887FE,0xF7EFEA02,0x999C7F23,0x24EFB16E,0xA068A9A4,0xBEF22DD7,0xCDD1CDC0,0x4A72C3F5,0x56B6A491,0x27CBA791,0xF74A1F67,0x6FAC95AC,0xA0864E1E,0xD115AAA4,
  0x7D9F6A7A,0xCA41FC3D,0xDB88A349,0x1698AFF7,0x0CA642FE,0x997C1C50,0xDAA58F26,0xC56A37D1,0xC7CA92AC,0xEDB4612A,0xE11223D4,0x7745F468,0xF0DB7CA0,0x05F155FE,0x8FE4B3A7,0x6EF69073,
  0xF52A295E,0x5D3B07EE,0x9657D7BC,0x5C162B81,0x519D4510,0x1D6F1D8A,0xF1F650CF,0x363CC263,0x448863F5,0xA93C02DF,0xBE898147,0xD2DFB449,0xA3E69CCD,0x1369FA09,0x8EC99FC8,0xDE79F6B7,
  0x841301DA,0x189E4874,0x27F59D17,0x00000000,0xFB2CCEDD,0x383A25E0,0xE03F0FBB,0xAAB18BCD,0xAB9CA7A2,0x04DC7991,0x1C4231E5,0x3F6BD563,0x88B54324,0x3CE65C71,0xCD100CBE,0xEBC8BDC6,
  0x45A54F9A,0x218941FB,0x2F8FA678,0xA617C933,0x6250D28D,0xF6A7A04C,0x7668D807,0x3917098F,0xCE9D85AC,0xC1B64E40,0x786E3F84,0xE96818BB,0x6B07C58D,0x19B3641B,0x28DE56FB,0xADE07B4E,
  0x35B14B71,0x668CAB1C,0x533DE06D,0x33CD979D,0xFFF0B74C,0xFD501231,0x61DD5B9F,0xBFA4AD28,0xD72EE1B7,0x6D7B1961,0xB22FC3B9,0x4E52FDE7,0x55413C81,0x93A68242,0x94F772C1,0xA14639B0,
  0x2204C8E9,0x1EE29498,0x8C693AB5,0x40541A64,0xA8112EB0,0x89986F4B,0xC6E7BEC3,0x087A3B6F,0xC9CC752F,0x5B47DB02,0xBC29243A,0xDF54DAD8,0xA59A4021,0xF27BD9DD,0xBA55F8D6,0xE4E3762A,
  0x9C8D49AE,0x72B4A196,0x6C56350E,0x794313EB,0x32E0BBF2,0x4F7FD188,0x6501220E,0x7BE3B696,0x3BB7ACF2,0x316D32E0,0xE3B286A9,0xA4B76C4E,0x10E4731B,0xD58E44CA,0x58CA5210,0xF98C6BA0,
  0xB57E333A,0x2555386A,0xD8052A5B,0x4628C688,0xDDF47FA5,0xB7DE9647,0xE76EFF38,0xBB78D4B9,0xD9280634,0x3DCB701E,0xCB6CD052,0x43D99376,0x30401E8F,0x29F37A94,0x9F00C0BC,0x853E2DB5,
  0xAF40DE33,0xD07F1134,0x4705EAE7,0x6FDBBC1C,0xD4A368A5,0xE643D357,0xD603CDD8,0xC4471BBE,0x6A2AE9E2,0xCFB0A9C3,0x95DA5EAE,0x7F3FCF07,0x75E55115,0x73998DF9,0xB1A24AAB,0x80CF784B,
  0x9DA065C1,0xB9D871C4,0xDCD953CA,0xB302EFD6,0x7CB24615,0x0F2BCBEC,0x2D2F0305,0x02A0A57D,0x49030D64,0xB8F55DAB,0x4179360B,0x2329E486,0xACCD5721,0x14380A8A,0xC8E15940,0xC09B622F,
  0x71392884,0x2B53DFE9,0x9AF19542,0xCC3D20D1,0x0BF7B27D,0xEE39E838,0x4CF2589A,0xD1523D5B,0x826FDD36,0xF78A8C23,0x5210CC02,0x7E12E368,0x81E25424,0xFA01E2B2,0x0751F083,0x42F4BF19,
  0xD3F29826,0x59E77E7F,0x74C87D7A,0x879E88C8,0xC23BC752,0x9BDCB92D,0xEC994D45,0x151526E5,0x1A3EED09,0x9851303F,0x902B0B50,0x4DDF74F5,0x349C671E,0xE5CE5A45,0x642C0E61,0xBD040855,
  0xA06B15DF,0x0D8B6E91,0x69A760F0,0x50B0697F,0xE29FAAC6,0x09571700,0x57E199FC,0x5A6AF76D,0xA73AE55C,0xB08F66C4,0x4A8E8476,0x038D8912,0x012D2C6F,0x9106273F,0xF8A147CF,0x3A9A809D,
  0xEF14C457,0x60F077F0,0x2A7EF386,0x17B58398,0xB4531F55,0x3711EE0C,0x8D4416DA,0x5EB68EFC,0x56CCB593,0x8A15E659,0xFC7D3E5E,0xE84534D4,0xF4070531,0x928BAE2D,0x0ADA9E12,0x067CDCEC,
  0x977AFBD3,0x2EA28A17,0xC316EB3D,0x8342F159,0x1244D666,0xEAE591A9,0xB6F3BA28,0x4BA3A819,0x2C022F6A,0xA2CBB0A2,0x637DFEE2,0x8B38CA36,0x5F9BA293,0x11C95F74,0xAE6DF25C,0xF356F5B2,
  0x9E2DECD3,0x1FCFB8F7,0xFEDD9B23,0x0E06E783,0x26D8B178,0x86B3A4A7,0x688A4C9F,0x701404EB,0x1B13C166,0x3E46F90C,0x7ACE9AF9,0x67A18773,0x546C10EE,0x482E210B,0x20A46D94,0x24781405,
  0x03856DAB,0xFB2878FD,0x088C44AC,0xC00AB674,0x802EDE35,0xF5BFB7D0,0x18888256,0xCB039F73,0xB8897D17,0x7883CB63,0x91CD4304,0xB47C845A,0xECD06E4D,0xFD33F37C,0x0D12A286,0x98A65C63,
  0x45BA8E6B,0x9AC46A03,0xE45C2AE1,0x463FE3C0,0x7AE1FD03,0xE0259700,0xAD135DC7,0x0CF5F94D,0xA96AE026,0xB96E26DC,0x4D36CAC7,0xF94A4E9D,0x02623660,0xF7DD81B0,0x92482EAF,0xE1C2CCCB,
  0x2AC153B8,0xAAEF8D8D,0x524298DB,0xE3A0FAAB,0xE8A9D3AC,0xBCF0C0F6,0x563B253A,0x2634AAF5,0x147D7B1B,0xE7D9474A,0xFF51C51C,0x3940F8E9,0x638E249E,0x5CD557F6,0xF243679A,0x5B2987BC,
  0x34525A6F,0x1E9309D7,0xBF75AD5D,0xD1E92B45,0x6472F4D4,0x3F5B7368,0xD7F2A0C4,0x2D3D83F2,0xBAEB4B77,0x31CCBC45,0xA38492EA,0x9D38BA49,0xED373586,0xDCFB89C3,0xBD179B3D,0xC38FDBDF,
  0x196FD99D,0x3B22CE89,0x87D20E7F,0xC2688014,0x23AA4CDF,0x9CDFE182,0x5D320C3D,0xB00539BB,0x4F54FCA7,0x161F4D7B,0xC1EDEDBF,0xB3805410,0x69605652,0x824CE855,0xE5BB712A,0xF3A43C51,
  0xC6113DF5,0x8B27F732,0xC961A913,0x29443E13,0x68870D99,0x5EB76196,0x40246841,0x759169E5,0x7F7F1B29,0x43A105EA,0xC4730B95,0x224D1714,0xAF716BA7,0xA61A74C0,0xDD1CD208,0x67F7997F,
  0xB1E26270,0xAE96306C,0x81C985FE,0xA88DBBED,0x445DD5A0,0x57DC7EF1,0x9B2331C8,0x3EBC28A3,0xE94E8867,0x5020AEBB,0xCE9D7959,0x096B1F67,0x95B4FEE5,0xC886F2D8,0x4EB3A76C,0xA47842A0,
  0x17F816B0,0x24569C95,0x77F35F85,0x159A20D0,0x27D3F13E,0x6610C2B4,0x845763D4,0x1004C6FA,0x6B026032,0x83ABB39E,0x28A365D8,0xD477CD6F,0xF1C60A31,0xBE92F696,0xE247A160,0x37D737C4,
  0x5ACEDC77,0x9EBDD7E2,0xAB08D646,0x61EC12FE,0xFCD4A8B7,0xB7F9E9F1,0x3CDE1EC3,0x97D6C885,0x21C87ABF,0x4CD1910C,0x1B0DEFFD,0x01E75BCB,0x35B501A4,0x3D394508,0x38A7A322,0xBB0C10BC,
  0x53A5C310,0xCD1814F2,0xEF5503E6,0x994107A8,0x8D3C7CB3,0xB61EB23A,0x1F74521C,0xACF4060C,0x4B2D4146,0xA59F196B,0xCAE4C4B8,0x863555B4,0x902A18CF,0x62697F55,0xDF7EE468,0x85B0381F,
  0x2CDAD839,0x9453A52E,0x41C3338A,0x07FCD04A,0x6AE53BF9,0xC594505E,0x1AEAB436,0xEB2CBE07,0x5F503A5D,0xD59096A4,0xD26C46EE,0x00000000,0x9F5A8C29,0x51C7F570,0x88A29A99,0x0F7094E6,
  0xD8823422,0x2F5FB592,0x9631934E,0x0AEE72CC,0x202F2174,0xF63ADA7B,0x25B1C75E,0x594BB1DC,0x700F8FCF,0xA7FD2F0B,0x738AE264,0x3AC59542,0xA263C921,0x8945C152,0x42465E21,0x726DB9AF,
  0x2EB8EE59,0x55BE4891,0xDAE00242,0x1381AB51,0x0479BDE1,0x7D1D2D49,0x2B260873,0x6CFEB078,0x47D8B80B,0x36306C0F,0x71E8D404,0x3249D1EE,0x0B092907,0xEACBE5CC,0x600B4935,0xCCFF4F39,
  0x8EB91118,0xD00E708E,0x0E97CF2D,0x8F5E4AD3,0xF8AD1556,0x1D16647C,0x7B06A6C8,0x1CF13FB7,0x6595AF1F,0xA001FF41,0xFEB69ED7,0xC7F6663E,0xEEB2582D,0x494F7726,0x796490A8,0xA1E6A48A,
  0x93AF7564,0xD38B1D25,0x4ACA1A8D,0xDB075989,0x7476322E,0xCF7A2292,0x1266F09A,0x7E9840E2,0x8AC0ACF9,0xD615FB0F,0x7614044E,0xB59BDF91,0x11E39D31,0x302BE78E,0xF458EC1B,0x5459135A,
  0xFACF2336,0xE63E1C81,0x6F7BDDD3,0x059EE62A,0xF02151FA,0x061B8B81,0x48A82CED,0x7CFA7682,0x8CDB2778,0x33AE8A25,0xD9656FE9,0xB2670FDB,0x6E9C8618,0x6D19EBB3,0xDE99BFA3,0x58ACEA17,
  0x23E88233,0xA905FD38,0xF0F01B9D,0xCEED99A1,0x3FC16545,0x2C8FEB89,0xAE95539C,0x209C8A80,0xE2627228,0xD488370A,0x29B7AAE7,0x56928F1F,0x36EA4522,0x719EAB3B,0xCC45766B,0xC61A5EBF,
  0x359E4D91,0xF9DB3BFA,0x8B319872,0xEFADF458,0x4774EE19,0x67E86499,0x7F2525F8,0x7BC183EF,0xFE4B955E,0x6953EA5A,0xC7C6B9C6,0x7A1D6496,0x286B4D9E,0x99A3F1C7,0xDED71FDE,0x18CD4161,
  0x2AC3A254,0x61A42D44,0xEA95B536,0x6C6BAB34,0xE686D43F,0x00000000,0x21406DF9,0xB93F7B47,0x134E8ECC,0xE9E1BD85,0xD1B07664,0x26D0C35D,0xF384132E,0x5FB9AF78,0x7D8DCA32,0x4ABB6869,
  0x6DB74C4D,0x70424C42,0x24782C97,0x064C49DD,0x5CCDA7CB,0x915436D9,0xC2FEF8A8,0xC97D3705,0x6F1FA387,0x52762908,0x821AB815,0xA5169C31,0xF807DC83,0x8CA136D6,0x6A27E2E9,0xE3BE9551,
  0x5D1140B2,0x3442AAE8,0xA02EDD5F,0xC56E560C,0xEE711321,0xAF49B4E5,0x80B257DF,0x6EC344FE,0x2234654A,0xA2863295,0xC18AF01B,0x11E66106,0xD89B5603,0x01DCE779,0xCF317ED8,0xADE15B2F,
  0xD06C911D,0xBA4B73F4,0x04E4A617,0xCD999112,0x9B0B1E0D,0x946C77B7,0xB0145B20,0x96C4987D,0x62D025F7,0x6078CA3D,0xE83D5AFC,0x4CF721B4,0x4D2BC6CD,0x757A0D2C,0x59F5E6A5,0x543A60D5,
  0x17AA28DB,0x816EB0A6,0xB3605393,0x1DF5000F,0xB1C8BC59,0xE42E3BF5,0x987F16BE,0x270C2424,0x2D530CF0,0x8FD53E65,0x037408B3,0xAA71F58B,0x53AACE71,0xF414BD8A,0x1502C711,0xCA093FB6,
  0x1911A618,0x7EF9C281,0x103A867F,0x8E09D91C,0x46A80960,0xBB97948D,0xEB49524F,0x83C65F6C,0xE1167A9B,0x3D698A8F,0xD620D8C0,0x733644F1,0x3CB56DF6,0xED051B92,0x5A81EE16,0x3AF9242B,
  0xD31899AE,0xB52C1A4E,0xB65812FD,0x0538416E,0xA7BE73FB,0xC8A1D07C,0x3736A25B,0xFCE37A94,0xA1F23A26,0x6BFB0590,0x14DE2068,0x3B25C352,0x3E1D823C,0xCBD5D8CF,0x9E335F63,0x760E059F,
  0x398D2C98,0x65408B53,0xB2BCB4EA,0x899977B8,0x0C136109,0xC4B2B175,0x8456F1C8,0x1BB949D2,0x45DC01D3,0xFF977227,0x4E5FCE7E,0x49CF60DA,0x884590C1,0xAC3DBC56,0x320EE335,0x0790AEA4,
  0x649C6C2A,0xE0CA9DE2,0xC3221FD1,0xBF73329A,0xB784F584,0x0F6769BA,0x5E654801,0x1676CFA2,0x33D2044C,0xF12CFCE4,0x77D2E2E6,0xF6BC5240,0xF258F457,0xD7FC3FB9,0x0EBB8EC3,0x1A65AEAB,
  0xDA33B9C9,0x55E687AC,0x9AD7F974,0xABAD12F2,0x08F7C71E,0x582901DC,0x858A16B1,0x317AEB86,0x0B83CFAD,0x510221BB,0x9C9BB0A9,0x7C512D4B,0x688F0D23,0x78B58B5C,0xDC7FF014,0xD2C47ED7,
  0xA4CA7B48,0x481387A3,0x4F832907,0xA6629482,0xE75A3346,0x97187F04,0xBEAFD5E3,0xECD9FCEB,0x93FCD913,0x092B2067,0x1C29E776,0x74A6EA55,0x4B678F10,0x79696C25,0x8D7DD1AF,0xBDDBDD50,
  0x8722F97B,0x02A8EFCA,0xF760B539,0xE5F2DC8C,0x0A5F28D4,0x30A60CFF,0xA35AD5EC,0x4138A7C4,0xDF0BF8A7,0x2FFBE33A,0x630CC28E,0x0DCF8670,0xD947B17A,0x9088D1A0,0xB8E39C3E,0xB4F0FD37,
  0x92203E6A,0x574E6866,0x663483E0,0xF5C85AF3,0x86FE1E02,0x129269B5,0x5B5D096F,0x40E440BD,0x2B1F452D,0x50DEC6C2,0x1E8108BC,0x1F5DEFC5,0x3851CBE1,0xA8D91A41,0x25A4CBEE,0xDBEF5EB0,
  0xFB73D430,0x424CAF77,0xFAAF3349,0x4400E6AA,0xBC073A29,0x95B090CE,0xFD3F9DED,0x8AED7F0B,0xD554D073,0x9FEFB81A,0xDDA3176D,0x2E270443,0x9D4757D0,0x72EAA388,0xC0561762,0x4390480E,
  0x635822BB,0xA48F9392,0xE306AFB4,0x00000000,0x5B5D18F8,0x56E6D980,0x3D8BF210,0x3AC775EE,0xFB874004,0xD3369CDC,0x77B90F4E,0x47893C26,0xCBB7736C,0x85D0455C,0xA64DDC3F,0x840B4661,
  0x6DFAAF53,0x33297FF8,0x98DF62BF,0x92282439,0x8EFC00E7,0x32F27CC5,0x829CC2A2,0x97A6EC6A,0x6414A545,0x0EA28DE8,0x296ADFE5,0x87120AF1,0x3465F806,0x65CFA678,0x89B08719,0x2BA89048,
  0x3B1C76D3,0xB7223999,0xA93452EA,0x0F798ED5,0xA8EF51D7,0xD5A1181F,0x68746700,0xDD941134,0xDE8D5DA4,0x5424962D,0xFCCBC7FA,0x43DCF748,0xE2DDAC89,0x1276A936,0xDAD896CA,0x26135130,
  0xF0AB05BF,0xC9753CC1,0xBF1730B2,0x0835092B,0x619A6D16,0xB6F93AA4,0x239D9963,0xFD10C4C7,0xACBA9AB9,0xF89E0C94,0x36A7B7AB,0x13ADAA0B,0x805E8D0F,0x1D0F27E3,0x1B98A320,0xBB42FBDC,
  0xC7D7B129,0x51AA5E7E,0x250A1DA0,0xE82AEA0F,0x2E26581B,0x153A2EC8,0x9F93E541,0xEB33A69F,0x94BFA0FA,0xEC7F2161,0xFFD28B6A,0x913168A9,0xDF565E99,0x02C24FAD,0xDB0395F7,0x58445468,
  0x8F2703DA,0xE01FE324,0x6B6D2B90,0xAFA3D629,0x791B82A6,0x8C3E4F4A,0x2CE417B6,0x24D11E9D,0xAA2D1E7A,0x449070B6,0x76620C73,0xBDD57F1F,0x2D3F148B,0x48F0B2F3,0x058EC853,0xA2181751,
  0x3F49BDBD,0x5DCA9C3B,0x62832186,0xEF666DF1,0x886B8424,0x8B72C8B4,0x4CA5799D,0xF7E78241,0x01DB033D,0xE44A284A,0x9E48E67C,0xD47A1B22,0xB2ACF1CA,0xAD619984,0xBC0E7C22,0x8347C19F,
  0xF1700682,0x74A043DE,0x1881EFB0,0x7F8C0665,0x39DE397E,0x0AF74686,0x1FCD684E,0x7BD9CD0B,0x757B40E3,0x195AEC8D,0x35BEFB3B,0x7A02CE36,0x50715D43,0xE1C4E019,0xE5912B77,0xEEBD6ECC,
  0x93F32704,0x4BE9FE63,0x17F86165,0x670DE9D5,0xB980B471,0x967DEF57,0xD76357B2,0xD1F4D371,0xB377F2F7,0xF3B2492F,0xA3C3146C,0xF9450FA9,0x712E8B8D,0x9A1D2D12,0x116FE5A6,0x7C954AF5,
  0xD2ED9FE1,0x1A43A01D,0x81858E32,0xA1015BC1,0xCCFBF492,0xD6B8548F,0x9564A3C7,0xCD20F7AF,0xA796DF02,0x14E12DF5,0x6F38E0FE,0x16236258,0xFE098857,0x2FFD5B26,0x5ED3D0AB,0xF4FECED1,
  0x28B1DCD8,0x10B4E69B,0x6EE3E3C3,0xE75364DA,0xC3827A47,0xEDA4225C,0xC09B36D7,0x1CD424DE,0xF525CDEC,0xA55490AF,0x7D4E49C8,0x38053A43,0x40C5BBD8,0x90EA6B94,0x5C119F06,0xB06EBE67,
  0x069784C3,0x27C8520D,0xB85BB74C,0x5F08D396,0xFA5C4339,0x6AB628AD,0x9BC62E2F,0x03194C90,0xC515FE84,0xE68867E7,0xBECC338F,0x30303368,0xEAE8A5A2,0x0C60C245,0xB43B7509,0xCFE2B802,
  0x7E570558,0x599F5755,0x0DBBC178,0x7237C71D,0xDC4F1209,0x454B738B,0x4D7E7AA0,0xC60CB214,0x5A861BC5,0x411EB8E5,0x4FBC350D,0x09EE0A16,0xCA6C7051,0x1E166B73,0xE9F1E932,0x2084D5F3,
  0xC4CEFDB9,0xB5E07634,0x492BB1CE,0xABF61D47,0x22469A5E,0x60416E2B,0xF63C817C,0x52B312EE,0x66D6EAE8,0x86C909CC,0x2A739375,0x9C8AA9D1,0x73ECC420,0x0455CB6E,0xF2694A12,0x215FD6CE,
  0x4207F475,0x69AF643D,0x377CB496,0xA0DA58FC,0x3E92BE80,0xBA99F8E1,0xB1B5BD5A,0xD81AD967,0x536811D3,0x9D51AAEC,0x074C87FE,0xC259797A,0xC14035EA,0xAE78D514,0x99046182,0x55FF9510,
  0x573DDABD,0x8DE54C77,0x8AA9CB89,0xCE39BB3F,0x4E673630,0x3C50F12D,0xD9C1DA5A,0x0B2C45BB,0x70F588B0,0xC8AE3FFC,0x4A32FD5E,0x46523F1B,0x31EB3055,0x6C21AC6E,0x78C0819B,0xD02FD04C,
  0x00000000,0xF7141C56,0xEFEEB46D,0xF1C110E7,0xBC9E3D08,0x14D61233,0xE7522E1B,0x75C47FDC,0x18FAA83B,0x9EBAEBCF,0x71545FA2,0x1041E6ED,0x8CBE21ED,0xD775E65E,0x960671B9,0x9601A519,
  0xDB5E88F6,0xE180F60A,0xA4634193,0x41744347,0x4B8DF5FE,0x3E4E5E82,0xBEDB11C7,0xB6605F11,0xAE9D238A,0x7BADE91B,0xB0B553A0,0x59893FDC,0x4336BB28,0x1E28702A,0x43316F88,0x0C2B6EA8,
  0xAA0D03F4,0x7D78E5AA,0x28DD607E,0xA6266D5C,0xC1E10C02,0xD1A73E4F,0xC3A420CD,0x67C0B5FE,0x92918567,0xB809C9D6,0xDFC97C28,0xE3C20E65,0xD1A0EAEF,0x69A92339,0xDD8B8447,0xEDAC4C02,
  0x02452CCF,0x2A984CB1,0xAE9AF72A,0x3027C845,0xA2B19982,0x417397E7,0x3265302A,0xC95A42D4,0xC733D413,0x34B03C9B,0x3262E48A,0xEDAB98A2,0xA0F361ED,0xC576F8DC,0x778687B3,0x06D50CB1,
  0xD77232FE,0xF383E888,0x4F1A0120,0x1E2FA48A,0xF5513099,0x49C8D931,0x75C3AB7C,0xD3E5C620,0xF97D8A91,0x9A2ACBB1,0x5D191FA2,0x69AEF799,0x57E77DBB,0x7311736D,0x389B5233,0xF97A5E31,
  0xCF889AC5,0xF3843C28,0xD5371E31,0xACD80F45,0xE93BB8DC,0xEB7E9413,0x8EFB0D22,0x2E0FB86F,0x12031E82,0x8402BB9B,0x3AD9AA5C,0x5F5BE7CD,0x5D1ECB02,0x90D37D08,0xB2F7ABCF,0xF1C6C447,
  0x7F3A1DC5,0xEB7940B3,0xC73400B3,0x2C4D4000,0x986FE77E,0x389C8693,0x26B32219,0x0490207E,0xD91C7099,0x53708965,0x5F5C336D,0x1AB85054,0x24F60ED6,0x08BB4ED6,0xF713C8F6,0xB80E1D76,
  0x9CFFC700,0xE755FABB,0xBC99E9A8,0x2A9F9811,0x1694EA5C,0x4F1DD580,0x3ADE7EFC,0x9EBD3F6F,0x0C2CBA08,0x16933EFC,0xFDEDAAEF,0xA621B9FC,0x65824D91,0x45E46339,0xCF8F4E65,0x55A25174,
  0x7BAA3DBB,0x4D58F94F,0x90D4A9A8,0xC1E6D8A2,0x49CF0D91,0xFB3F72FE,0x5135A5AA,0x986833DE,0x28DAB4DE,0x47A69B56,0x1204CA22,0xA2B64D22,0xBEDCC567,0xFFA88620,0xD91BA439,0x2C4A94A0,
  0x7F3DC965,0x1C6D5CE5,0xDFCEA888,0x6BEC0FF6,0x24F1DA76,0x7316A7CD,0xE18722AA,0x3E498A22,0x57E0A91B,0x79EF1174,0x6F7BFB28,0xCDCDB60A,0xBA4CE519,0xE51702D4,0xC95D9674,0x80929BE5,
  0x7D7F310A,0x63574120,0xE510D674,0x6115B94F,0x6D3ED7E7,0xB6678BB1,0x47A14FF6,0x944489D6,0x84056F3B,0xA4649533,0xF556E439,0xA0F4B54D,0x80954F45,0xDD8C50E7,0xE3C5DAC5,0xB0B28700,
  0xFFAF5280,0x82D0638A,0xCB18BABB,0xB2F07F6F,0x22230267,0xC3A3F46D,0xE93C6C7C,0x0AF9B6B9,0x864043F4,0x30201CE5,0x67C7615E,0x26B4F6B9,0x1C6A8845,0x0AFE6219,0x882E0193,0xEFE960CD,
  0x0E6996C7,0x929651C7,0x4D5F2DEF,0x86479754,0x0497F4DE,0x2224D6C7,0x2061FA08,0xDB595C56,0x18FD7C9B,0x1ABF84F4,0xAA0AD754,0x6F7C2F88,0x63509580,0xCDCA62AA,0x55A585D4,0x8CB9F54D,
  0x45E3B799,0xA84FFB9B,0x1046324D,0x3C0CA6ED,0x6D390347,0x82D7B72A,0xD3E21280,0x5BCBC7B3,0x6BEBDB56,0x598EEB7C,0xB42573DE,0x61126DEF,0x79E8C5D4,0x08BC9A76,0x8A6B2D5C,0x14D1C693,
  0x65859931,0x2E086CCF,0xCB1F6E1B,0x8829D533,0x5132710A,0x9A2D1F11,0xBA4B31B9,0x36F51054,0x8EFCD982,0xA8482F3B,0x71538B02,0x77815313,0xC5712C7C,0xFB38A65E,0xD530CA91,0xACDFDBE5,
  0x06D2D811,0x3C0B724D,0x94435D76,0xFDEA7E4F,0x20662EA8,0x4B8A215E,0x0E6E4267,0x0007D4A0,0x0242F86F,0x8A6CF9FC,0xB422A77E,0x36F2C4F4,0x53775DC5,0x34B7E83B,0x5BCC1313,0x9CF813A0,
  0xB5837EC4,0xFE4EC5C1,0x493F6365,0xC209B2FD,0x7ED0CE4D,0xEC650EB9,0xFD49D6EA,0xA65D7EF7,0x3CFC4FB8,0xDA7F68DA,0x5A5A5BD2,0xACBB572C,0x00BB3884,0x0249E0E4,0x4BCDBB05,0x4B768381,
  0x5B14A81D,0xFF00360E,0x412B92DE,0xFEF5FD45,0x1290F3FC,0xD88DB0BA,0xD9787BF1,0x257F5ED4,0x8B36D198,0x25C46650,0xE5843449,0x595D48F9,0xD836883E,0x80253308,0x7436E796,0x2431AD1B,
  0xED90C5F2,0x13DE0033,0x487190AA,0x0BA8DA14,0x888AFA37,0x7F250506,0x278D86B4,0xF4A8EC1A,0x839918A7,0xA7A8B5BC,0x3C47773C,0xD26B9961,0x9853E92F,0x5149B942,0x90471894,0xBC624434,
  0x58A883B2,0xC3FC79B6,0xCAA67BC2,0x991D1AE0,0x2F99770F,0x48CAA82E,0x9109EB5B,0x6E09DD55,0x37EFAD28,0x651A3FC5,0x2E6CBC44,0xFFBB0E8A,0xAF077C83,0xC9A168E9,0x095A0274,0x03BC2BAF,
  0x10D91318,0x6EB2E5D1,0x0814F1BB,0x816BC0C7,0x7E6BF6C9,0x3D0984F3,0xB5384640,0xE4CAC786,0x59E6707D,0x43D94ABE,0x9AA1314F,0x112CD853,0x67E8E7A5,0x01F5CB4B,0xEE2CEE5D,0x1197E0D7,
  0x2ED784C0,0xE6832762,0x08AFC93F,0x809E0B8C,0xE471FF02,0x7C22162D,0x3F406417,0xDB8AA391,0x361A6663,0x83222023,0xF65A347A,0xECDE363D,0x4362723A,0x52F592ED,0x897F317C,0x6CFB0535,
  0x661D2CEE,0xAD4E9C67,0x6753DF21,0x50074A8D,0xD2D0A1E5,0x98E8D1AB,0x2D6BAF6F,0xBF65571F,0x40656111,0x136538B7,0xE53F0CCD,0xEF621D92,0xF55D2751,0x00000000,0xFDF2EE6E,0x6DB5F6FA,
  0xA7138D38,0x64EFF48E,0xEFD92516,0x53BB6122,0x6F472E9A,0x5BAF9099,0xAEF2B7C8,0xFCBC1DA1,0x0307132B,0xD16C8A4A,0xF413D49E,0x4190AA5A,0xD0994101,0x89C409F8,0x014EF3CF,0xBCD97CB0,
  0x2DD097EB,0x1983116C,0x3E0E97D8,0x34E8BE03,0x530059A6,0xC8EF9B26,0xB7CA9E20,0x8831C2B3,0xBFDE6F9B,0x1B71C90C,0xB6846DEF,0x1BCAF188,0x193829E8,0xC854A3A2,0xC0405219,0xA4AFA697,
  0xD3256AAE,0x49845BE1,0xB771A6A4,0xFC072525,0x92B5C0F4,0x65A10741,0x81D0F843,0x91B2D3DF,0xE6381FE6,0xA4149E13,0x375495AC,0xBD2CB7FB,0x51F281C6,0x3FFB5C93,0x122BCB78,0x02F2D860,
  0xAC006FA8,0xC0FB6A9D,0x9A1A09CB,0x767F0772,0xCA1D4346,0xAFBC4407,0x1876DA27,0x36A15EE7,0xC1B59952,0x6D0ECE7E,0xBE909C54,0x93400BBF,0x0A5D115F,0x8A782257,0x7D6CE5E2,0xEE97D6D9,
  0x82D7EB68,0x3DB2BC77,0x7731F4BD,0xA5E15558,0x99A62264,0x75781459,0xA55A6DDC,0xA6E64673,0x2736BE30,0x4A8348CA,0xCB53B089,0x0B13E290,0x6454CC0A,0x6C403DB1,0x66A6146A,0x1A3F3AC3,
  0xB63F556B,0x4297B971,0xCBE8880D,0x826CD3EC,0x8B8DE91C,0x18CDE2A3,0xD1D7B2CE,0x90FC2010,0xC3474132,0x7DD7DD66,0x35A64DCC,0x09E13AF0,0xF7AFFF31,0x50BC7209,0x920EF870,0x8AC31AD3,
  0xE776EC29,0xC2B28A79,0x5AE16356,0xF714C7B5,0xBE2BA4D0,0x4A38704E,0x9BEFC280,0xADF5A4E3,0x26784DFF,0xF6E10CFE,0xD0227985,0x524EAA69,0x10622B9C,0x40DE5995,0xAE498F4C,0x93FB333B,
  0x778ACC39,0x76C43FF6,0x7C992EA9,0xDB319B15,0x3EB5AF5C,0x26C3757B,0xB476B58F,0x7F9E3D82,0x1A840247,0xB4CD8D0B,0xED2BFD76,0x2C255CA0,0xD9C34375,0x5813BB36,0x748DDF12,0x6FFC161E,
  0xBD978F7F,0x2C9E6424,0x75C32CDD,0xC10EA1D6,0x0AE629DB,0x248A959F,0x9B54FA04,0x2F224F8B,0xDAC4505E,0xC91A506D,0x34538687,0xE7CDD4AD,0xF5E61FD5,0x351D7548,0x422C81F5,0xD39E522A,
  0x44F12F63,0xDD665C6E,0xF48EF31E,0x8584E409,0x04FC092F,0x36F22097,0x945CBB9D,0x66C8F9D1,0x48D5476D,0xD0AD94FE,0xDB7CED3C,0xF19D5AAF,0xA4B42A58,0xAB995AB5,0x6234F0FE,0x92460ACF,
  0xE2A3BD46,0x4617971E,0xCD51A364,0x1C139704,0x2AE1B793,0x320E29B8,0xD1423460,0xB376C49E,0xE34C1DD8,0x56206814,0xFA4C236D,0xC46662DB,0xC175CB6A,0xF072FA31,0xC3937317,0x9B71CB70,
  0x5A04001A,0xAF65539A,0xF6684B63,0x493AE7F3,0x8FBA3D55,0xBBAEA5BF,0x87625C74,0x4DC6EEDC,0xFF5F8ADC,0x73ECAF6A,0x8AA994E4,0xC589C245,0x3D235955,0x5333C1A5,0x5EF80935,0x02E6B87D,
  0x65C1E132,0x839E555B,0x58E2B867,0xA3413B94,0xD875F5DF,0x7FC8C764,0xE972C484,0x54C6D069,0xA97FE2C8,0xFC56923F,0xE89D641A,0xE1AAA5A5,0x868DFCEA,0x96BA03E0,0xC27CD389,0x00000000,
  0xD5BE3D4F,0x0C24680E,0xEB947CF9,0x9755A37E,0x272A7F03,0x3AD64899,0x7ADB6ED5,0xBC5BB473,0x0F2D70ED,0x5C1EB148,0x133EE7E9,0x9C84DABC,0x846B4497,0x07F511CC,0x1A092656,0x7B34CE4B,
  0x371D8009,0x242367E0,0x8CB325B6,0xAA76FA2B,0x20DF6ECF,0xCB4B1236,0x7710A645,0x76FF06DB,0xD6B725AC,0x3830F0E4,0x28070FEE,0xAD83EBE7,0x26C5DF9D,0x80974DB8,0xA6529225,0xB78ACDB1,
  0x60D24883,0xCFB71B19,0xC76F7A38,0xBF52AC90,0x2D14A65F,0xBA410521,0xC9ADAA4B,0xAC6C4B79,0x52DC613B,0x3107315B,0x400D264C,0xD24B2C83,0xDF80E413,0x2CFB06C1,0x14CBF625,0xEA7BDC67,
  0x0A3ED95C,0xCE58BB87,0xED8ECDAB,0x47F83780,0x2B0E170D,0x590D18F9,0x3FC5E128,0xEC616D35,0x8E559DCB,0x4F2056A1,0x57CFC88A,0x503AD946,0x1037FF0A,0xF5615380,0xF294424C,0xBEBD0C0E,
  0x70E5B789,0x75F61E38,0x1EF52F79,0x8271F5C5,0xDE6F448D,0x0513A9B1,0x42EB9E31,0xBDB414ED,0xF8AA9B10,0x341498EA,0xB07FDC7D,0xEE87D548,0x29E8AF70,0x3CCCF9CB,0x6B033141,0x4ECFF63F,
  0x5DF111D6,0xCCBE03FA,0xA0482377,0xF9453B8E,0x63DB5060,0xB6656D2F,0xB56C75CC,0x2FF21E22,0xF787EBFD,0x79D27636,0x19003EB5,0xFDB932A1,0xA7BD32BB,0x884F2C99,0xD3A48C1D,0x25CCC77E,
  0x1F1A8FE7,0xAE8AF304,0x6E1098F0,0x43043EAF,0x783DD6A8,0x6FFF386E,0xF37BE2D2,0xA1A783E9,0x6CF6208D,0xB8A7BD5C,0x0BD179C2,0x4C294E42,0x5F17A9AB,0xD4519DD1,0x642E41AC,0x51D579D8,
  0xC09A6BF4,0x90A0B2B2,0xA8904256,0x95B31B03,0x17C2EEC6,0x4A33FF10,0x9F8DC25F,0x162D4E58,0x4BDC5F8E,0xE556AC8A,0x9878D393,0xB1907CE3,0x2239D6B2,0x2130CE51,0x8178ED26,0x613DE81D,
  0x9D6B7A22,0x1DFC379A,0x72030FF4,0x914F122C,0xE045053B,0x8B46347A,0x01EFA09E,0x7419BEA6,0xE65FB469,0xC8420AD5,0x23D6762C,0x7CC1DF87,0xDC89FCF0,0x11D85F94,0x18EF9E2B,0xA2AE9B0A,
  0x39DF507A,0xCAA4B2A8,0x7E2767FA,0x12D14777,0x3B39E807,0x9997730D,0x0937C1BF,0xD7588532,0x061AB152,0xA55B8AC6,0xD99A5541,0x030918E3,0x93A9AA51,0xDA934DA2,0xB483D552,0x710A1717,
  0x0EC2D073,0xE7B014F7,0x6AEC91DF,0x152456BB,0x41E286D2,0x6D198013,0x69E5893C,0xB9481DC2,0xFBA383F3,0x680A29A2,0x8D5C8528,0x1BE686C8,0xFEB02A42,0x3E2A41B6,0xEF6875D6,0x0DCBC890,
  0x451E8FFD,0x33E18926,0x9E6262C1,0x35FB3874,0x89A08C07,0x7D2E7F19,0xC680DAA6,0xB2996400,0xE4B90C14,0x9A9E6BEE,0x08D86121,0x30E891C5,0x5BEBA084,0x6727594F,0x552970F7,0x2E1DBEBC,
  0x4DB91241,0xBD7A5831,0xA5AFBE2F,0xA8D39B51,0xEEAEFCE8,0xF2950692,0x5706627A,0x1CA93D1F,0xAA2BCA11,0x5C6C0A20,0xA1D3652E,0xAE6BCBD7,0x4D85C886,0x4201BCB8,0x0FB8AEF9,0xE8846B0B,
  0xAAB90D74,0xE82A76A9,0x58821644,0x1507DEC2,0xF647C031,0xE7001F35,0xE73CC5F2,0x15A9C360,0xE5C494B2,0x40C5373F,0x537AB97B,0x0B6A685A,0xA1EFBFE9,0xE3EE0351,0x0DEEE21B,0x46D37A1B,
  0x5EA881A7,0xBDE89F54,0xFD1172AC,0xF4118CD3,0x55502E98,0xB4467C89,0xB094BA2A,0x00000000,0x18E93CD9,0x132D4921,0x4BAF5F65,0x0992391A,0x06B85086,0xAEC5D675,0x1A83AAFC,0x04D2C6A3,
  0xE3D2D996,0xE1B84FB3,0x1A2DB75E,0x4F414301,0x534663BC,0xFB073F88,0x53E87E1E,0xB9A89E92,0xF207C1F7,0x46EFA0DC,0xEAD227E9,0x4D2BD524,0x5C50D0E7,0x06164D24,0xB2C2F6C8,0xECC46ACD,
  0xF06D57D2,0x153B0405,0xF42D5614,0xFF473E4E,0x02F85140,0x4D170FE3,0x4FEF5EA3,0x496BD4E2,0x047CDB01,0xBB50CFD2,0x026A9625,0x0092C765,0x1ABF703B,0xB9944455,0x4057F05A,0xA7C5280A,
  0x1147DF04,0xEA40E08C,0xBF2C14D3,0xE37CC434,0xECF8B00A,0xFFD5F92B,0xB62CEAAC,0x0F2A699C,0xAE571110,0x4F7D99C6,0xA32B346E,0x53D4A4D9,0xE56A8910,0xAC939A97,0xE8B8B1CC,0xF9C3B40F,
  0xBBC208B7,0x556CF45F,0x5AE88061,0xA53D794A,0xE1165211,0xB4E8612B,0x4B3D9800,0x406B2A9D,0x573AB8BD,0xFFE923EC,0xBB6C1515,0xBBFED270,0xAA1710D6,0xAC3D8735,0xEAEEFD2E,0x5CFECD45,
  0x1C95E7D8,0x1C3BFA7A,0x442B2B5B,0x5182E83B,0xF96DA9AD,0x55C2E9FD,0x40F9EDF8,0x44B9EC3E,0x5E945B60,0x187BFBBC,0xF6E9DD93,0xA7F9F2CD,0xB25031AD,0xE1849574,0x003CDAC7,0x18D5E61E,
  0x0D40FFB9,0xB682F70E,0xE816AC6E,0x5A7A4704,0xA87D86F3,0xA38529CC,0xB610306B,0x5CC21782,0x0DD238DC,0x4641BD7E,0x57A87FD8,0xFB95F8ED,0x00AE1DA2,0xAEF90CB2,0xF0C34A70,0x0BF8AF3F,
  0x1C0720BD,0x5A469DC3,0xB6BE2DC9,0xE55653D7,0x13BF8E44,0xB4D4BBEC,0xEE3C3B8D,0xB2FE2C0F,0xBF820971,0xF9FF6EC8,0x17C35545,0xF4BF9171,0x1EFF71FD,0x467D67B9,0xFD83B5C9,0x1E516C5F,
  0xF4834BB6,0x55FE333A,0x42937BDD,0x512CF599,0xA317EEA9,0xFD2DA86B,0xAA85D7B3,0xB9068330,0x093C24B8,0xAC015DF2,0xB93A59F7,0xEA7C3A4B,0x1EC3AB3A,0x131193E6,0xBD4682F6,0xF951736A,
  0x11E9C2A6,0x582C0BE6,0xB0A860ED,0x0B56B29D,0xB47AA64E,0x49C5C940,0xFF7BE489,0x42AFA11A,0xF0518D15,0xA17D788C,0xA8415C34,0x1A116D99,0x51102F5E,0x4FD38464,0xACAF4050,0xB03AA788,
  0x1847217B,0x11D51861,0xE12A88D6,0x5E3A46C2,0xF23B1B30,0xBF10CE14,0x17519220,0x5810D121,0xF2A9DC55,0x5E069C05,0x49570E25,0x58BECC83,0x4B0142C7,0xA501A38D,0x0900FE7F,0x17FF8F82,
  0x0BC475F8,0xE7AE0297,0x448536F9,0xF0FF90B7,0xA757EF6F,0x06848A41,0x0F84743E,0xEE00E14A,0x04EE1C64,0x49F91387,0x062A97E3,0x4B9385A2,0x13835483,0xFDBF6F0E,0xE792D850,0x1E6DB698,
  0xB26CEB6A,0xFB3BE54F,0xEE92262F,0xFBA9222A,0x159519A7,0xA141A24B,0xE3401EF3,0xEC6A776F,0x02564CE2,0xA59364E8,0x5AD45AA6,0xBDD44593,0x4417F19C,0x176D48E7,0x117B05C3,0x0F16B35B,
  0x423D667F,0xB0067D4F,0xE5F84E75,0x51BE32FC,0x044001C6,0x0D7C257E,0x02C48B87,0xA8EF4196,0xF6D50754,0xEC56ADA8,0x09AEE3DD,0xA76B35A8,0xA3B9F30B,0xF67B1AF6,0x5794A51F,0xBFBED3B6,
  0x6824478B,0x190597DC,0x6E331ADA,0xAA732842,0xB5951DA4,0xBA9725F0,0xAC908A78,0x60DF2E9F,0xD5BECC50,0x84F763EA,0x474E0032,0xFAD48BE9,0xE4DCB21E,0x77C2726D,0x49A23477,0x2F9EB8D2,
  0x69CA4B9A,0x4EAF9A5C,0x67267FDF,0x6131228E,0x4956CB1C,0xDCABA955,0x40B75172,0xF4CC40C7,0x06E3A23A,0xE532BE0F,0x27912EAD,0x575EF2EB,0x00000000,0xD54A333B,0x9C1CF827,0x830E32AA,
  0x5E4B97EE,0xFDD925C2,0x10E40DB2,0x56440191,0xBC7487CA,0x78C04A39,0x289316F9,0xDDB15A2F,0x19F168B7,0x2989E583,0x2E844BA8,0x51BD50D1,0x41ADA208,0x61C5DDE5,0xB38240F5,0x693EB4F1,
  0x18EB9BCD,0x0FF6C73F,0xB298B38F,0xDBA6077E,0x76D88117,0x171D5CF2,0xF5224CD6,0x30788D34,0xEC27DB0A,0x1EFCC69C,0xAD8A7902,0xE23F1024,0xA27CBE3D,0xECD32461,0x20687FED,0x080F967F,
  0x7121D057,0x31627E4E,0xEB2A7521,0x85196FFB,0xB376BF9E,0xD2479D10,0x95099D22,0x308C725F,0xCA58F9B6,0x8BF55BBE,0x2867E992,0x703B232D,0x01EE0C11,0xC2A390A2,0x09156505,0xF438BFAC,
  0x8B01A4D5,0x011AF37A,0xD2B3627B,0x3E94B971,0x3883E420,0xCB420ACC,0x77368D06,0x09E19A6E,0x94E79133,0x94136E58,0x5149AFBA,0x594639C5,0x48B8C70D,0xC4B4CDF3,0xC4403298,0x1F12CA8D,
  0xA585EF7D,0x38771B4B,0x07F95140,0xCAAC06DD,0xAC647513,0xA49F1C07,0x2F6A47B9,0x0E18CB2E,0xA2884156,0xC2576FC9,0x931EC073,0xDABCF404,0x9D060B5D,0x218673FC,0x00F4FF6B,0x67D280B4,
  0x8A1B57AF,0xBD9A8BDB,0xD35D6E6A,0x110A01A3,0xA3664D47,0x9AFF5A1D,0x369B2F0E,0x0EEC3445,0x8AEFA8C4,0xD4A43F2A,0xCBB6F5A7,0x17E9A399,0xAB69DB38,0x8DE206EF,0xBA63DA9B,0x3781DC74,
  0x56B0FEFA,0x663C8CA5,0x57AA0D80,0xC5AE3E89,0x8D16F984,0xFD2DDAA9,0x5FA59BFF,0x4043AE19,0x8C0C0AFE,0x070DAE2B,0x71D52F3C,0x82E03EBB,0xAD7E8669,0x58A835D4,0xF3351187,0x4E5B6537,
  0x41595D63,0x6EC7E5B1,0xA5711016,0x31968125,0x267F22BC,0x7FCDE412,0xB561E2CF,0x1FE635E6,0x92043309,0x7F391B79,0xDB52F815,0x8CF8F595,0xBC8078A1,0x83FACDC1,0x3775231F,0xEA30865B,
  0x5EBF6885,0xFC3729D3,0x7E23E803,0x9A0BA576,0x95FD6249,0x6F29E9A0,0xE4284D75,0xCDA1A8F6,0xDC5F563E,0xAB9D2453,0xCC4FA4E7,0xFA207482,0x68D0B8E0,0x8214C1D0,0x1607AF88,0xED3D2870,
  0xC3B963D8,0xB48FEEDE,0x366FD065,0xAA87D729,0xD450C041,0x4FB56926,0x92F0CC62,0x585CCABF,0x1E0839F7,0xFCC3D6B8,0x79DAB943,0x209C8086,0xEAC47930,0xF3C1EEEC,0x602BD1F4,0xB47B11B5,
  0xFB3A87F8,0xBB8DD68A,0x3F8E4A0B,0xE325E35E,0x484C3866,0x66C873CE,0xBB7929E1,0xB26C4CE4,0x181F64A6,0x84039C81,0x5F516494,0x2765D1C6,0x3E60461A,0xE5C64164,0xF2DB1D96,0xC34D9CB3,
  0xF5D6B3BD,0x4654F348,0xCCBB5B8C,0x6FDD16CB,0x4F41964D,0x08FB6914,0xA46BE36C,0x59B2C6AE,0x11FEFEC8,0xDA480B6F,0x9BE5A967,0xE2CBEF4F,0xEDC9D71B,0x70CFDC46,0x85ED9090,0x93EA3F18,
  0x9CE8074C,0x7ED71768,0x21728C97,0x9B11560C,0x47BAFF59,0x3999175A,0xBD6E74B0,0x3F7AB560,0x9DF2F436,0xD3A99101,0xEBDE8A4A,0x06175D51,0x50535CC0,0xC55AC1E2,0x268BDDD7,0x297D1AE8,
  0xFBCE7893,0x792E4628,0x0F023854,0xF22FE2FD,0x2E70B4C3,0xE3D11C35,0x46A00C23,0x16F350E3,0xDD45A544,0xCD55579D,0x50A7A3AB,0x396DE831,0xA392B22C,0x762C7E7C,0x1010F2D9,0x7834B552,
  0xDD2918C5,0xE890FCBC,0xD9F7DE3E,0x5A69913D,0x7B7B04A9,0x400D9CAF,0x904B6851,0x3619743D,0x1CC3E0DC,0xA89D6013,0x120C9CA3,0x1EBACB69,0x0BC80175,0xD046F4FE,0xE65F80C3,0x00000000,
  0x11AC0CE7,0xB5873B3E,0xEE3711F2,0x803EDF47,0x077E56BF,0x0F16C78E,0x898FF587,0xE121D67C,0xE2814638,0xAFE336AC,0xE426AB76,0xCD5CAFD3,0x04DEC6FB,0x1D1A5B2D,0x70B305DC,0xC85BD2D9,
  0x54A6ED42,0x25CC536F,0x43AD0CEB,0x34605F88,0xF4531C60,0xA12C4AD3,0x77CD5363,0x81E764B6,0xD6E119B0,0xFE42A6E4,0x01D9BBF1,0x4F1B5B21,0xAC43A6E8,0x4773CA10,0x64187431,0xBDEFAA0F,
  0xED9781B6,0x9823F960,0x266CC32B,0x41D4275E,0x611F093B,0xC03343E8,0x181D2627,0x97353EEE,0x02792BB5,0xF58AA791,0x31672282,0xC5343EE2,0x716ABE2D,0xD4983205,0xF62A37D5,0xB159FDC5,
  0x46AA71E1,0x09B12AC0,0xF154616A,0xA78BA79D,0x7614E892,0x5BB02ACC,0xCC851422,0x73139598,0x8539A24D,0x297A04A5,0x7C055216,0x57067D06,0xDB8EF58B,0xA42B37D9,0x8F2818C9,0xEC4E3A47,
  0x3E71E50C,0x8BF6DE32,0x05077D0A,0x6E09CEB5,0xDF503370,0x8D51337C,0x22B205D0,0xFF9B1D15,0x9F5DAFDF,0xEB306CF8,0x8C88888D,0x3DD17548,0x50782BB9,0x5D17C782,0xBA91FCB0,0xDA574E7A,
  0x4274B71A,0xD3E664BA,0x4D627094,0x56DFC6F7,0xB2F96D81,0xEAE9D709,0xCEFC3F97,0x4CBBCB65,0x5CCE7C73,0xE7863B32,0x3C08CEB9,0x7DDCE9E7,0x1BBDB663,0xA28CDA97,0xB9316CF4,0xE0F86D8D,
  0x16D25A58,0xEFEEAA03,0x5810BA88,0x5201000C,0x99FA4291,0x2FDDE9EB,0xA3556166,0x2415E89E,0xA5F28C28,0xB8E8D705,0x9192D3A0,0x96EC851F,0xC393D3AC,0x2B032F10,0x9D24846A,0x21129594,
  0x2E04521A,0x79022F1C,0x9E84142E,0x9A5AD2D5,0xF08DDA9B,0xCA22F96C,0xDCF0A334,0x72CA2E69,0x48650D9E,0x7FA5C252,0xF7F38C24,0x49BCB66F,0x7AA2BF58,0x30BE9973,0x20CB2E65,0xBC3611FE,
  0x7E7C79A3,0x37C0CFCC,0x19C49DD6,0xC694AEA6,0x6B0EB3BF,0x9B836924,0x0D6FEC3B,0x923243E4,0xD19F4F0F,0x450AE1A5,0xC4ED8513,0x6366228E,0xF2F4F12E,0x9495AEAA,0x5F6EEC37,0xD54189F4,
  0x3AAF23F7,0xC1EAF819,0x1075B716,0x4BC59DDA,0x746DC327,0x62BF997F,0x28A3BF54,0x170BE1A9,0x6C70E500,0xE949474D,0xD738A241,0x2ADA94E1,0x3B769806,0x2C7D79AF,0xBF9681BA,0x51A19048,
  0xE5FF1087,0x06A7ED4E,0xFC3B8D51,0x6AD7084E,0xD23FDF4B,0xE358FDC9,0x44D35A54,0xA6521C6C,0xC9826928,0x08689131,0xCBFB429D,0xBB484741,0xBE4F3A4B,0x86993209,0xFA9C601F,0xAB3DF057,
  0x6FD07544,0x236BBE21,0x5EB757C6,0x8A2F65C3,0xAE3A8D5D,0x88564E76,0x874089F8,0x03A09044,0xFDE236A0,0x3FA85EFD,0x8EF1A338,0x6977980A,0x93EBF815,0x1572CA1C,0xB45E80CF,0x954C155B,
  0x27B578DA,0xB7FE108B,0x78DB94ED,0x38D60842,0x0ECF7C7F,0x53D8BBFD,0x32C7B2C6,0xC74D1557,0x839E4F03,0xB0804634,0xCF258466,0x1F637098,0x60C6B2CA,0x4EC2E0D0,0x390FB3B3,0x6DA95EF1,
  0x65C1CFC0,0x68AE23FB,0xC24A685D,0x13D52752,0xAD9A1D19,0x75B478D6,0x0CB657CA,0xDE898881,0xA944DBE2,0xF32D4ADF,0xF93CF05B,0x4A1C262B,0x331E0937,0xB320D670,0xAAE44BA6,0x67B8E475,
  0x14AB71ED,0xB627AB7A,0x2DA4C25E,0xFB45DBEE,0x9CFD3F9B,0x66615F84,0x8247F4F2,0x84E019BC,0x35B9E479,0xA0F5F122,0xF8E54BAA,0x0A11BA84,0x1A640D92,0x59C90179,0x557F56B3,0xD82E65CF,
  0xA2FA971F,0x28B417A7,0x4F66E095,0xE267E6CA,0x781FB0D2,0x2508879F,0xCA1EAF0F,0xE6D25707,0x636746FF,0x880981C0,0x98F20902,0x1B78F62D,0xB2011FDD,0x25C5D9FD,0x596FD8E2,0x838AFF2F,
  0xBBC5604A,0xCCEC1FBA,0x937177ED,0x8C716E6F,0xDE509600,0x5D17374D,0xD51EB68D,0xD794E997,0x0DBC9038,0x5F503635,0xC1508F82,0xAD01065F,0x21706830,0x028A5F1A,0x7CAA011F,0x6A6E670A,
  0x4FABBEF7,0x7E205E05,0xA0BD9667,0xA64F26D2,0xA40827AA,0x565917C0,0x9A785618,0x06F2B0B5,0xFB954FFD,0xA237C97D,0x7351905F,0xC19DD1E0,0x00CD5E62,0x1D8A4698,0x9C47B8CF,0xEBA3995D,
  0x78D2EEB0,0xB2CC41BF,0xA68278B0,0x671FA950,0xC3178EFA,0x2782D885,0x85B511F8,0xCEAB1EC2,0x090921F5,0xFFEDA052,0x3A089E1D,0x7C675F7D,0xA070C805,0x67D2F732,0x77E42192,0xB6B4AE10,
  0x9583C758,0x0FFB9140,0x2C01A66A,0x3EBD2FD0,0xABF3B6EA,0x569449A2,0x02470178,0xBF70D187,0xC3DAD098,0x6C5189DD,0xFB58119F,0x287949C5,0x1036D6A0,0x0B4E208D,0xE495567F,0x9C8AE6AD,
  0x81CDFE57,0x4B1E0F3A,0xC894F015,0x8E366F17,0x3146BE90,0x88C4DFA2,0x37795047,0xCAD3F16D,0x54D348DA,0xF46EDEBD,0x6558A828,0x6595F64A,0x1483676D,0x4DECBF8F,0x3E7071B2,0x68E43810,
  0x541E16B8,0xE0EDB9D0,0x0478EFAF,0x3301BFE8,0x3882C107,0x873F4EE2,0x87F21080,0xBDFA8E9D,0x68296672,0x2CCCF808,0xCC2141D8,0x3C3770CA,0x23376948,0xB679F072,0xF91F10E7,0xB08B40C7,
  0x04B5B1CD,0x71DBCF45,0x77297FF0,0x23FA372A,0xC5E53E4F,0x12BC89BA,0x09C47F97,0xEF162890,0xB0461EA5,0xF251306A,0x6AA33968,0x3AC5C07F,0xF29C6E08,0xF9D24E85,0xC7A23F37,0x1FCD47E0,
  0xDAE527CD,0x5BE587F8,0xED9C778A,0x954E993A,0x6C9CD7BF,0x274F86E7,0x9E00B9B7,0x42172ECF,0xD86F78D7,0x50ABA775,0x7A95EFC8,0x1271D7D8,0xEFDB76F2,0xFF20FE30,0x93BC298F,0xB94F3F50,
  0x144E390F,0xA9B4B792,0xAF8B5945,0x8EFB3175,0x71169127,0x33CCE18A,0x2A3E48BD,0x4BD35158,0xBD37D0FF,0x384F9F65,0xBFBD8FE5,0x21BD3652,0x85784F9A,0xE9E49825,0x8100A035,0x2AF316DF,
  0x8CBC300D,0xB9826132,0x97C4C620,0xD3EC0638,0x8A4E80B8,0x5B28D99A,0xF6E481A7,0x0D71CE5A,0x8347A14D,0xFDAAA12A,0x19F2A937,0xD1AB0740,0x0B837EEF,0x6E1688A5,0x0F36CF22,0xED5129E8,
  0xE020E7B2,0xF4A380DF,0x193FF755,0xDCDAC91A,0x61204787,0x00000000,0x1BB5A84F,0xB4F3AF68,0x42DA70AD,0x46A29F02,0xB43EF10A,0x983F5760,0xF0163112,0xD5D3E8EF,0x91FB28F7,0x44E59E7A,
  0xE458081D,0xEB6EC73F,0xDC179778,0xD1665922,0xF0DB6F70,0xD759B7F5,0x409D71D5,0xD8A226B5,0xAB3EE888,0xA4C579C8,0x16C46615,0x97099842,0xC76F6155,0x35F30F5D,0x063FEED7,0x2E46A712,
  0xDA2879AF,0x8A83DEDA,0x5DDA692F,0x756E7E88,0xC528602D,0x7A58B1AA,0x16093877,0xD321585A,0x4428C018,0x5221F86F,0xA979E9F0,0x4D21E1ED,0x40502FB7,0x5066F917,0xDE9DC862,0x75A320EA,
  0xE929C647,0xCE6640A0,0x1D4718FA,0x61ED19E5,0x3CFA2EA8,0xBB083E28,0x49590E42,0x49945020,0xE2AAB8A8,0x7EED0067,0x37B40E25,0xE61F0965,0x2E8BF970,0x9AB5087A,0x59A28680,0xFD67FF48,
  0x9ECDE7D5,0x466FC160,0x1F001982,0x353E513F,0x10FB88C2,0x6EDBD6C7,0xAF460727,0xC859AE77,0x63AA189D,0x318BE0F2,0x5F9D6857,0xF629DFC5,0xADCC583D,0x739CCE3D,0x91367695,0x52ECA60D,
  0xFBB70CB8,0xC4CECFE5,0x6519D0F2,0x561E5CD5,0x21E1C625,0xF997B7D0,0x374B47AC,0x5840A8C7,0xEF1849C6,0x0469B414,0xF1A53321,0xDC1FC5E1,0x083284F1,0x7DC8DAF6,0xC4EBB07A,0x617064E6,
  0x5C291CD3,0xA3F7A47F,0xB9061513,0x98E7D336,0xE95146BA,0x73962EE4,0xF1804CBE,0xF9B2C84F,0x2BD68623,0x4091A2C3,0x9AC7685E,0xB111EE7D,0xA1F26088,0xAF89EB05,0xABE05F11,0x356BFCC4,
  0xFB927327,0x505753A9,0x1E980578,0xE70FB2A8,0xC0A77BF1,0x5865D758,0x14AF457E,0xD8530E6A,0xD42D4110,0xDE3F7E89,0x4CCA9226,0xE146BDD4,0xADA9506D,0xEB54824D,0x5A456C30,0xD24131F3,
  0xE9743925,0xFDFE03C4,0x3D597835,0xDE1A0116,0x0220BB68,0x71B6958C,0x7B81D58A,0x278DB6C6,0x5252975E,0xA7BB6FF4,0x94999C4C,0x8E4D52BF,0xE52F09C0,0x3930CC21,0x8A24E6AB,0x6942E017,
  0x653CAF6D,0x376E3833,0x40B4DD5C,0x0E5EF412,0x7193EA13,0x0E7B8B8D,0xED1D8D31,0x2FBF3237,0x77DAE56F,0x46FDD220,0x48A32632,0x8C489648,0x0C7E4F7A,0xCEF98FE3,0xB55D25F6,0x8821225C,
  0x77FF9AF0,0x00257F9F,0xC287C099,0x4EEA294E,0xBB26AE7B,0xCCD9348B,0xC6CB0B12,0x8E682D20,0x8013A6AD,0xA1D71F17,0xE36606BC,0x3127374F,0x4AA6E2C5,0x5C0C634C,0x3915B3BE,0x1AF1B16C,
  0x6D0E2B9C,0x0A374006,0x75FA5E07,0x18D10A04,0x12E64A02,0x4A839D5A,0x42B119AB,0xCCFC4B14,0x0205C4F7,0x6375A011,0x8A019934,0xA59BD49C,0xCA903BF7,0xA3D2DBE0,0xF5CC8735,0x1C9DC18F,
  0x42946634,0x7984117D,0x90D557C7,0x44DD6948,0x21C4B9BA,0x94BCE3D3,0xABC5208E,0x2DBAF6C0,0x7FCD1E01,0x00000000,0x92D09330,0x06490F7C,0xBD4ADE98,0x5A6013AF,0xEF3D3659,0x69679F88,
  0xFFDEB8AC,0xC082046E,0xA5BEAB03,0x354E835B,0xE3437923,0xDA56CA9D,0x8216625A,0x33078C27,0x8C6DE9D7,0x6B625B7F,0xD0618A9B,0x6B4724E0,0x25AD0DAE,0xD87671F5,0x867FD64E,0x044CCB8B,
  0xE72ACD37,0x543EE7BD,0xA9C0E479,0xC2A2BF06,0xBB03D1E4,0xF7EC3C5D,0xCAB54468,0x67396B9A,0xDC3ABA7E,0x7FE8619E,0xB9236A8C,0xF3A0F7D6,0x6F0BEF6B,0x9CAB18BD,0x23C17D4D,0xB77D9E9E,
  0xF3858849,0x7BA4AA15,0x5277E8C1,0xB3315515,0x6F2E90F4,0x2BF3F9BC,0x3B3508D6,0x79A16EE2,0x61551B79,0xA79E106B,0x0A123F99,0x16AA8189,0x168FFE16,0x10C6F16A,0xB5785A69,0x0C5B30E5,
  0x3F79C35D,0xFFFBC733,0x563B234A,0x27A8C959,0x1EBD7AE7,0x92F5ECAF,0x12C3359D,0xB13491E2,0x865AA9D1,0x82331DC5,0xBD6FA107,0xC8B0809F,0x18F4759B,0x2D9F895F,0xE50A765F,0x5E09A7BB,
  0xCEDCF07C,0x3B107749,0xB3142A8A,0xBF6A65F0,0xAFAC949A,0xD2644E6C,0x8036D932,0x3F5CBCC2,0x90F02858,0x969C58BB,0x5E2CD824,0x75DF2198,0x9C8E6722,0x9E8BA3D5,0x29D342D4,0x6D2B5403,
  0x23E402D2,0x7DEDA569,0x88045DC3,0xBF4F1A6F,0x0817FB6E,0xD60DFA78,0x9EAEDC4A,0x44F816D7,0x148A3AE1,0x066C70E3,0xD4083E8F,0xA9E59BE6,0x73B3517B,0x96B92724,0xED38F2AE,0x671C1405,
  0xAD8C2FF2,0xF7C943C2,0x98C2ACA9,0xD044F504,0x2F9A4DA8,0x310248D0,0x50722C36,0x3322F3B8,0x541B9822,0xC6EE748D,0xFDDB7C5B,0xC895FF00,0x845F6D26,0xF5E9F8AA,0x4CEFEDB9,0x847A12B9,
  0xE163C24B,0xB758E101,0x488659AD,0xD62885E7,0x10E38EF5,0x9AE217C1,0x1CB8BE10,0x25887231,0x4ECF56D1,0xEB71FDD2,0xDA73B502,0x46D8ADBF,0x3D7C07AA,0x6350DF8E,0x29F63D4B,0x1AD4CEF3,
  0x67D3A235,0x33E2E39F,0x51B91EA2,0xC317573D,0x198739CF,0x77166699,0x92AE499F,0x3407AE3A,0xE5B82F06,0x021A75E4,0x0942FD63,0x8CBB5ABC,0xA356DFE4,0x2808C8FD,0xDD752357,0x53A36B46,
  0x4DC11F2C,0x604188D9,0x858EC096,0xEE97C0C8,0xAD86086B,0xDA906EF2,0x5D04DB80,0x0B2FEFCE,0xBF2EDE6A,0x10C5C4AC,0xB3E47C01,0xAA6345CE,0x543141AA,0x5A96F16C,0xA6A9E7A5,0x8EA12F58,
  0xF7679E4E,0x3D323410,0x8ED64811,0x05FF3841,0x4FAC0D81,0xE7D53DAB,0xC4F21A98,0x7C398957,0x24B50DDF,0xDAE709BB,0x469997AB,0x9B9BD3B5,0x12DFB148,0x23272733,0x5F1EAE64,0x00000000,
  0xF0F5B4A2,0xF710F907,0xFBAD3C25,0x3D455359,0xCFDDF556,0x6B6E6717,0x90B43C7B,0x90C35B32,0x26AF783B,0x153AFCED,0xE030700E,0x0ED0D78F,0x79B1D65F,0x2DF7F0BC,0x5D73BCC9,0x7E23FCB3,
  0x58FBE3C1,0x954B043A,0x339584D6,0xD8FD7C5F,0x38CD0C51,0x821CEA7A,0xB8BCF486,0x3AD779B5,0xC3603074,0x565C5307,0x67A4C57C,0x893305B4,0xEB68F889,0xC17A4590,0x2A12BD19,0x9981A651,
  0x3F2841F4,0xF2EFC146,0xBAD1E62B,0xA14CAA00,0x690375BA,0x287FAFB4,0xC838B8F3,0x3AA01EFC,0x0EA7B0C6,0x2350407A,0xCDB0E7FB,0x026D12AD,0x6CFC4DFB,0x51CE79EB,0x10B2A3E5,0x4A5335C0,
  0x214A359E,0xADF16F22,0x697412F3,0xB1896EAC,0x9BECB4FC,0x0CBDC522,0x07922AEC,0xEB1F9FC0,0x4DB67865,0xEEE0A781,0x8071F8D7,0xD1BF813C,0x31F8967B,0x07E54DA5,0x562B344E,0x4483E24F,
  0xD88A1B16,0x2F9AE211,0x70F32B3C,0xC6E86F7C,0x48494024,0xE905EA24,0xFC3F16C9,0x0B588887,0xAF9C7D8F,0x8B5E1719,0xE0471747,0x6EE6381F,0x1E62746A,0xCA22CD17,0x9C7E9E10,0x38BA6B18,
  0xA13BCD49,0xD3D29391,0xF9B749C1,0xF50A8CE3,0x24C26A96,0x1BEA2B62,0xE7A25AE2,0x366ABC97,0x79C6B116,0x3470C973,0xECFAD265,0x588C8488,0xA879302A,0x9E138CBD,0xEC8DB52C,0x17208909,
  0xE9728D6D,0xC69F0835,0xBD34AB8E,0xBF59B923,0x9C09F959,0x2FED8558,0x9E64EBF4,0xB8CB93CF,0x776101D0,0xA4B39241,0xC84FDFBA,0x953C6373,0xE5CF484F,0xFBDA5B6C,0x7BABA3BB,0x6C8B2AB2,
  0x213D52D7,0xF082D3EB,0xA6DE80EC,0xDF6F56B3,0x6036EF90,0xC10D22D9,0xFE25632D,0xE25D62A3,0x4366AFEA,0x361DDBDE,0xAFEB1AC6,0x4A245289,0x46EEF0E2,0xBAA68162,0x4311C8A3,0x5AE19625,
  0x3F5F26BD,0x757B7434,0x544626E3,0x1C0F66C7,0xB61B4440,0xD62DABD0,0xD440B97D,0x7BDCC4F2,0x2A65DA50,0x97261697,0xA321B8AD,0x12A8D601,0xDF1831FA,0xBD43CCC7,0x750C137D,0x53D40C0F,
  0xD437DE34,0x00776749,0x65BEB098,0x4FDB6AC8,0xAA142287,0x2D8097F5,0xDD02441E,0x410BBD47,0xD3A5F4D8,0xD65ACC99,0xCDC780B2,0xFC487180,0x0CCAA26B,0x318FF132,0x65C9D7D1,0x6B19005E,
  0x80069F9E,0x417CDA0E,0x975171DE,0x72E95ED8,0x19F05E86,0x625BFD3D,0x826B8D33,0x44F48506,0xCA55AA5E,0x7E549BFA,0xC4857DD1,0x1B9D4C2B,0xE22A05EA,0xB3931B48,0x6E915F56,0x8794B572,
  0xCFAA921F,0xF57DEBAA,0x7C4EEE1E,0x26D81F72,0x1C78018E,0x99F6C118,0xF298A60F,0xB66C2309,0xB47656ED,0xD1C8E675,0x5F69C92D,0x09359A2A,0x729E3991,0x894462FD,0xFE520464,0xB40131A4,
  0x8CCC3DF5,0x483E276D,0xF9C02E88,0x1E151323,0x622C9A74,0xA80E5763,0x05885F08,0x154D9BA4,0x8B297050,0x87E3D23B,0xB1FE09E5,0x92D92ED6,0xA4C4F508,0x85F9A7DF,0x1757EE40,0x70844C75,
  0x8918F03A,0xC37C3D23,0x3B2F9557,0x2BDE7E57,0x19CE7445,0x834FF29A,0x390D7C35,0x6DDD3BDA,0x03689DE5,0x259B1FA1,0x2E866986,0xFD0BBFA5,0x0F0F1571,0xEFD8BDC7,0xB76F72BC,0xE2F541D4,
  0x1AA6E9A0,0xFC41CB22,0x435B525C,0x2FCC1D01,0x490C50FC,0x4F3CDAC8,0x678A397A,0xA5BC70DE,0xF43420E0,0x70012CC9,0x8C40E7EB,0xEE92C940,0x6BEDB1EE,0xD79FB575,0xC92B3F83,0xE3BF3553,
  0xA79E99BC,0xEBCADE91,0xC8614B04,0x2DEEF463,0x6AA7C569,0x22E1E112,0x4C54472D,0x6C974F5D,0x4D1E33AA,0x10F1EB00,0x32100A12,0xDEA02A30,0x055817D1,0x57B8DA0A,0x9CB10CEB,0xEDFA54A5,
  0x23AB9595,0x50C224B9,0x014A7487,0x188400C2,0x714B584E,0xBD38701C,0xEA80AA16,0x61BAB34E,0x5FCD31C8,0xCD395CD5,0x37481DC3,0x8205861D,0xE0D7A8B6,0x94C4E729,0xD1AF3F41,0x356AF4A1,
  0xA8918CCD,0x0875EBC2,0xBF1A997E,0x139976E5,0x14E38856,0x21897CF7,0x63985A2C,0xC406C390,0x4179BB3E,0x816D1BF8,0xCB09D6E1,0xC23649A4,0x53AAB95C,0xB15FF888,0x875D91CC,0xC76E5E75,
  0xAAB365AF,0x64E2A49F,0xFF2956C7,0x5DEFD8AA,0x9DFB786C,0x9E93E589,0xA2C68E6D,0x7369B12C,0xD0E54BC6,0x6EB5A63F,0xAC83EF9B,0x04126356,0xD6D5C1F2,0xECB02022,0xFA714116,0x3D1F1F63,
  0x0222E962,0x29FC9735,0xA9DBF84A,0xF204AAD4,0x7D2CD0DA,0x1BEC9D27,0x7631A6FD,0xFB3B3591,0x1C966394,0x421126DB,0x1FFEFE71,0x4033CFB9,0x8D0A936C,0xB625063B,0x11BB9F87,0x27B9F6C3,
  0xDBF83DE1,0x3C556BE4,0x97AC7ACC,0x885284BD,0x99E91B3A,0xE4C5CBE0,0x54D047EF,0xA0E4670F,0x8617E54B,0x90D6847F,0x74134F9F,0xFE632240,0x75593B18,0x4421ACEF,0x8A706DDF,0x52E0CDDB,
  0x093F9F45,0xB0158C0F,0x0D2DFC13,0x5BDF529E,0xD2C7A2A4,0x7874C70B,0xC15ED441,0x7E444D3F,0xCE51C130,0x7C66A45D,0x2CA480E4,0xF02643B6,0xE8A24374,0xF34EDE53,0x5E87454F,0x93BE199A,
  0x8F287A0E,0x777BD27A,0x1DDC1713,0x3A65E1D0,0xC54CB717,0x60F0C7C9,0x2A940AD0,0xC6242AF2,0x4603458D,0x7B1C5AEE,0xB86067CD,0x80276F7F,0x9FD9910E,0x958E93AE,0xCC732852,0xBE50EDF9,
  0x0B1D7627,0x34208026,0x4A64CD19,0x919CF0F8,0x857F78AE,0x6FFFD2B8,0xB54D9BDE,0xDAB24966,0xB237656D,0x68852C0B,0xE9E837F3,0x3032E370,0xD38DD623,0x4749310A,0xA6D4ED3B,0xF75CBD05,
  0x16C16134,0xD9DAD483,0xD4F72890,0x7A562E69,0x9A8186DF,0x8E620E89,0xB92A134A,0xABF91128,0x7223C5AB,0x5188503E,0xDDC8B7D5,0x36026944,0xE19DDC31,0x0E4561F6,0x793EB38C,0x4E76AE4F,
  0xA1AE1388,0xF616C982,0x96E60E4B,0x15A9FCD1,0x00000000,0xF16C3731,0xE6E72282,0x98A36FBD,0xE58FBF67,0xCA43A266,0x12D30262,0x0A5702A0,0x178B15B3,0x62D22EAB,0x84350C29,0x7F0E39B8,
  0x4846247B,0x456BD868,0x59FDBBFC,0x317897F7,0x335A7E95,0xE7AD5605,0xAEA106F9,0xC014A0C6,0x20C30870,0x66C04DFD,0x384708B2,0xF919DCF3,0x3E778286,0x0C678894,0x58B7CF7B,0xCF1BB5B7,
  0xDC82C352,0xBB08FA28,0x24D16B26,0x92F46D1D,0xAFEB727E,0x65A8D018,0x4B2EB99E,0x56F2AE8D,0xA38CFAEA,0x8B3A1958,0x5A952619,0x06308A34,0x9BCBF258,0x28B6E3B2,0xBA428EAF,0x077AFEB3,
  0xDFEA5EB7,0xD890A004,0xBC72049B,0xB407EF59,0xF853A874,0xB37D11EA,0x26F38244,0x5CA5AC2D,0x3F3DF601,0x559A3368,0xF57E5467,0x69CF588C,0xADC99B1C,0xD5BD5C17,0xA4F60459,0x1EB48AF6,
  0x4703CE77,0x71B0A5FD,0x9C33911A,0xACC4285B,0xADD374F5,0xB991459C,0xFA6AB266,0x07538E65,0x453A6983,0xBBA8E268,0xDA2703C3,0x2609636E,0xDF4D2A52,0x03ABB7E8,0x4269E7E6,0x23E6064D,
  0x7022B5E1,0xB8035580,0xD81EA437,0xCA184795,0xDAA24F71,0xEF3FDFA1,0xEBC7E62C,0x70A7F953,0xAA05B622,0x268C2FDC,0xDB305F6D,0x9BE553CD,0x8ACD4B35,0xAFEAD301,0x66DC6FCE,0x6659237C,
  0xBC7E20BF,0x7135E94F,0xFE17C759,0xA8B95D64,0x98CBA897,0x22741651,0x7666672A,0xFD393C03,0x8B5F5B29,0xEC946849,0x67CB3360,0x745FC0DE,0xF8531592,0xFDBC70B1,0xB8861932,0x9CB6DDA8,
  0xDDF1C114,0x54973DC9,0x324B5207,0x8F222E16,0x07D6C2D7,0x9AF20F63,0xCD4BC9F0,0xC821E061,0x729E5EA7,0x618FE1AB,0xE8E91D76,0x64E5C83A,0x6577D826,0xB914092E,0xBABFBEC6,0x335C0EA9,
  0xCB8A5789,0xFAEFFED4,0x64608488,0xBDEC30A3,0x1206E3A2,0x1311BF0C,0x271E3FC0,0xAF6F9FB3,0xDBB513DF,0x9E8F7A5C,0x23634AFF,0x00000000,0x02BCEB46,0xE9FE41D8,0x32CE1EB5,0x6098BD05,
  0x89E3B06F,0xEEADCFBD,0x8D1B89E2,0xAA80FA90,0x8E3572B8,0x359D90D0,0x442D352D,0x348ACC7E,0x3518DC62,0xDC63D108,0x103F4456,0xA92B4D78,0x167B969D,0x601DF1B7,0x41471CBC,0x42ECAB54,
  0x11AD544A,0x506F0444,0x99DCF439,0xEA55F630,0x9F1D6A40,0x51FD1458,0x461492D9,0xDFC866E0,0xDCE69DBA,0x730C4EBB,0x75CDD0C2,0x52D3EF02,0xC9B3F07D,0x14C77DDB,0xDEDF3A4E,0x14423169,
  0x9E0A36EE,0xCE6532AA,0x37A43724,0xED8334E7,0xF8D65920,0x032EFB5A,0xED067855,0x2430C49A,0xCEE07E18,0xAB97A63E,0x73890209,0x00854CB2,0x62245643,0xCF726E04,0x340F80CC,0x25A2D486,
  0xBEC2CBF9,0x53C4B3AC,0xBD697C11,0xBCFB6C0D,0xAE78C31D,0x06C19E79,0x9A7743D1,0x31E0E5EF,0xD89BE885,0xBB2DAEDA,0xEB42AA9E,0x8FA762A4,0xA83C11D6,0x047D753F,0x04F8398D,0xF944493C,
  0x3072F5F3,0x16FEDA2F,0x88F4ECC1,0x478682C5,0x33D9421B,0x57B9C693,0x77713B84,0x8D9EC550,0x40D50CA0,0xCA9D0B27,0x5341FF1E,0xCC5C955E,0x8871A073,0xDE5A76FC,0x20C8FD17,0xBE47874B,
  0x0239A7F4,0xFBF8A27A,0x5256A3B0,0xAEFD8FAF,0xAB12EA8C,0x279B7372,0xAC4164E9,0xEC1124FB,0x562BD68F,0x62A11AF1,0x8BDA179B,0xC936BCCF,0x37217B96,0x984EE425,0x9D24CDB4,0xFF85D745,
  0x36362738,0x17E98681,0x56AE9A3D,0x0192101C,0x65F29494,0x8966FCDD,0x36B36B8A,0xFF009BF7,0x55806167,0x1394F3BE,0x41C2500E,0xF9C1058E,0x01175CAE,0x8EB03E0A,0x43FBF7FA,0x056A2991,
  0x24B58828,0xCB0F1B3B,0xCCD9D9EC,0x721B1215,0x8A480787,0xA9AE01CA,0x5412717B,0x610AAD19,0x15556DC7,0xEAD0BA82,0xBA3AF274,0x8C0CD54C,0x9DA18106,0xFE928BEB,0xAD563847,0x437EBB48,
  0x9B601F7F,0xBFD59757,0x8C8999FE,0x0644D2CB,0x204DB1A5,0x63330AED,0xE97B0D6A,0x9959B88B,0x4691DE6B,0x517858EA,0x44A8799F,0x75489C70,0x40504012,0x112818F8,0xFB7DEEC8,0xFC2E60AD,
  0x25279834,0x22F15AE3,0xDD748DA6,0xD909F899,0xEFBA9313,0x10BA08E4,0x50EA48F6,0x215AED0B,0x3165A95D,0xE86C51C4,0x30F7B941,0x74DA8C6C,0x1283AF10,0xCDCE8542,0x176CCA33,0xBF50DBE5,
  0xFCAB2C1F,0xC8A4ACD3,0xCFF722B6,0xD98CB42B,0x9F9826F2,0x573C8A21,0x76E32B98,0x45BF2531,0xEE28830F,0x63B6465F,0x21DFA1B9,0x55052DD5,0x77F47736,0x674E7FD2,0x15D02175,0x05EF6523,
  0x201423A4,0x25392B8C,0x2083DD10,0x6FBBB2CF,0x4F386FDF,0x9426FCEE,0xA38A4EEA,0x7E2BC296,0xBF8ED067,0xD61D8351,0x7EBC3C22,0xC1A512F1,0xF3B35669,0x581700CB,0xA31DB05E,0x47167797,
  0x318453FD,0x9C9F1A12,0x4FAF916B,0x413E966E,0x5E3FE132,0x6A014453,0xABA456A2,0x192996A5,0x1C936039,0x5880FE7F,0x1A2C7F74,0x830993FA,0x8D0F6A4B,0xB9A6319E,0xA630B876,0xAE895E8A,
  0xD3308B79,0x12959988,0x910BF4C6,0xE99F291D,0x7605DADE,0xA5A2AF13,0xAD1B49EF,0x6904AD82,0xB18829D6,0x99B2123A,0x94B1025A,0x7803236F,0xE126CFE1,0x0305E9D1,0x5B12E91A,0xFD22516C,
  0x142A86C5,0x800C7A2B,0x39AA4BB5,0xA83641C7,0x5DADF657,0x85B68CB7,0xEC25DF81,0xDB896D85,0x32164498,0xCCA60291,0xF50C4924,0x9A20055F,0x11907059,0x3281BA2C,0x920E1D17,0xBAA3D84F,
  0x4A1567F7,0xC2A0FB20,0xA53551A7,0xB7A0C82F,0xAD8CB75B,0xAE1EA03E,0x6407BDE2,0x082E1848,0x9AB7FBEB,0x809B849F,0x0E06F9B1,0x25AED538,0xF021410C,0xDD3672C8,0x03921765,0xD0A29C1C,
  0x3A385CD0,0xA08FA73B,0x7500330F,0xD5186A80,0xD3A775CD,0x26AB3CE9,0x50AEE637,0x34A95BD5,0x08B9E6FC,0x0D031060,0xCA191DDC,0x3C10BD29,0x05BAF69C,0xE40BC7C9,0x393DB501,0x1202673C,
  0xBC1CC702,0x551410AB,0x7B91340A,0x5D3A08E3,0xCF3415F4,0xEFB7C8E4,0x533CF152,0xEA9AC0CC,0xB4A521FE,0xD81B7AE0,0xB11FD762,0xCC31FC25,0xFB9D4E21,0x7B06CABE,0xD58F9434,0xD68A7DE5,
  0x3C87439D,0xBF192ED3,0xDEA465AD,0xC91CF40D,0x839E6D4E,0x0E910705,0xC2370594,0x568607CE,0xE908D7A9,0x9299E3A3,0xBC8B39B6,0x3113AD49,0x9F9AF3C3,0xE49C397D,0x8B278BB2,0x69935336,
  0x7894DDDB,0x0D94EED4,0xC98B0AB9,0x88226263,0x44139E46,0x448460F2,0x5EA81F86,0x0097FEB4,0xCA8EE368,0x1ABB81C0,0x423B7FBF,0x06BF1F4D,0x11078EED,0x61BD4B7E,0x283A3BEC,0x86B36566,
  0x2E12DA15,0x622F5C1B,0xF609A0F5,0xD03562A8,0x8BB07506,0xEF203650,0xC41FE46D,0x9723153F,0x42AC810B,0x2D1733C4,0x3F1554F8,0x70BAC593,0xF69E5E41,0xEA0D3E78,0x97B4EB8B,0x6A96BAE7,
  0xFE27B8BD,0x88B59CD7,0x6CBE5B1E,0xE70E2E18,0x4CAA78BA,0xF0B6BFB8,0x19BE6811,0xC71A0DBC,0x14BD7871,0x6795AA87,0x17B891A0,0x5583EE1F,0x2BA82C89,0xA8A1BF73,0xFB0AB095,0xF324A8DD,
  0x3F82AA4C,0xE2B4D884,0xA6A746C2,0x9C08E4A6,0x2311CA75,0x4A829943,0xDE339B19,0x5B8517AE,0xBA3426FB,0xFDB5AFD8,0xB737369B,0x53AB0FE6,0xB28DC007,0x8D9894FF,0x67025433,0x9F0D0D77,
  0x49877092,0x9925EC8E,0x7328D2F6,0x2E8524A1,0x49108E26,0x7692246A,0x7DB9D5F3,0xF898A7F0,0xB931CF2A,0x37ACB204,0xB21A3EB3,0x343EA561,0x1F01775C,0x0628E1F9,0xF59BB790,0x86249BD2,
  0x28ADC558,0x7597CDBB,0xE799D0AC,0xE1B13155,0xECB22135,0x8E9D7D2E,0x3AAFA264,0x73BF2C42,0xC4881AD9,0x373B4CB0,0x41A968DA,0xE2232630,0xB432DF4A,0xAB33A816,0xD88C8454,0x1F9689E8,
  0x0BBC0F2D,0x62B8A2AF,0x172F6F14,0x50391883,0x919C0A72,0x612AB5CA,0x00000000,0x5611F97A,0x64904356,0xF80F5944,0x052D0828,0x85217203,0x6F2C4C7B,0xC132EC45,0xC78DF308,0xFEB04609,
  0x2D80CD70,0x2B3FD23D,0xDDA18C7C,0x238634C1,0x4C3D860E,0x7D2E2B47,0x8E0A839A,0xA018598F,0x47818923,0x0B2BF199,0xDB1E9331,0x6C29A5AA,0x1C049E8D,0x263CC25D,0x702D3B27,0xCFA3EB40,
  0xABE8BE42,0xFE0230B2,0x937BC6FE,0x00DF08D2,0xC2B6D57D,0x87BC27A6,0xDFA63260,0x70691151,0x061B5DBE,0x7255D19C,0x9783535F,0x8344B207,0x3A70B0A3,0x6D79F64C,0x87632F74,0x2A90CC88,
  0x16242947,0x9CB79D05,0xE5098A11,0xE12E1762,0x532EDB9C,0x5C3D88B5,0x5CE28067,0x76AD443D,0x4E3E3C81,0x95609B40,0x45D5FA09,0x2398C21F,0x8C88E9FC,0xC691480E,0x2EB751FB,0xEAC5D1EA,
  0x47363216,0xF1CE6B49,0x450AF2DB,0x3AAFB871,0x276057BE,0x1B0BBAA3,0x19377A6E,0xA424E5B9,0x02E3C81F,0xCD7A8E86,0x6471F8DB,0x4CDDF49E,0x664D3816,0x09D70645,0x19E872BC,0x5A26D50B,
  0x91470633,0xDD9AF2AD,0x04279D73,0xA2E0B0D5,0x47E93AC4,0x7D4682B5,0xE312D7AF,0x5EDE40AA,0x10E07C2B,0x7B82D7D9,0x626AA565,0xD6713425,0xE5D682C3,0xA6C72DA6,0x384C706E,0x4311AF65,
  0x55EA8EF0,0xD962670C,0x95BF9392,0x06C4556C,0x7F7A4278,0x28AC0C45,0x79BE1714,0x839BBAD5,0xB2DFC42C,0x103F74F9,0x375F2347,0x79611FC6,0xCF994699,0x412D6FA8,0x37802B95,0x3563E38A,
  0x6F9A3E53,0xAFCF2331,0x12DCBCE6,0xEEE24C99,0xF5E9F63A,0x0B34CE5A,0xA9D47E8F,0x0D2F93E4,0x9A73C869,0x8E6B21E3,0xA6182574,0xB0E304E1,0xF8C665DE,0x3E572DD0,0x00000000,0x51121B51,
  0x5AF9DDD9,0x6F453681,0xB41B9140,0x31447EF9,0x605665A8,0xEC018486,0x25839FA1,0xCF464E4B,0xA00378CA,0x28730497,0x60896D7A,0x817872CA,0xB9EB0A76,0x749184F0,0x14C7E158,0xC9821B27,
  0x58C51D14,0x2C5499E4,0x81A77A18,0x9C6895D7,0x8C57E12E,0xE1F11FB0,0xD44DF4E8,0x1DCFEFCF,0x9E54551A,0x91980EE1,0x8A93B442,0x41F2677A,0xDD45FA7F,0xDB5EA7C1,0x023CC0CD,0xECDE8C54,
  0x7D998A67,0x70B61983,0x975C5B8D,0x62B5ADB7,0x04F895A1,0x3E882502,0x48FA69ED,0xE8F91127,0x55358622,0xFC3EF07F,0xE7EA420E,0x1F2C27D0,0xCB61D338,0xADF3E3FC,0xFAFAA513,0xD6AE3CF7,
  0x319B762B,0xD289A184,0xEA1AD938,0x53F1D34E,0xC269DDAF,0xF32DA356,0x698163ED,0xBD139FD7,0xBFF057C8,0xF7D536F7,0xBBD7CABB,0xAB37B690,0x984F08A4,0x64AEF009,0x0DF09B36,0x1418E98A,
  0x3C6BED1D,0xD9BD6FDE,0x9E8B5DC8,0x0F135329,0xC4AD88C3,0x1BD4B271,0xD492FC3A,0xBDCC9705,0xCDA58654,0xC0551D62,0x7FA54AAA,0xF70A3E25,0x7B5DDF0B,0xE7354ADC,0xAF102BE3,0x6DA6FE9E,
  0xFA25ADC1,0xAD2CEB2E,0xF111639B,0x4825613F,0x35BCEB58,0x9AACC0BB,0xC64E40DC,0x16FB2195,0xC95D13F5,0xDB81AF13,0x8A4CBC90,0xB6F8595F,0x3CB4E5CF,0xA90B765D,0x855FEFB9,0xB200CCFE,
  0xE82619F5,0x0BEBC688,0x09080E97,0x8EB42931,0x3378BE34,0x93A4CE2C,0x255C9773,0x570946EF,0xF536FEE8,0xB93402A4,0xC4728011,0x217B0A00,0x4C02FC4C,0x88AF748F,0xF8196D0C,0x1203B434,
  0x2347CACD,0x669230C4,0x728AD94E,0x33A7B6E6,0x1FF32F02,0xA0DC7018,0x1D10E71D,0xEE3D444B,0x4A19A1F2,0xA23FB807,0xE3CDDF7D,0x88707C5D,0xC08A15B0,0x4AC6A920,0x43CEA7B7,0x581A15C6,
  0x695E6B3F,0x389378BC,0xD256A956,0xB627518D,0x51CD1383,0xD0B56149,0xA4FBED6B,0xB4C49992,0x57D64E3D,0x76724CEF,0x6B62ABF2,0x5E014878,0xFCE1F8AD,0x6BBDA320,0xF3F2AB84,0xDF793AB2,
  0x21A402D2,0xBF2F5F1A,0xCBBEDBEA,0x98900076,0x8580E76B,0x744E8C22,0xB03C0C33,0x0FCC5BFB,0x2E685929,0xBB08C269,0x27BF5F6C,0xD06A699B,0x4EE13453,0xFEDD3860,0x2C8B9136,0x2A4FC45A,
  0xC52FACFD,0x6047BA2C,0xCE9CDBFF,0x345ED9FA,0x34E22702,0xC781FC67,0x537A72CF,0xCB516D13,0x0212AE62,0x53C67B58,0xC52F5B92,0xFA7EFCFD,0x94FB8EA8,0x02AE509A,0xC9FF3D89,0x62E91DD9,
  0xA568E1BE,0x9A85B829,0x6255E321,0xABAADEA8,0x3FED5997,0xAB16D73F,0x51D4D53A,0x982B1FDC,0xABAA29C7,0x3832B676,0xA7C6464B,0x3A9CE6EC,0xCBED6484,0x9FF40752,0xAEDB61D3,0x9655DE32,
  0xA019A9AA,0x00BCFEF8,0x312F6681,0x31936F16,0x0571BF7B,0x53C68C37,0x5DB84DD9,0xF3DF259D,0xCB519A7C,0xFDA1131C,0x3D43FE62,0xC05E1386,0x6255144E,0x65360557,0x333D3F8C,0xAC753149,
  0x541963D6,0x3A20EF7B,0x67245C5A,0x560BCDB4,0x9A39B1BE,0x5FAAE3BB,0xA2B70E5F,0xCBED93EB,0x5FAA14D4,0xC2F0431C,0x07DF188E,0x9DE65E5F,0x0E7EC1EE,0x00000000,0xC0E21A11,0x51D42255,
  0xFF0FB4E9,0x9447873F,0x6C972B58,0x0BB3806D,0x5D04444E,0x0000F76F,0x9FF4F03D,0xC0E2ED7E,0x31939879,0x6C2BD5A0,0xAB162050,0x07631119,0xACC9CFB1,0x9897E124,0xA5D41F46,0xF3DFD2F2,
  0xFD1DEDE4,0xA77AB8B3,0x0EC2C879,0x3F515000,0x93246149,0x56B7C423,0x6C2B22CF,0x93249626,0x34E2D06D,0x54A56A41,0xCC328B65,0xA5D4E829,0xACC938DE,0xF86CA5F0,0x5A675557,0xF6AE6D89,
  0x9897164B,0xA0A55752,0xF1CD8BFF,0xC05EE4E9,0xF6129371,0x9136CF2B,0xA20B07C8,0x364C80F7,0x9DE6A930,0x9F48F9AA,0x69E69423,0x388EBFE1,0xC24C4A8B,0x3A9C1183,0x5168DCAD,0x6798A2A2,
  0xC943C371,0x6E397BC2,0x3DFFF7F5,0x05CD4183,0x560B3ADB,0x0CD0661B,0x94477050,0x918AC6BC,0xFF0F4386,0x0CD09174,0x982BE8B3,0x36F08960,0xF363DB65,0x6536F238,0x91363844,0x00BC0997,
  0xFFB3BD7E,0x939868DE,0x60FBB3BB,0xF612641E,0xF8D0AC67,0xC5935205,0x94FB79C7,0x96E9D7A5,0x0BB37702,0x69E6634C,0xCE9C2C90,0xAE676844,0x09A1D960,0xF3632C0A,0xF1717507,0xF6AE9AE6,
  0x9A854F46,0x0B0F89FA,0xC2F0B473,0x60FB44D4,0x9D5AA0A7,0xC73D029F,0x51682BC2,0x3DFF009A,0x0C6C6F8C,0x5875FB35,0x658A0CC0,0xFDA1E473,0x5ADB5CC0,0xFAC2F56A,0x695A9DB4,0xAE679F2B,
  0x9F480EC5,0x3D43090D,0x3A201814,0xF400CA7C,0x36F07E0F,0x5F16EA2C,0x38324119,0x5ADBABAF,0xF86C529F,0x9655295D,0xFA7E0B92,0x537A85A0,0xA2B7F930,0xC943341E,0xA7C6B124,0xA9048E32,
  0xC24CBDE4,0xF1718268,0x6B48C4B9,0x679855CD,0xCC8E759D,0xA77A4FDC,0x62E9EAB6,0xA0195EC5,0x3F51A76F,0xCE20D268,0x658AFBAF,0x918A31D3,0x333DC8E3,0x345E2E95,0x091D2798,0xA9B887A5,
  0x05CDB6EC,0xA20BF0A7,0xA9B870CA,0x5F161D43,0xC593A56A,0x3381C174,0x0763E676,0x0EC23F16,0xCC8E82F2,0x6B4833D6,0x312F91EE,0x3381361B,0xC9FFCAE6,0xFFB34A11,0xF1CD7C90,0x54A59D2E,
  0x0E7E3681,0xF4003D13,0x60474D43,0x56B7334C,0x9D5A57C8,0x09A12E0F,0x05714814,0xFAC20205,0x6724AB35,0xA0A5A03D,0x364C7798,0x0C6C98E3,0x58C905CD,0xA56816D1,0xC73DF5F0,0xC7810B08,
  0xCC327C0A,0x07DFEFE1,0x6E85853A,0xF4BC3484,0x6C97DC37,0x96E920CA,0x58750C5A,0x3FEDAEF8,0x388E488E,0x695A6ADB,0x6E398CAD,0xA904795D,0xAC75C626,0xCE202507,0xF8D05B08,0x93989FB1,
  0x091DD0F7,0x6BF4CD2E,0x0B0F7E95,0x5DB8BAB6,0x5D04B321,0x6E857255,0x6BF43A41,0xAEDB96BC,0x58C9F2A2,0xFD1D1A8B,0x541994B9,0x5A67A238,0x9A3946D1,0x02AEA7F5,0xF4BCC3EB,0x0212590D,
  0x4AD05A61,0x19ABDA8C,0x2279D6DA,0xBB2C7DCA,0xE9C37F45,0xC1757FE5,0x63F2D8A3,0xEB0BFFAE,0x0ACFD67A,0x6ADA4EF5,0xF0D3E76C,0xF8D4B1FD,0x40A4CEBE,0x9B26695E,0x13640CF6,0xC85DE9B3,
  0x2BEA0229,0x3AFDCC91,0x22C2947F,0x280D4205,0x200A1494,0x52EF028F,0xABAF3110,0xE17F6B71,0x93213FCF,0xF2A02522,0x69864C7C,0xD2117313,0x81D1B15B,0xB204EB9C,0x1117CEB8,0x90C67FE3,
  0x5A5316BB,0x8A8AE543,0xA967B1FB,0x62DD1864,0xD865E7CC,0x80453339,0x62665AC1,0x7BCD804D,0x02C880EB,0xEA243F69,0x7AE2408A,0x987A6BD7,0xC2923FC9,0x38354C7A,0x23ED54B8,0x10834CDA,
  0xF068A5C9,0xCA956958,0x01948262,0x10380E7F,0x1A4C9AA0,0x828DB3D2,0xD8DEA569,0x0993D4F3,0x8BA52584,0x43F8CC37,0x12F08E94,0xF21B6787,0x418B0E79,0xF86FF358,0x41304CDC,0x89D6E7CA,
  0xFB33F1D1,0x61811AED,0x816AF3FE,0x1AF7D805,0x5254402A,0x13DF4E53,0x83A27315,0x50278264,0xA04F27AD,0x0A7494DF,0x3A468E34,0xD33EB3D4,0x907D3D46,0xE8ECBF82,0xB8CB3DE6,0x4818DA8A,
  0x5BC794D9,0xFA1C3116,0x00BB42A5,0xB8707F43,0xA1DBA5CF,0x31A69889,0xAA3BB372,0xD385F171,0x790500A6,0x11AC8C1D,0x725E54BE,0xF940339F,0xD9F165AE,0xA287A746,0xE0EBE913,0x789182C4,
  0xC2297D6C,0x48A3982F,0x426C4E55,0xCBBAA99F,0x589B9650,0xCB01EB3A,0x6015988F,0x09289656,0x9152FD81,0x63499A06,0x884265A8,0xA3A86781,0xC1CE3D40,0x391A8CBD,0x2356161D,0x08075691,
  0x7B76C2E8,0x7096D455,0x5820D4F5,0xDB39E545,0x73CAD6DC,0xC05ABF22,0xEBB0BD0B,0x18841A4B,0x012FC0C7,0x4B44D803,0x71025637,0xC3BDFF0E,0xAB1473B5,0x00000000,0x2A7E804B,0x6B4ECC97,
  0xD14D719A,0xA3132524,0x183F58EE,0x88F9270D,0x72E5161B,0x6BF58E32,0x39A1CE18,0xE3B7EB9A,0xE050ABB6,0x537B80ED,0x831931B0,0xAA80F1D7,0x79BE4203,0x0273C24E,0x6812CE1E,0x33D55AC7,
  0x6A610C50,0x782AC061,0xA0F46508,0x939A7D6A,0x4A6B18C4,0x1B635A67,0x99EEE9B5,0x9B9D2BFB,0x9955AB10,0x4BFF9AA6,0xBAB8FFA8,0xCA2E2BFD,0xF9FB713A,0x9AB2EB3C,0x9A09A999,0xD2AA31B6,
  0xA8F33399,0xB07729D2,0x8236F177,0xF1FC27AB,0xE30CA93F,0x30321AEB,0x702D96F0,0x60AEDA2A,0x590F1432,0x3241D8A5,0x0BE016BD,0x91E9BF24,0xC9722974,0xC9C96BD1,0xFAA773B3,0x68A98CBB,
  0x53C0C248,0x1BD818C2,0xF38FE5E5,0xA160E76A,0x28B600A0,0x43438E92,0xDAAD6727,0x219E96F6,0x388E0EDF,0xEA9F7DCC,0xBA03BD0D,0xD062B15D,0xB2BFA939,0x2999C067,0x3089584E,0x613A5848,
  0xC306BDAB,0xA9DCF35E,0xE857FD27,0x19109829,0x3BD20C56,0xB39069FE,0x510842A3,0xF147650E,0x7A59022F,0xBB973F6F,0x401F8C1B,0x693D0ED9,0xDA162582,0x80FE719C,0xE1C429D4,0x51B30006,
  0x3B694EF3,0x32FA9A00,0x8A31A7E6,0x292282C2,0x8B1E6721,0x5B7CD67C,0xE2982B5D,0xC0E1FD87,0x0B5B5418,0xB158E915,0xB0CC6B77,0xA23CE5E3,0x98C12972,0x5AE8541E,0xF334A740,0xA848713C,
  0x2B51408C,0x49371A4D,0xB1E3ABB0,0xB95FBF84,0x336E1862,0x498C58E8,0xD0D9F3F8,0x59B45697,0x73719479,0xB9E4FD21,0x124BCC31,0x42D70CF0,0x2AC5C2EE,0x311DDA2C,0xB32B2B5B,0x509CC0C1,
  0x03E7402C,0x20B15631,0x920EFF08,0xD1F6333F,0x2125D453,0xFB88B374,0x896DA56F,0x035C0289,0xE9783DE0,0x08BC1434,0x71B91492,0xC8E6AB16,0xE22369F8,0xDB82A7E0,0x92B5BDAD,0xD94A270B,
  0x3005D60A,0x67B84649,0xB973FE6E,0x61255D0F,0x1EE1A772,0x3DEDB223,0x713F686D,0x42D03F0E,0xC3C09E3C,0x7A4A1702,0x0B757F6F,0x156DAF4D,0x71C61F3D,0xB98A893E,0x6FDECF1F,0x5AAC833A,
  0x6F27B84F,0x5744E713,0x0E02E540,0x898F5F34,0x2682F82E,0xF3C54836,0x92196269,0x33EF5763,0xAA7A3D35,0x57BD9043,0x23F56201,0xFED45B4F,0x2B6A9C07,0x72D5E904,0x00F97750,0xD547B018,
  0x7448F242,0xE3260A04,0x28796A3E,0xFE2D2C1F,0x16872E24,0x976EF846,0x2E1D0628,0x8774CD24,0xC5A4F22A,0xB2068101,0xC8B5E153,0xA10F425A,0x99956A56,0x06646C16,0x187CBC34,0xED24EF44,
  0xFB5AB630,0x495C3731,0x6943D459,0x77A2732B,0x3698CD4C,0x44B45318,0x67413119,0x97978F16,0x7AB36052,0x33162033,0x79A0966B,0x8A9CA90D,0x9FF10640,0x358B3B75,0x6C344E76,0x51208B05,
  0x3B70A965,0x20E69438,0xF8494009,0xEECE6E2D,0xCD3B0C2C,0x5457112A,0xC0D36805,0x9F087110,0xD0C95D67,0x7959E13B,0x7F3D8D2D,0xFDC7AD76,0xF0D6BE0F,0x81E9D662,0xCED18D45,0xB49B9A47,
  0xCBA6176A,0x9A7FEB3F,0x74B18512,0x722C9E54,0x413ABE67,0x069D1B46,0xCE28FA15,0x0D111379,0x84673B1D,0x9C1B8729,0x52337D3C,0x267B8F7E,0x389A280C,0xA792591C,0x9484792F,0xE5426612,
  0x4229485E,0x0313F639,0x4A4FC108,0xB2FFF651,0xFBA3C160,0x8110A132,0xAFF4D04A,0xE3DF7D54,0x91F3E300,0xF5A12420,0xBFEEE528,0x230C1551,0x1DF2514B,0xBA997F07,0xCDC27B7C,0x2DF78741,
  0x878DBA74,0xD5BEC748,0x5A55F46A,0x10E34232,0x61DC2A5F,0x5C31987C,0xF02FC95F,0x1B963D5D,0x6AA95530,0x62CFDC66,0xA2E5C333,0xA969CB0C,0x3D14C573,0x201FE368,0xB1157738,0x058EED7F,
  0x89762864,0xE035FC3D,0xC84C9603,0xA481AF25,0x54AE667A,0x0B8C083F,0xE5BB1142,0x8FEB3322,0xA478D875,0x03EA8169,0x1D0B261B,0x101A3562,0x775B047B,0xDB455558,0x444D2448,0x92E01539,
  0x82FA205B,0x8203570B,0x8CF8C51B,0x0DE86429,0xB462ED17,0x6A502260,0x089FFE06,0x1B6F4A0D,0x4C2BAD1E,0x1885CB64,0x996C1D06,0xB7886C7E,0x6CCD3926,0xAC1E5123,0x2EE47178,0xCB5F603A,
  0x35724C25,0xB1EC0068,0x4F385B27,0xC339E96C,0xF33C3F66,0x3B89DE35,0xD856A361,0xBCFD1311,0xAF0DA71A,0x7CD70C44,0xA1F6350A,0x47A7A521,0xF6B2D219,0x910A9450,0xACE72673,0x30FCA15A,
  0xB7711B2E,0x475ED271,0xAA834A65,0x3E07334A,0x6236AB36,0xF8B03759,0xC64E7343,0x00000000,0xE0CC8B6D,0xDBBC2208,0x13F0B40B,0x51D9FC55,0xBA600857,0x9CE2F079,0x6452C720,0x3EFE441A,
  0x5F226E45,0x64ABB070,0xE8AA023B,0x1E18D022,0xDECBB827,0x05779A2F,0x7C2E7B14,0xEBB9F402,0x59BF7503,0x2D0EF011,0xD8AFD431,0x3661BA1C,0x8F124472,0xF64BA549,0x25687947,0x947D0E7F,
  0x2B93EB57,0x4AB6B658,0xD0302A37,0xC02A1F55,0x41C3C937,0xA990BC5C,0xE853756B,0xBC046441,0x1594D81D,0xFD3EDA26,0x849E4C4D,0xC55D857A,0x8A65DE5D,0x52CA0A6C,0xC6B70413,0x08668956,
  0xF5585370,0xDE32CF77,0xD323DC0E,0x5CC8EF2C,0xBF179278,0xA76B2E4C,0xEDDD9814,0x167E5974,0x59460253,0x25910E17,0x7FC4FA7D,0xE651902B,0x69BAA309,0x5FDB1915,0xEE37197D,0x0EFB9210,
  0x38635F5C,0x8C01B24B,0x4CD2DA4E,0x49A54061,0x9A869C6F,0xD3DAAB5E,0xD6AD3171,0x28801D6E,0xE6A8E77B,0xEB408352,0x1309C35B,0xD6544621,0xA21CB463,0xDD21394E,0x4FC12C77,0xDDD84E1E,
  0x4FBDA43B,0x37DBD8B2,0x676ACAA6,0x34DCFB0F,0x1A4B62F6,0x46733BC4,0x3A736E64,0x68E4A23D,0x76C9E9E2,0xAAE81E6A,0x5D19A4C2,0xABC9E39A,0x00000000,0x664B3756,0x7C0055A0,0x96DB876A,
  0x319B2FD6,0xB96DE363,0x622D1E7F,0xE3154D35,0x2CB147B4,0x7A40A2C4,0x95DCA4D7,0x4AFA70E2,0x4334EF1D,0xBB4B3D2E,0x17E3D420,0x654C14EB,0xD4CE9587,0xFE3F2557,0x3F34BABD,0x030723BD,
  0xC74B688E,0x738E3D3B,0x245E25BB,0x4E9C59CB,0xA56676F1,0xB4C555B5,0x16C229D0,0xCCA3293C,0xAFAFCAB3,0x94FD5927,0xCE85F771,0xA2077C65,0xBD0BCA4A,0x8AD012F8,0x70891E86,0x5E1E877F,
  0xAE8E3743,0x6DA376E4,0x9955EFF1,0xF090B03C,0x0C894B26,0xA8CEC027,0x0BE841B2,0x1D2A6862,0x9C123B28,0x50B11214,0x585E701B,0xDD000A78,0x612A3DC2,0x11A32344,0x7F07761D,0x6AC27C70,
  0xC8C50015,0x5B5953A6,0x4BDB8D12,0xE47447A1,0xB7C27608,0xD7C9B63A,0xDB40FD1C,0x20380C92,0x07610A94,0x221ED2DF,0xF87FD233,0xA661554C,0x646DE91B,0xA4478B01,0x8138534A,0xEADBD2CA,
  0x88F6CCB5,0x97FA7A9A,0xA740A8BC,0xC56DB6C3,0x5A78AE56,0x6EA45559,0x79478179,0xE9DCF177,0x8C90E59C,0xEDBAD85E,0x2E9799F9,0xD3AF9F13,0x7E268BED,0xF7F1BAA8,0x0547D4D9,0x4D9B7A76,
  0x939C53B3,0x72AFC0CB,0x35FD06FF,0xE773641C,0xE65299EC,0x0AC9BC42,0xBA6AC0DE,0x28D76E9D,0xB6E38BF8,0x186DBCBB,0xF2B66E71,0x91BA8DFE,0xB84C1E93,0xBE0CE9F7,0x5F3F7A8F,0xE1339378,
  0x909B700E,0x92BDAE43,0x2D90BA44,0xA9EF3DD7,0xB0A37C9C,0xCBC223A8,0x2678FBF6,0x0DA8B6D6,0x98741201,0xD28E62E3,0x2AF1B0D0,0x15C50A6D,0x27590606,0x0EAF956B,0x257FD84B,0x421512ED,
  0x4455E589,0x4752C634,0xB5E4A845,0xB285A2D1,0x233F2F2F,0xA021A228,0x09CE9FFF,0xCFA40A81,0x71A8E376,0x855E7A63,0x6BE38180,0xE555BA51,0x29F6936D,0xB3A45F21,0xC44C4B33,0xFC19FB1A,
  0xD5EF6877,0x3C339900,0x8EB63BD1,0xFF1ED8A7,0x9B7331BC,0x48DCAEAF,0xD0A8BCAE,0x1F0CB62F,0xC02A621A,0x08EF620F,0xAD8914FE,0xE8FD0C87,0xEBFA2F3A,0xD847DEA1,0x45741879,0x12A400F9,
  0xACA8E90E,0x77E81412,0x9F151895,0xC66A957E,0x3D1264F0,0x6C828B14,0x54D73B3D,0xFD3806EA,0xB182816C,0x36FA2542,0xF3979381,0x55F6C6CD,0xD9662351,0x600BC032,0x6F85A8A9,0x5297CC59,
  0x8BF1EF08,0x1385FD09,0xDE0729C5,0x2FB66409,0x5C385932,0x39744DD9,0xF1B14DCC,0xA1005FD8,0x630CE38F,0x9D33C6D8,0xDF26D435,0x4033CCA0,0x14E4F79D,0xCD82D4CC,0xEF9C0613,0xF4F69915,
  0x33BDF19B,0x4CBA8786,0xFA590C7E,0x1C0B9592,0x49FD535F,0x7B615F34,0xEEBDFBE3,0x831E8D07,0xC20CBC57,0x30BAD226,0x5190EFE4,0x8778A42E,0xD189415E,0xF6D04758,0xE0126E88,0x0F8E689B,
  0x1B6A9F06,0x2119F162,0xBF2D1407,0xF95E2FC3,0x41123150,0x194C414B,0x04662929,0x0121FDF0,0xE234B0C5,0x9E34E565,0xF5D764E5,0x78667C89,0xC10B9FEA,0x8F97C621,0x3B529394,0x89D73145,
  0x3E15474D,0xD6E84BCA,0x56F1E570,0x1E2D4BDF,0x7D21A850,0xDC21F788,0x69C55FCD,0xCAE3DE58,0x3855B029,0x847F8793,0x865959DE,0xC9E4FDE5,0xC32D41A7,0x8019AEBA,0xBC2A37BA,0x8DB1186C,
  0x597F8DEB,0xFB78F18E,0x2BD04D20,0x74EF37AF,0x329C0C6B,0xEC9B25AE,0x57D01880,0x9A52CC4C,0x0226DE4D,0x1082DEB4,0x823F70F7,0x53B631A9,0xA3268195,0xDA6100EC,0x0640F764,0x75CECA5F,
  0x0C3CB63B,0xC2A91B62,0xEED0F44E,0x9265E47A,0xF67CF24F,0x8B336D67,0x88F77385,0x6BE1BEEC,0x876CFB77,0x2FDED1E5,0xE28F625E,0x0063202B,0x15091F0D,0x227BC8E9,0x732E98C6,0x734DB8ED,
  0x7F122EFD,0x18AC0601,0x7CB51034,0x1B6818E3,0x52F26EE6,0x0E0227C5,0x9D9D4CA3,0xD65A8B73,0x93FC4B4D,0x5F3457C1,0xD4073AA6,0x354C461A,0x2218E8C2,0xE316CD69,0x7F710ED6,0x1490B03A,
  0xEF2A7B52,0xAB15145B,0x71732913,0xD858ACB6,0xECEE65B0,0x72B737F1,0x1A9297FF,0xC2CA3B49,0x2E245EF9,0xA729A260,0xC10E25AB,0x38E95F16,0x870FDB5C,0x0199AF37,0x1935A936,0xCCAB3CA7,
  0x5F5777EA,0xF81DF5A1,0xDA663D48,0xBE1C0B56,0xA6B00D57,0x7D2CBF03,0x67DD08D7,0xD59E9591,0x5D69E614,0x890DFC99,0xFBBACB68,0x03A73EC9,0xB1E4A38F,0xC16D0580,0xB07D0CB8,0x8AC9E27B,
  0xAB763470,0x1754AED8,0x0E6107EE,0x17378EF3,0x4A3D48CC,0xF9E77ABD,0xCD51B3BB,0x91C2DAB3,0x6580B902,0x2C1ACF07,0x2026793C,0xBDBB359F,0xDBFF927F,0x34B6C906,0xF87ED58A,0xCF6F2245,
  0xA48E9CA9,0x025DB1D5,0x67BE28FC,0x368858F8,0x1B0B38C8,0xA8B22A92,0xB220BD6D,0x91A1FA98,0x939F6B66,0x9C04E394,0x5ECED8DD,0x662787CB,0xF44263B1,0x70EA8624,0x7089A60F,0xA74A824B,
  0x64191635,0xA6D32D7C,0xCCC81C8C,0xE2EC4275,0x9FC0FD76,0xB2439D46,0xFA404474,0x0DA5190C,0xD5FDB5BA,0x23E267DE,0xF421439A,0x45A6C03E,0xB01E2C93,0x52914ECD,0xF5DBCC86,0x69DF2F12,
  0x905B7584,0xE1285C97,0x65E39929,0x4601FEF7,0xD7C32444,0xA4EDBC82,0xE0B1F3A0,0xEC8D459B,0x3B4E61DF,0x7E8B81CA,0x3711F7CF,0xCD329390,0x2C79EF2C,0xE14B7CBC,0x3913D00A,0x7EE8A1E1,
  0xAAEF9B47,0x4662DEDC,0x5EADF8F6,0x9206C451,0xD4641A8D,0xFA23645F,0x3AD7CEE8,0x0FF8A8D9,0x8696746B,0x85526A89,0x5CF04923,0xAA8CBB6C,0x86F55440,0x45C5E015,0x443F6F09,0xFBD9EB43,
  0x5C936908,0xF7867D53,0x4860F919,0xB3DA3271,0xBF85A461,0x47FB71EB,0xE375ED42,0x16AE21C4,0x18CF262A,0x00000000,0xCEF68D72,0xEF495B79,0x388A7F3D,0xA8D10AB9,0x36EB78D3,0xA57413B5,
  0x6A1B31F0,0x023E91FE,0xBC41BA83,0x49F9562E,0x51367004,0x2FBDF1CE,0xD639AB58,0x903855AF,0xBE7F2B7D,0x5308E1FA,0x1AF1B7D4,0xB3B9125A,0xA92B85A5,0x896EDCB2,0x9E3A726A,0xBC229AA8,
  0xD83B8C9D,0x6644A7E0,0x20455917,0xF5B8ECAD,0xB18783A4,0x69BC0F39,0x499A7605,0x536BC1D1,0x7CD6301F,0xC353947E,0xF9845A96,0xED77CA87,0x9C67C3BF,0x21DCF620,0x2D836030,0x72D417DA,
  0x0DC63927,0xEEB3D465,0x7D4F9F28,0xF61FD264,0xC0978A9C,0x2E477ED2,0x3B2D41F4,0x34D5E92D,0x9DFE6C88,0xBDD815B4,0x156A3F26,0x1956891D,0x6A7811DB,0x3970F021,0xCE95AD59,0x14F39011,
  0xD9A223AA,0x84CBC5BE,0x445C4F22,0xDB9CB254,0xE0D2D38B,0x3772D7E4,0x71100938,0x50CCFF18,0x6825A00E,0x4A5E68E7,0x21BFD60B,0x352F6631,0x16CD01EF,0x4BC7C7D0,0x3AB4EEC3,0xC330B455,
  0x6B829EC7,0xCF0C026E,0x0C5F9610,0x01FA8F1C,0xD9C10381,0x8B504D4C,0x647A361E,0x4803D932,0x50AFDF33,0x0F9B88F2,0x4BA4E7FB,0x5D0AC63F,0xC0F4AAB7,0x9E595241,0xA948A58E,0x03C41EE2,
  0x479851C0,0x238147F5,0x5155502F,0x889453AE,0xBFE6844A,0xD7A0046F,0x2DE0401B,0xED14EAAC,0x9FA3DD5D,0xDA051D63,0x68468025,0xF7E55D78,0xA517339E,0x8AAAC250,0x85314AA2,0x84A8E595,
  0x13C0567A,0xEEBF53A7,0x3C49F5F9,0xACE64037,0x3F02B366,0x93E4F351,0x4B402238,0xB9E6A57C,0xF10EF0EB,0xC4BD058A,0xEDF41538,0x5EA3F643,0x54F18174,0x39C20057,0x3FE18256,0x4731D70E,
  0x5B2803ED,0xB357E37B,0xE7A6620F,0xAA26F306,0xB6DC16D5,0x86E4161A,0x4BA31308,0x95244060,0x41F1643F,0x361B82CE,0x00E33130,0x6761F614,0x7D5BA0F6,0xEE5C6297,0xC7F64315,0x838CD284,
  0x52D20375,0xDE875368,0xA96DB599,0x4E28E6A6,0xB0FF94D4,0xCEEF72BD,0x99B68466,0xCD470512,0x6E9BF68C,0x58807442,0xB574617A,0xC7157225,0x5412B044,0x164BA3D4,0xB905944C,0x5D0B81EC,
  0xBAADE3E3,0x685B45BD,0x108B10E5,0x3550C451,0x2C21D42C,0xC8CCF0BC,0xC82FC18C,0xF4663475,0xB597504A,0x7B9B13C7,0x2050211A,0x2CC2E51C,0x2673A31B,0x33734650,0xFBBFB6EC,0x0A527737,
  0x5DE8B0DC,0xFD9C34ED,0x6BF33212,0xF4850545,0x1AD967D2,0x836FE3B4,0xE185E00E,0x5E40C773,0x52313245,0x9F763757,0xD77D53F0,0xC1D5C114,0x61427415,0x1A3A56E2,0xE22D97A1,0x0C71F536,
  0x6782C724,0x9A1EF3C9,0xD436156F,0xE745533F,0x8A95E32C,0xFB5C87DC,0x5BCB32DD,0x57BAC7EB,0xB3B4D24B,0xE2CEA691,0x35B3F561,0xD8A4D169,0x106821D5,0x966F06FF,0xAF4E3798,0x77EAE6F1,
  0x058BF5AE,0x0568C49E,0xF72D72EA,0x64C981BB,0x1F52927C,0xCB648713,0x42BA22A0,0xD847E059,0x15E3D47B,0xA097B501,0xE166D13E,0x034B469F,0xD1BDE0C1,0x7709D7C1,0x25DBD4B4,0xAFAD06A8,
  0xDDCC15F7,0xCB87B623,0x303800CF,0x5759F6DB,0x231B6785,0x480B64A7,0x6D338123,0x3A6A77F8,0x78D05558,0x20B3102A,0x1FB1A34C,0xFED77272,0xBF26164D,0xF245B674,0x519945EA,0x9AFDC2F9,
  0x2A02562D,0x8024A52B,0x6E78C7BC,0x447A9191,0x95C77150,0x091931A8,0x854C61B5,0x7E10E669,0xA5FF719F,0xE40E15A0,0x2538E584,0x06C0B331,0x6DD0B013,0x03A877AF,0xC45E34BA,0xBC6D50D2,
  0x893D9483,0x8C55501D,0xDD2F24C7,0x0AB14607,0x78336468,0x8607272A,0xBA4ED2D3,0xA3DCF39E,0xCDA43422,0xA33FC2AE,0x2F89A383,0xAC057107,0x23F856B5,0xA51C40AF,0x16A892E4,0x29AA2182,
  0x39213167,0x712A55C0,0xEBD79739,0x33907760,0x80C7941B,0x8A76D21C,0xBFC5277D,0xDBEF97F6,0x74A1A06E,0x294910B2,0x06238201,0x7B7822F7,0x68B8748D,0x6B100322,0x62EA03BA,0xDE646258,
  0x7282226F,0x6209328A,0x7442915E,0x0C92C406,0x61A14525,0x1C19D4E3,0x58634572,0x8F1E1682,0xD4D5245F,0x48E85597,0x4D63A039,0xE87FE096,0x2F6A92B3,0x30DB31FF,0x4499A0A1,0x9F950667,
  0xB63F27E5,0x8CB6612D,0x642AB08B,0xEB34A609,0x89DEA5B3,0xBC8E61E2,0x9307C261,0xC136F024,0x8FFD27B2,0x1971107D,0x47D2E63E,0x1CFAE5D3,0x4D809109,0xC27DB6BB,0xD2F6A65E,0x2AE1671D,
  0x968C37CF,0x7DB891C6,0xF817C143,0x42591390,0xED172408,0xAAC5C236,0xD15ED1F1,0xCE0C438D,0x36F8B3FE,0x0FD98299,0x9955B556,0x85AF5085,0x7261135F,0x9CDE40F8,0xF8F4F073,0xA6570630,
  0xF7CE43DA,0x00000000,0x0F3AB3A9,0xE4ED2490,0xB01CA5E4,0x4112550F,0x904C84FE,0xC29E878B,0xF1EDC1DB,0x1323674A,0x7EF3D759,0x1500E54B,0x3A8946C8,0xF2A68744,0x9C3D71C8,0xD79E62C0,
  0x71C964F0,0xD215976E,0xA6B43700,0x1992214D,0x2690922B,0xFD7F05DD,0x517A74DA,0x3CAAC4C9,0x4ECBD796,0x09FA0098,0xFE344342,0xA98E84A9,0xA0748431,0x90AFB5CE,0xE89CD1A6,0xDB0CA6C6,
  0x9AC9EA59,0xC82875B0,0xB74287CE,0x37EB994D,0x3541F273,0xB9E4DC00,0xDCEEDAA4,0x6B64C279,0x98D920DA,0x820375BD,0x650A06A4,0xAFFA2684,0xBB86282D,0xB52073E3,0xD2F220D7,0x71BE971E,
  0xDE368F34,0x73AE5D9D,0x46EFAFEE,0xF3757DB0,0x6B16FCD7,0x5293A147,0x393FFC2D,0x73DC6333,0xD248816A,0xA15C7D4A,0x0E6EC4DD,0x3B5D0800,0x5CFD659A,0xB5E8ECF0,0xC85A4B1E,0x0CB6914D,
  0xEBBFE254,0xC646B16D,0x8E7D7BE3,0x5039CA79,0x9ABBD4F7,0x80A91E83,0x5C35FA89,0xC892D40D,0x375138F0,0xF307431E,0xF165B733,0xE915896A,0x71CCA9B0,0xA12E43E4,0xB730B960,0x7D7A38FD,
  0x3B959713,0x232D3659,0x6768F289,0xFDD3267E,0xAF408739,0x39855D90,0x8013BF3E,0xF1DF168E,0xF117899D,0xE7C1EC0A,0x96C5DAA9,0x67D25334,0x394DC283,0xD090D4FA,0x239797E4,0x3723065E,
  0x8EC7DA5E,0x6BAC5D6A,0xD0E2EA54,0x2F533807,0x44FF656D,0xFD1BB96D,0x8CD710DD,0xB78A18DD,0x1A60F4DA,0x671ACC27,0xB92C4313,0xCA4A819D,0x5EEDAF19,0x525B3E54,0x0262F42D,0xAD227314,
  0xFDA118D0,0x235F08F7,0x8C1F8FCE,0x65B0A719,0xEBCDDCFA,0x7F18CCD0,0x52E19FE9,0x18703E59,0xBB4EB73E,0x00000000,0x967F7B14,0x9811BFC9,0xE519B99A,0xA38428DA,0x462730FD,0x7DC09940,
  0xFF0B73EE,0x2D43F284,0x96B7E407,0x98AB1E74,0x23E5A94A,0xE9DD1679,0x2D31CC2A,0x0210CA83,0xBBF41683,0x0EA65BCE,0x960D45BA,0x213DFCDA,0xF3BDE2A3,0xADEAEC07,0xE5A31827,0xD23ABFC4,
  0xCA821E8E,0x7176080D,0x5E570EA4,0x0E1CFA73,0x0C7E0E5E,0xC6FC10D0,0xDC2645B7,0x4A2B000D,0xA3F61674,0x483BCA8E,0xC4ECDA53,0xB5524D4D,0x8C6DB160,0x4AE39F1E,0xC49EE4FD,0x4445C4D0,
  0x9A734BE4,0x4849F420,0xA33E8967,0x0CC4AFE3,0xE5D12689,0x80618190,0xAF88182A,0x522900FA,0x0C0C30F0,0xD02A7547,0x1ADA5567,0xC68E2E7E,0xB7F82673,0x2FE999BA,0x94D5102A,0x82CBEAAE,
  0x2DF95339,0x69CEA947,0x214FC274,0x02AA6B3E,0xC6348FC3,0xE7097319,0x35896D60,0x16A45B39,0x3BE7A9BD,0xC8E0EAA3,0x946FB197,0x35FB53CE,0x5E25300A,0x69063654,0x2D8B6D97,0x50836BC4,
  0x18B8A14A,0x4437FA7E,0xBB3C8990,0x46550E53,0xB59AD25E,0x710436A3,0xB996E2AE,0xDE44B19A,0x504BF4D7,0x67A06D9A,0x1AA86BC9,0x16D66597,0x18CA9FE4,0x1A12CA74,0x4A91A1B0,0x82714B13,
  0x469D9140,0x3B2F36AE,0x48816B33,0x2F2106A9,0x7D080653,0x697408FA,0x2F9BA714,0xE56B8734,0x98638167,0xCA38BF33,0x161EFA84,0xEB0543E9,0x94A72E84,0x7FA26D6D,0xF1AD2820,0x8EB5E4F0,
  0xCAF02020,0x180200F7,0x8CA52E73,0x6BDE63C4,0x7366C28E,0xC4244540,0xB95E7DBD,0xAF32B997,0x4A593EA3,0xAD504DBA,0x02D85590,0x448D5BC3,0x21875D67,0x7314FC20,0x147C0EA9,0x50F1556A,
  0xDE8C2E89,0xFFC3ECFD,0xE77B4DB7,0x82B9D400,0x5E9F91B7,0xE7B3D2A4,0xDC547B19,0x69BC97E9,0x7F6AF27E,0xC4567BEE,0x00723EAE,0x7FD053C3,0x3799A7E3,0x166CC42A,0x9A01754A,0x3533CCDD,
  0xDC9CE40A,0xDEFE1027,0x7DB2A7EE,0x8E0F454D,0xA1E6DCF7,0x00C89F13,0xD2801E79,0x5C8F5B34,0xFD6987C3,0x140E3007,0x21F563C9,0xA194E259,0x0ED46560,0x14B491BA,0xEB777D47,0xFFB1D253,
  0x80DB202D,0xD0584BE9,0xA34CB7C9,0xFF794D40,0x00BAA1BD,0xF3CFDC0D,0x65C299B7,0x14C6AF14,0xAD98D2A9,0xE967B7C4,0xE9AF28D7,0x39F7633E,0x48F3559D,0x6578380A,0x5C47C427,0x941D8F39,
  0x5E263F0F,0xAEA90829,0x8788CF93,0x625ED969,0xE9D02FD4,0x252637E7,0xB8BF4209,0x5D689D80,0x1CCF96CF,0xC5616653,0x1F813440,0x4DA13261,0x06DE2CB2,0xC3BF4AE1,0xB1283C69,0x1A10730E,
  0xF08F3726,0x5221CF52,0x8156E321,0xE6997D06,0x9D9975EE,0xC62E0DAF,0x6D178BBB,0x26689568,0xA2AF3107,0x0AD8159C,0x7E9086D5,0xFFC7AC87,0x44378572,0x6111B295,0xDF71155D,0xCCF61833,
  0x625F101A,0xE04698C7,0x4B7ED7A0,0x23F9D226,0x477927FD,0xA73FBF3A,0xFFC665F4,0xD6E7A24E,0x13870D6E,0x5D6954F3,0x58F9DACE,0xA4711DB5,0x36A0F3FA,0x44364C01,0xDAE05213,0xD0398EFC,
  0x41A6C23C,0x92D1EE4F,0x3AA6CAD4,0x5BB6B132,0xA2AEF874,0x7296BFFB,0x74489349,0x20B6B9DA,0x2A6F6535,0x71D9D407,0x9B46902F,0xFC88C77B,0x71D81D74,0x4830752F,0xA1E19388,0xD6E66B3D,
  0xE309F33B,0x10C86692,0xE698B475,0xD5A900C1,0x516EA4AE,0xDF70DC2E,0x4EEF90EE,0x4EEE599D,0x7E914FA6,0xE3083A48,0xC62FC4DC,0xF9198035,0x9ED7D761,0xF08EFE55,0x919F4CC0,0x1F80FD33,
  0x67CF9E27,0xBE60A7C8,0xD5A8C9B2,0x64813CA8,0x155921DC,0x1A11BA7D,0x9740A901,0x52200621,0xEA9F4428,0xB7F610DB,0xBBF1E086,0x4DA0FB12,0x7707F8B5,0x61107BE6,0x195F18F2,0xB2669EE6,
  0x81572A52,0xD9AEF09C,0x16164A20,0xB129F51A,0x3F378D9A,0x57B1416F,0xF9184946,0xD038478F,0xDC3E7EA1,0xB8BE8B7A,0xB7F7D9A8,0xCA29FDF2,0xC966960E,0x84C66D1C,0xB4B97B27,0xA876EDE8,
  0x034EA28F,0xC9675F7D,0x0F4952D2,0x6D1642C8,0xBD2FCC34,0x3AA703A7,0x16178353,0x10C9AFE1,0x6E592934,0x940FC2FD,0x2CB080F4,0x516F6DDD,0x4831BC5C,0x940E0B8E,0x3C78E666,0xA877249B,
  0x2FFE227B,0x6BC86E7A,0x36A13A89,0x0C06392E,0xFC890E08,0x33307DC7,0x67CE5754,0xFA56EBC9,0x4B7F1ED3,0xF3C05CDA,0x0AD9DCEF,0xBE616EBB,0x68870586,0xEF0E0366,0xCFB8BABC,0x7DDFED29,
  0x2A6EAC46,0x0001C973,0x8E1E7880,0xADE7AAA6,0x09977E60,0xC0F1E86E,0x42E860B3,0xDC3FB7D2,0x20B770A9,0x8E1FB1F3,0x23F81B55,0x00000000,0x7B01C19B,0xC0F0211D,0x980832A0,0x97416072,
  0xF650D2E7,0xFA5722BA,0x307EDF48,0xA1E05AFB,0x034F6BFC,0xCA283481,0xD9AF39EF,0x88C05432,0x821841AE,0xC560AF20,0x57B0881C,0x784F6314,0xEC40A1E9,0x3331B4B4,0x821988DD,0x39E9A128,
  0xBBF029F5,0x0C07F05D,0x2527FE94,0x72977688,0x3F3644E9,0xBD2E0547,0x6480F5DB,0x41A70B4F,0x8B8F3FCE,0x2FFFEB08,0x35EE5175,0x770631C6,0x29200EC9,0x1386C41D,0x88C19D41,0x6BC9A709,
  0xE5D7DF89,0x7DDE245A,0x92D0273C,0x9B47595C,0xE9D1E6A7,0xDAE19B60,0xC3BE8392,0x9D98BC9D,0x74495A3A,0xF3C195A9,0x58F813BD,0x26695C1B,0xE5D616FA,0xA470D4C6,0xF51FB91B,0x8D50DA0F,
  0xADE663D5,0x54FE2A93,0xF51E7068,0x6E58E047,0xA73E7649,0xCCF7D140,0x784EAA67,0xAB384F67,0xAEA8C15A,0xCFB973CF,0x919E85B3,0x8B8EF6BD,0x39E8685B,0xB2675795,0x05908E3D,0x5BB77841,
  0x42E9A9C0,0x1558E8AF,0xE04751B4,0x35EF9806,0xD3772C73,0xEF0FCA15,0x307F163B,0x9809FBD3,0x9ED61E12,0x5E27F67C,0x0996B713,0xF6511B94,0x4778EE8E,0xB4B8B254,0x06DFE5C1,0x2921C7BA,
  0x1CCE5FBC,0x2CB14987,0x195ED181,0x0F489BA1,0xEC41689A,0xEA9E8D5B,0x878906E0,0xD376E500,0x54FFE3E0,0x6886CCF5,0x3C792F15,0x84C7A46F,0x7B0008E8,0xAB398614,0x0591474E,0x8D51137C,
  0x7C5C2312,0xDB01DCA8,0xE9A27860,0x099E2109,0x25526D68,0x6077ACA3,0x208F79F5,0x0834A9E4,0xD945BBB0,0x664457CB,0x6A07625F,0x513AE79E,0x7FB2CCE7,0x782BBF62,0xF6671824,0xCEB47210,
  0xFC17D6D8,0x41525DBB,0x6233CBBB,0x7A6FD87A,0x7E18440A,0xC4C4BCEC,0x141F2655,0xDF7640D8,0x9454D39F,0x5E973DFF,0x1FC56044,0x68430547,0xB2E85102,0x48CC7CB2,0xC72A5319,0xDEDCC835,
  0x165B414D,0x0BDA4611,0xD742E93C,0xB342D9EF,0xA280EB27,0xCCF01508,0x1D81075C,0x185C13C1,0x0DE9BD79,0xE03C5969,0x2CCC4C61,0x8DA248B3,0x63994356,0xF1FE6BA1,0xFFF9392D,0xB106BEF7,
  0xDC98AF2D,0x5B4A2962,0x1068BA25,0x353AD74D,0x4EFF87DA,0xEA4C9795,0x1BB2FC34,0xAEC3DEB3,0x24F8E585,0xB4DBAA6A,0x4F550F37,0x701F1686,0x07997385,0x2AFFB709,0xF2108454,0x86780EA2,
  0x69E98DAA,0xD5068E24,0x23619600,0x3979E2D9,0x93CDA01A,0x15B5AEB8,0x67EEDF26,0x71B59E6B,0xAB1ECA2E,0xA95AAD36,0x0E07528C,0xCB69668D,0x820F92D2,0x4CBBE0C2,0x138655D0,0xA8F025DB,
  0xA0C48C3F,0xCD5A9DE5,0x9817E60B,0xEDD5E410,0xEF918308,0x36D438B8,0x75C2021B,0x87D2864F,0xE2783E71,0xD1711254,0x1A1874D9,0x73F1F973,0x58A4C697,0xA16E04D2,0xFB8EA55D,0x537E8086,
  0xC92D0195,0xC0B3209C,0x7981378F,0x2E882B79,0xE808F08D,0xEC7F6CFD,0xE44BC519,0xEBE61F78,0x46CB2E3E,0x725B719E,0x9F8E958E,0xBB76700B,0x0FADDA61,0xE60FA201,0xF054E34C,0xAF69565E,
  0xEE3B0BE5,0x43163AA3,0xF3BA0CB9,0x6C349937,0x9C607A7B,0x74688AF6,0x28BBD011,0xBCEF038E,0x03EEEFF5,0x590E4E7A,0x2D66C48C,0x887F5C2E,0x3D0E7EA9,0xC8878978,0xA51998A2,0x926728F7,
  0xC56E3401,0x5CD35AE7,0xB69FCD72,0x57091CF6,0x2B553FE4,0x8B91B3DB,0x122CDD3D,0x314D4B3D,0x6D9E11DA,0xF8604AA8,0xA32A63CA,0xE7A52AEC,0xD29FFDA1,0x3EE0915C,0x34905FA0,0x804BF5CA,
  0xC680DBF4,0xF4237F3C,0x56A3941B,0xF9CAC245,0x61DD244E,0xBEAB6496,0x19F69B2C,0xB8989FFE,0x01AA88ED,0x52D4086B,0x89D5D4C3,0xB9321713,0x26BC829D,0x3A970D2C,0xA4B3104F,0x33092C25,
  0x0C433594,0x9610B487,0xA75DFFBA,0x4966F45F,0xDAAB5445,0xC119A871,0x3F4A19B1,0xFE53B1C0,0x95FE5B72,0x6BADEAB2,0xC2F74784,0xE5E14DF4,0x3B3D85C1,0x11C232C8,0x0633FB68,0x4D11682F,
  0x5AE0A18F,0x27160A70,0x9189C702,0x42BCB24E,0x4525C1CB,0xD6E861D1,0x99BD6EE6,0xB0AC361A,0x97BA3C6A,0x4B229347,0x54E7F303,0x5F3DB512,0x17F1C9A0,0x6FDA76C2,0x9BF909FE,0xD4AC06C9,
  0xAC87B9AB,0x5D79D20A,0xE3D2B69C,0x83A51A3F,0x00000000,0xF7CD90C9,0xBD458B63,0x8C08C05E,0x640030D3,0x1E6FE8A9,0x291158FC,0x1C2B8FB1,0x4A881BAA,0x77866503,0xCAC3EE60,0x2125F118,
  0x6E70FE2F,0xD8EF335D,0x9E241D63,0xF589F7D1,0x3CA4F644,0xAD2D3146,0xD335754C,0x02446718,0x05DD149D,0x04779C70,0x30E7C3D0,0x22CB1EED,0x8A3B3B36,0xA6F77757,0x8E4CA746,0x7DF6ABFF,
  0x448F4926,0x50906F73,0x762CEDEE,0x90234FEF,0xC35DCF69,0xDD3227C0,0xB735459F,0xE196D184,0x65AAB83E,0xB5712287,0x4761A6D3,0xBADCF8E6,0x554D7BEE,0xD0DB9AB9,0x40F8D556,0xAAB442C3,
  0x9DCAF296,0x377EB055,0xFA242DB0,0x2F22A394,0x32A3A4C8,0x8596E157,0xBF01EC7B,0xFDBD5E35,0x9A538113,0x38D36A34,0x843C69BA,0x7BC55097,0x0A70CEFC,0x81E17D27,0xCF1EFAFD,0x8FE62FAB,
  0x2FFF38FC,0xADEAC1F9,0x8CE2A173,0xB2C464F6,0xB4A38CAD,0x2589D237,0x00000000,0x083109A0,0x171FACAF,0x3C9A5EC1,0x38BA55F1,0xB0223E10,0x38E09453,0x0C4BC332,0xBC92850D,0x8C4318FE,
  0x34502F4E,0x84896971,0xAF565ABD,0x2939692A,0x1BF5D610,0x8CB860D1,0x95F12D85,0x29C21105,0x340AEEEC,0x25D31395,0x1F8F1C82,0xBAAFACF4,0xA931B2E6,0x1BAF17B2,0x139E1E12,0x1B0EAE3F,
  0x2963A888,0x19138CF6,0x91D126B5,0xB61F17E9,0x234F83E1,0xA347582D,0x86944BB8,0x36B675A8,0xB849F612,0x2794F0FE,0x9D9AE587,0xAFF7E330,0x2B7E8A41,0xBAF56D56,0xA9900B6B,0x326D06B7,
  0x0CEA7ABF,0x2108608A,0x1DC8FFE9,0xA73D92BF,0x381BEC7C,0x9FDD06EC,0xB8B28E3D,0x9BFD0DDC,0x3EDDBDAA,0x2DB8DB97,0x8EFF83BA,0x2F5E8171,0x276F88D1,0x0C110290,0x97EC0F4C,0x2152A128,
  0x866F3397,0x25286BBA,0xB083879D,0x17E4D480,0x11D9FD79,0x912A5E9A,0x9BA7CC7E,0xB6BEAE64,0x0481B2BD,0x95509408,0x86CE8A1A,0x80521A6E,0x8EA54218,0x8472115E,0xBED56666,0x19494D54,
  0x8008DBCC,0x2572AA18,0x991B573A,0x21A9D907,0x23154243,0xAB2C902F,0x27354973,0x9D3B5C0A,0x3A06CEB5,0x0E0C2059,0xA520B076,0x3AA77738,0x97B6CEEE,0x1D923E4B,0x9F7CBF61,0xA3E6E1A0,
  0xBE2E1E49,0x950A55AA,0xA1FBC369,0x2F0440D3,0xBC69FD22,0xB645D64B,0xA58109FB,0x0A2C2B69,0x23B4FBCE,0x19E8F4D9,0x069C9074,0xB0D9463F,0x3617CC25,0x2FA5F95E,0x06C651D6,0x38412DDE,
  0xBC333C80,0xA7C6EA90,0x21F318A5,0x3A5C0F17,0xA767531D,0xB078FFB2,0x34F196C3,0x047ACA92,0x0CB0BB1D,0x3E7C0427,0x8A24F0A5,0x19B2357B,0x2BDF33CC,0x88C2AA43,0x0E56E1FB,0x0A76EACB,
  0x80F3A3E3,0x8A7E3107,0x3C6126EE,0x2DE21A35,0x11228556,0xBA54D4DB,0x308B5C51,0x82EE812A,0x2D43A3B8,0x9DC02425,0x1FD5DD20,0x936DBDF1,0xB4F94D0F,0x364D0D87,0x08CA718F,0x8A854928,
  0x0247E36B,0x02BC9B44,0x2D19621A,0xABD7E800,0x00FB782F,0x17456D0D,0x8E04FB95,0x021D22C9,0x0A8D92E4,0x36ECB40A,0x8ADF888A,0x974DB6C1,0xA9CACAC9,0x9F87C74E,0xAD4B7874,0x8839D26C,
  0xA100BB46,0x8428D0FC,0x117844F4,0xAF0C9B1F,0xBCC844AF,0x34AB5761,0x1D3387C6,0xA79C2B32,0x91709F38,0x82B44088,0x1D694664,0x93CC047C,0x9B0675F3,0xA57A71D4,0x886313CE,0x3070247E,
  0xB29EA554,0x23EE3A6C,0x2B244BE3,0x02E65AE6,0xB23F1CD9,0x11833CDB,0xB8E84F9F,0xA5DBC859,0xADB0005B,0x9F267EC3,0x2998D0A7,0x086BC802,0x32967E98,0x95ABEC27,0x30D19DF3,0xB458F482,
  0xB81337B0,0xBE74DFEB,0xBE8FA7C4,0x00A1B98D,0xA96B7344,0x1B546F9D,0xB6E46FC6,0x8215F905,0x15F9F649,0x133FA79F,0x8C19D95C,0xB4023520,0xAD11B9D6,0x824F38A7,0x97177763,0x04200B30,
  0x0EAD99D4,0x88986BE1,0x3AFDB69A,0x8E5E3A37,0x27CE315C,0xBA0E1579,0x3237C715,0x15A337EB,0x15028E66,0x99419698,0xA3BC2002,0x9B5CB451,0x3C3BE74C,0x1F2EA50F,0x3CC09F63,0x302AE5DC,
  0xA15A7AE4,0x99E02F15,0xAB76518D,0x32CCBF3A,0x99BAEEB7,0x8635F235,0xA1A102CB,0x0EF75876,0x0890B02D,0x80A96241,0x04DB731F,0x0667E85B,0x1365663D,0x15584FC4,0xAB8D29A2,0x3E26C585,
  0x9D619DA8,0x2B85F26E,0x9396C5DE,0x84D3A8D3,0xAFAD2292,0x005AC1A2,0x063D29F9,0x918BE717,0xA31D998F,0x1F7464AD,0x13C4DFB0,0x0AD75346,0x17BE1522,0xB265DD7B,0x93377C53,0x3E877C08,
  0x4864D065,0x32D60155,0x48FE8CB7,0x7C3B9145,0x2AEC1C76,0xC9F5D82D,0x3033C0F2,0xCC9B7C6A,0x564DD1E1,0x621290C1,0x1A458056,0x79CF69D0,0x861A6DA8,0xAF1195EC,0xFE4D7D3F,0xFED721ED,
  0x355D64B5,0x532375A6,0xD43B3D9B,0x667E1113,0x28938103,0xE0FE2069,0xA800ACDE,0xABE748EC,0xD4A16149,0x2A7640A4,0xFFD50478,0xCEE4E11F,0x2DFD2544,0xE166592E,0xE0647CBB,0xB347091D,
  0xAC6C2D0C,0x505ECD46,0xCFE6C48A,0x84FFAC0F,0x98336C2C,0xD228213C,0xE7754589,0x2F82B831,0x6310B554,0x9D5DC86B,0x993149B9,0xAA7F31AB,0xD32A04A9,0x05F4F895,0x55AA35D3,0x52BB0CE1,
  0x8567D548,0x8374C9EF,0x649BD0B4,0xCD03052D,0xE677601C,0xCD9959FF,0xACF671DE,0xE492A1BB,0x1C569CF1,0xE408FD69,0xB6B3F188,0x60F75166,0xE21BE1CE,0xFF4F58AA,0x67E66854,0x878214EF,
  0xD15599DC,0x18A041F1,0xC8F7FDB8,0x7B2AA877,0x99AB156B,0xAE13B079,0x82ECB0A8,0x57D5A8A6,0xD057BC49,0x078B65E0,0x7CA1CD97,0xB1A2C8BA,0x2E809DA4,0x2809DDD1,0x03E7E432,0xB456302F,
  0xB3DD55CF,0x2BEE39E3,0x78571097,0x55306901,0xD5A344DC,0x7F4629A5,0x1D54B964,0x4C920D65,0xD7DCD9A9,0xD539180E,0xD3B0587B,0xA89AF00C,0x56D78D33,0x4E77CCC2,0x056EA447,0xADF4544B,
  0xE319C45B,0x1E290184,0x7EDE50E2,0x54324C94,0xC96F84FF,0x7A288DE2,0x2C655C03,0xCA123C1F,0x52215033,0xFCA8BC98,0x98A930FE,0x7D39B4D0,0xD6DEFC3C,0x53B92974,0x9F22551E,0xCA8860CD,
  0xCF7C9858,0x4C0851B7,0x00000000,0x64018C66,0x35C73867,0xAF8BC93E,0x01987947,0xB1389468,0x4F75E957,0x183A1D23,0xAB7D143E,0x8009710F,0x7AB2D130,0x334E7812,0x50C49194,0x2D677996,
  0xB2452C88,0x1FB178C3,0x61F574F3,0x02E5C1A7,0x9B4ED4CC,0x49FCA922,0x009A5CD2,0x6599F521,0xFB23D978,0x30A99C20,0x810B549A,0x3131E567,0x345F4120,0x01022595,0x8718483D,0xF85E6198,
  0x66E44DC1,0xF9C618DF,0xB7B1D41D,0x9BD4881E,0x2991A496,0x79553502,0x4FEFB585,0x290BF844,0x06894075,0x677C3486,0xD1CFC50E,0xB0A0ED2F,0xE590842E,0x19A26464,0xFDAA990D,0x7E440C30,
  0x51C6B401,0x4B196885,0xB72B88CF,0xF95C440D,0x8465F0DD,0x7DA3E802,0x4D0A7422,0x8276EC7A,0xB2DF705A,0x1EB35D56,0x2CFF00D1,0xB55415BA,0x78CD4C45,0xF8C43D4A,0xB5CE4968,0xFABBA03F,
  0x4D9028F0,0x6288CC13,0xD2B27DEE,0x9A4CF159,0x4966F5F0,0x3722F9C0,0xA902894B,0x81910848,0x31ABB9B5,0x85FD899A,0xE281BD1C,0x638AE986,0xE6ED3CCE,0x193838B6,0x9FB809CC,0x4EED9010,
  0x2F18E4E3,0x9AD6AD8B,0xD746857B,0xCB8A4558,0xAE89ECAB,0x324C5D87,0xC86DA16A,0x9C5FEDFE,0x36BA8087,0x616F2821,0x2B746531,0x515CE8D3,0xB03AB1FD,0x8680317A,0x4B833457,0x7BB0F4A5,
  0xB4CC6CFD,0x574FF474,0x1CCCC023,0xD644A0EE,0x3620DC55,0xFBB985AA,0x04F6DD00,0x33D424C0,0xE50AD8FC,0x4A1B4D10,0xE3839889,0xAAE56D79,0x9CC5B12C,0x1BDDF911,0x037DB8E0,0x1F2B2411,
  0x9E20708B,0x6503A9F3,0x9DC794B9,0x027F9D75,0x1DCEE5B6,0x83EE953D,0xA998D599,0xCE7EBDCD,0xCC0120B8,0x07113932,0x2E1AC176,0xFC32E04A,0xE7EF195B,0x4A8111C2,0x606D0DB4,0xFD30C5DF,
  0x1B47A5C3,0x54A81046,0x34C51DF2,0x046C81D2,0x06131CA7,0xE1FC05FC,0xAD6E0899,0x37B8A512,0xD0CDE09B,0xCB10198A,0xFA21FCED,0x7FDC7577,0xB629AD5A,0x1ADFDC84,0x80932DDD,0x9EBA2C59,
  0x1689411A,0x6F055B97,0xD18FB10F,0xDC7CAE00,0x898A48F9,0xEA737FDC,0xCABF4365,0x78836930,0xA40C518B,0x360FD1DC,0xC74C5C6A,0xEB36A01E,0x4270D45E,0xEACA4518,0x930CF3EA,0xBE33D05C,
  0x423A7821,0xC7BFCAD1,0x847957F6,0x540A03FF,0x3700A261,0x8585B2F0,0xA5BA18F2,0x6E408455,0xA5F0B48D,0x798C1A8D,0xDD804B06,0xF10921C9,0x63B39B5A,0x21C34F04,0xD1368BCB,0xDC8F38BB,
  0xF04CFE0B,0x9FF09F58,0x1B30F26A,0x8876ADFF,0x624F7E5C,0xD17C27B4,0xC706F015,0xCB090A1C,0xA8BA9146,0x62F64498,0x20CC3CB9,0xA90CD83F,0xE7395A17,0x9EFFECE5,0xFD06DBC0,0xB33359E8,
  0x554FDC3D,0x37B998A5,0x203FAA02,0xEB7C0C61,0x0DF31F0F,0xD039F876,0x00B93AC4,0xCBB030D8,0x8433FB89,0x590A8A4B,0x59B3B08F,0xA9467440,0xFDBFE104,0xDD3971C2,0x0D4A25CB,0x1A86BB13,
  0x93465F95,0x4E358228,0xE78060D3,0x16C3ED65,0x167AD7A1,0xC6432FD7,0x4F3AF195,0x4F705DEA,0x4FC9672E,0x753ADA40,0x6F4FF7E8,0xCBFA9CA7,0x2D3F23B6,0xBE8AEA98,0x1ACC176C,0xBF859925,
  0x36B6EB18,0x63400DE1,0x0C455676,0x848AC14D,0xEB8F9ADA,0x4F83CB51,0x173F0863,0x3AB91111,0x59402634,0xF0BF68B0,0xFCFA3EC6,0xDDCAE779,0x6EB312EE,0xBE797C23,0x9F0309E3,0x3BFCCED3,
  0xBEC046E7,0xFDF54D7B,0xBF3CA3E1,0x63F93725,0x55F6E6F9,0xDCC594C4,0x0145DFC2,0x7870FF8B,0x0D0089B4,0xDC36027F,0xDD73DDBD,0x9F49A59C,0x92BABA93,0x2DCCB50D,0x1BC364D1,0xE67C85D5,
  0x0CFC6CB2,0x438C3158,0x75C94CFB,0x42C9EE9A,0x6205D223,0xFCB092B9,0xE773F668,0xBF760F9E,0x0CB6C0CD,0x3A4A87AA,0x1B89C8AE,0xCA4CD5DE,0xB23C2A55,0xB2851091,0xFC430402,0xA5498E49,
  0x3B0F5868,0x7435A9FD,0x55BC4A86,0x4E7F2E57,0x883C0180,0x88CF973B,0x3BB662AC,0x00000000,0x59F91CF0,0x55057042,0x7583E084,0x43350B9C,0x437FA7E3,0x2130D9BF,0xA9FF4E84,0xB379F597,
  0x17CC9ED8,0xE7CACCAC,0x4EC61493,0x79352049,0x2C7AFC74,0xF1FAB772,0xCB43A663,0x9FBA3327,0xEA39D3A3,0x85CF1E8F,0x0C0FFA09,0x8933723D,0x93FF6551,0xA446FDF4,0x747F0582,0xA84907FD,
  0xD1C51D70,0x2CC3C6B0,0xCAF5EF1A,0x8576244B,0x584F5589,0xB2CFBCEE,0xC7F566AE,0xB276862A,0x2D861972,0x2C30500B,0x9EB5409A,0xC60983A8,0x6E0A282A,0x8979DE42,0x58BCC332,0x43C69D27,
  0x7570763F,0xA4FFC730,0x208690C6,0x4E8CB8EC,0x01B64979,0xA4B56B4F,0x1B7A5E15,0xA9B5E2FB,0xB38A632C,0x9E46D621,0x93B5C92E,0xEBC536A5,0x217A75C0,0xA803AB82,0x1775A41C,0x3A002BD5,
  0x6FBC6153,0x37F334DA,0xD080C2B2,0x92038057,0x00F396BB,0x6FF6CD2C,0x2D758FC9,0x797F8C36,0x783A53F4,0xFD4C77BF,0x88853B44,0xD0735409,0x92492C28,0x89C0E486,0xB3C0CF53,0x74C63F46,
  0x0DB9B370,0xEA80E967,0x92F016EC,0x3B45F417,0x01FCE506,0xD0CA6ECD,0x2189E37B,0xCA0679A1,0x84C06D32,0x010F73BD,0xE68F136E,0x853C8834,0x2C896ACF,0x5805F9F6,0xBFCF355A,0xE63629AA,
  0x1A3F81D7,0xF1438DB6,0xF1B01B0D,0x1A752DA8,0xA8F03D39,0x36FC4767,0x9E0C7A5E,0x62BCE8E7,0x5440AF80,0x374A0E1E,0xF0065274,0x58F66F4D,0x16307BDE,0x2075067D,0xC6B0B96C,0x3AF3BD6E,
  0xA5032236,0x54F99544,0x630AA19E,0xF0F5C4CF,0x178632A7,0x428342E5,0x78C9C54F,0x004AAC7F,0x79C6B6F2,0xC6FA1513,0x36457DA3,0x748C9339,0x54B3393B,0x6EF9BE91,0xFC09A87D,0xE6C5BF11,
  0x1EC47521,0x60772731,0x3EF23E27,0xA0EDD3BB,0x06C50E40,0xB2CC7FBB,0x80DB98BD,0xB03C5E71,0x7663A4BB,0xBAC876C3,0x2CD39227,0x3AC711AD,0x98DAE3DC,0xEA58973E,0x8A2FB00F,0x843A48E4,
  0xDCAEA061,0xF8ADC4ED,0x2E23B3ED,0xDABF51F2,0xAACD04DA,0x8CEABE4F,0x48919A9C,0x4E806B0F,0xF07D3246,0x18D584B2,0x9CEFCC56,0xB8385709,0x3CD6E03E,0xE6BD4E1F,0xB62DAFE2,0x38E3CFB4,
  0x0611F193,0x6A57F050,0x50441E2E,0x1E108AF2,0x0C3126F2,0x1AF15AAB,0x8E1A9F85,0xA6FC2228,0x447443BD,0x5C7538DC,0xD47E56CA,0xF4481DCC,0x44A0BC6E,0x86CA692E,0xCCABD278,0x9AFE3DC5,
  0x3217E706,0xF8793B3E,0x96CF1B37,0xCA6EDC38,0xBE29A69A,0xD89B8FEB,0x88DF91C5,0x46846277,0xC09AF48A,0x5A64C94F,0xB0E8A1A2,0x14E4A240,0x0224DE19,0xA4D8FC31,0x8ECE6056,0x76B75B68,
  0x16C07C59,0x4265B22E,0xFA5DE527,0xF66CC3D5,0x4CA4B516,0x3A13EE7E,0x7E67ADC3,0xD4AAA919,0xD26FA759,0x28E6BDAD,0x5090E1FD,0x34061695,0x728274E2,0xAE2CD483,0x08D0F6AB,0x82FF46A4,
  0x68A7D19A,0x900A1577,0x00000000,0x78765C50,0x644208BB,0xD09F8693,0x7C4373DA,0xC4AFDB00,0x08040978,0x6666D6A2,0x10D18DCA,0x60A3D8E2,0x6C4601C3,0x1614838A,0x3622C88C,0x547131A4,
  0x2AC263B4,0x3033391F,0x30E7C6CC,0x10057219,0x7A867D9A,0xACDCF549,0x84EEB737,0x38373067,0x00D4FFD3,0x58401756,0x4845654F,0x92FA34BD,0x9A2AC216,0xE87C4927,0xCE5BF3B2,0x78A2A383,
  0x20E2B4D5,0x2627BA95,0x880B6E16,0xDC7A5FB2,0xEA8C68ED,0x861E96FD,0xDA6BAE21,0xC65FFACA,0x5894E885,0xBCD98750,0xCE8F0C61,0xDE8A7E78,0x1221AC00,0x2212951F,0xBC0D7883,0x628706FB,
  0x1C3454EB,0x9E1FED9C,0xE0ACBF8C,0xC2BE2A93,0xF6B83C06,0x6253F928,0xBA1C8910,0xD2BB588A,0x0AF428B2,0x14305D93,0x2832427E,0x52B43FE4,0xDE5E81AB,0xBEFD5949,0x04E1D059,0x0CE5D921,
  0xEC4966AD,0x0A20D761,0xE4999006,0xB4DD8E28,0x2C076DF4,0x800F676E,0xA2C90DA2,0x1CE0AB38,0xF259EC5F,0x8AFB4FDC,0x6A830F83,0x20364B06,0xFC98EB67,0x4C704AC5,0x5E851916,0x74477AA2,
  0x5CA1C70F,0x3E26C1F4,0x922ECB6E,0xE44D6FD5,0x9ECB124F,0x7A528249,0x5655EFBD,0x04352F8A,0x70A6AAFB,0xD84F7038,0x4AB54485,0xA40C03E2,0x18017B61,0x2A169C67,0x6EB62009,0xE8A8B6F4,
  0x9C3B3385,0x94EBC52E,0xB6F95031,0xC89EFDF2,0x943F3AFD,0xA21DF271,0x5E51E6C5,0xC26AD540,0x72568B31,0xE078405F,0x7C978C09,0xB8ECA8DA,0x6496F768,0x1A25A578,0x02F021CA,0xAC080A9A,
  0x22C66ACC,0x5260C037,0xEC9D997E,0xB2188068,0x8C3E419C,0xAEF82B50,0xF49CE21F,0x42B14DFD,0xF0A9CD95,0x0E15F8EB,0xCC7F2DAB,0x7EB35210,0xD68E7700,0xE25C9E46,0xEE6DB8B4,0x54A5CE77,
  0xFE68CAAD,0xA0392C68,0x4E5494DC,0x961BE4E4,0x2403648C,0xF28D138C,0x34D2E946,0xD65A88D3,0x5681106E,0xFEBC357E,0x5AB0369C,0xD04B7940,0xCABA23EB,0x822BB977,0x36F6375F,0x74938571,
  0xE669B1CC,0xE2886195,0x0EC10738,0xA8E9DAC3,0xFA891AF4,0x3C021FED,0x66B22971,0x90DEEAA4,0xFC4C14B4,0xC47B24D3,0x70725528,0x4A61BB56,0xEEB94767,0x12F553D3,0xC84A0221,0x46509DA4,
  0x2EF74C3E,0x6E62DFDA,0xA628DDFB,0x24D79B5F,0xAA19FB09,0x26F34546,0xC04E0B59,0x40416C37,0x32C318D5,0xB40971FB,0x409593E4,0x6C92FE10,0xC68B0519,0xA83D2510,0x980E1C0F,0x68732E49,
  0xD192327E,0xABA09ECD,0x1D0E9EC0,0xC69117D1,0xC5C95BF6,0x9BCCA5F2,0x1250E77C,0x86C23B32,0xF947E02B,0x5BB289AE,0xB64AB574,0x64647E54,0xBA4C80EF,0x35DB4C95,0x91C11E9D,0x54ECF012,
  0x3F324283,0x5203CB9F,0x857EC26C,0x3C6A0EA4,0xB0413B80,0xCC7819C7,0x9DC72B06,0x12B45205,0xBF1F423C,0x9E7BD258,0xAE17E967,0x4A5E978C,0x2180251D,0x51BF32C1,0x430B60C4,0x00000000,
  0x628B45D9,0xC3C2D502,0x49E26ED2,0x46BC176E,0x40532CE3,0x0AE90E16,0x0553C2D3,0x580E70F0,0xF541D5B0,0x67D8870A,0xD77D09F3,0x3A618050,0x1B051034,0xEBF3B22E,0x185D5C13,0x11EC1E22,
  0x2D62A5FF,0x3667B5CB,0xB3FDC2DE,0xE7F587B5,0xED1C89A3,0x4ABA22F5,0x5408456B,0x4C551978,0x1EB2679E,0x4658A217,0x8AC40EA9,0x57B4BC35,0x243752B7,0x09B14231,0x70DBA2A5,0xF5A560C9,
  0x4CB1AC01,0xE71132CC,0x30888E46,0xDB9F8911,0xCA739733,0xA81C6793,0xF3AEEE3D,0xCC9CACBE,0x060B8EF4,0x2D861086,0x22D8693A,0x33347718,0x972E2510,0xF9A35552,0x306C3B3F,0xFAFB1975,
  0x83754C98,0xD4C1F0AD,0xDD9407E5,0x05B777AA,0xDECC4BC2,0xB6AE000D,0xEEA070FD,0xEE44C584,0xF6199997,0xD22ECB20,0x75886076,0x52E77EE6,0x703F17DC,0x7A32ACB3,0x5D5DB223,0xE84F4B70,
  0x145B6988,0x97CA9069,0xC92BDB14,0x626FF0A0,0x4906DBAB,0x9D239E7F,0xBFFBF745,0xBCA3BB62,0xF0F6A21A,0xC52DEE8F,0x170325AF,0xD2CA7E59,0x756CD50F,0x276F1E90,0xF34A5B44,0x8C2B3524,
  0x3939CC77,0x2E3AE9D8,0xA2F56985,0xD823704F,0x6E69C53B,0xA7421E2F,0x1BE1A54D,0x2831672C,0x73675BFB,0xC9CF6E6D,0xB9F079B1,0xFF4C6EDF,0x7AD619CA,0x353FF9EC,0x4FE9E026,0x0C06359B,
  0x80C9B5C6,0x98705CAC,0x8F97CC7A,0x45E45B49,0xEB170757,0xBC470E1B,0x6E8D7042,0x6886FEB6,0xDB7B3C68,0xFCF09781,0xB0A58EF9,0xB512F953,0xA211DCFC,0x278BABE9,0x0CE280E2,0x6137BC87,
  0x17E790D6,0x4500EE30,0x8CCF805D,0x368300B2,0x5750094C,0xA1AD25A2,0xB5F64C2A,0x6480CB2D,0x927DE7C3,0x0A0DBB6F,0x929952BA,0x18B9E96A,0x3A853529,0x5DB9075A,0x06EF3B8D,0x7F616E60,
  0x3C8EBBDD,0x4F0D555F,0xB31977A7,0x61D309FE,0xA4FEE771,0x7383EE82,0x76349928,0x8F737903,0xDE28FEBB,0x5E05FE04,0x2B692B0B,0xBAA83596,0x8A20BBD0,0x899C428E,0xFC1422F8,0xE1FE0941,
  0xF6FD2CEE,0x802D00BF,0x5B563CD7,0xEDF83CDA,0x2B8D9E72,0x3FD6F7FA,0x58EAC589,0x9E9F6721,0x2EDE5CA1,0xD8C7C536,0x94766937,0xADAB1039,0x7C392247,0xE2A64566,0x00E4B579,0x1DEA2BB9,
  0xC326607B,0x5EE14B7D,0xCFC4E099,0x03BCF95E,0x1108AB5B,0xE8ABFE09,0xA8F8D2EA,0xCF2055E0,0xB914CCC8,0x9B28108B,0x9125ABE4,0xC09A9925,0xCA97224A,0xDD70B29C,0x8978F7F7,0xA41A5208,
  0x515B87B8,0x796AE094,0x86268E4B,0x6DD53C65,0xD1768707,0x9894E9D5,0x03584C27,0x7F85DB19,0x39DD790E,0xC675A2A8,0xD799BC8A,0x1E56D2E7,0xE242F01F,0x6BDEB291,0x21649064,0xAD4FA540,
  0xE11ABC38,0xD42545D4,0x68624BCF,0x76D02C51,0x798E55ED,0x859A7715,0x33D0C261,0x7CDD973E,0x6D31891C,0xC07E2C5C,0x0955F748,0xAB442BB4,0xF0121763,0x43EFD5BD,0xA7A6AB56,0x0FBACCC5,
  0xFA1FAC0C,0x9492DC4E,0xFFA8DBA6,0x24D3E7CE,0xAEF35C1E,0xA14990DB,0xE4497EEB,0x40B7999A,0x14BFDCF1,0x28D5D255,0x8391F9E1,0x673C3273,0x223CDC43,0xE4ADCB92,0x6B3A07E8,0x0F5E79BC,
  0xFA82931E,0x8DD6B5C3,0x7A8EFD44,0xF5595B12,0x4181E3E8,0xA849C183,0x3025EE52,0x4347F6EE,0xD6360435,0xC861684A,0x89278D31,0xA363317D,0xB41FBE69,0x71630B29,0x69C44C31,0xAEB9EAE4,
  0xFC72B879,0x0BEDF66D,0xDF1DE75E,0x134AB175,0xCE5645BE,0x3F3920CD,0x5F118904,0x5BE0B1F6,0xEFFF0F9F,0x6D3574C3,0x3FFE265E,0x2E72822D,0x95B6F448,0x6028A9C9,0xE6D4ECF4,0xCA607BDF,
  0x820D7DCF,0x2A83BADF,0xF7584887,0x9C9D1723,0xC77DA6D5,0xE225D406,0xF36E76E6,0xA1A5247B,0x66D882AE,0xAE7EEC77,0x2CB4972B,0x47B6CE1C,0x759233DB,0x3224FDC7,0xEB0E376D,0xB6D9AB6F,
  0x3612C3A6,0x775426DD,0x86FC453D,0x7EB8C325,0x9C5A11B0,0x2882A94A,0x73A51E2F,0x8B269EA4,0x520C540E,0x6BC55FA4,0xACB8F971,0xD00129C1,0xA5541C89,0xC34B98B4,0x6DF27250,0xA5931A1A,
  0x7793204E,0x0D1DDD0A,0x3B0F1EAC,0x5926A4F0,0xDBECDFAC,0xC7BAA046,0x118CA473,0x1E906AEC,0xCE91432D,0x486D0610,0x9346DF2F,0xA16222E8,0xAA8FD485,0xBFF24804,0x6F346756,0x5FD68F97,
  0x52CB529D,0x59E1A263,0x2C7391B8,0x177C8F14,0x216E4CB2,0xDB2BD93F,0x8F10A0C5,0x30E2E8C1,0x9147CCBA,0x390E0D39,0x661F843D,0x18A74718,0x863B43AE,0xB228939D,0x255872D3,0x3DFF35CB,
  0x50CA4108,0xFE73ABEC,0x4C5B3871,0x62EEBCCF,0x6FF361C5,0xE2E2D295,0x6229BA5C,0x4AAB1316,0xC5BBB3D3,0x4E5A2BE4,0xB2EF950E,0x4C9C3EE2,0x641E97A8,0x0DDADB99,0xBDF35B91,0x1A61521E,
  0xED391A99,0xE4D5FF61,0xA88EC710,0xD92ACAAA,0xB9026363,0xFCB5BEEA,0x986C2FD1,0x4146E57B,0xF8448618,0xB61EADFC,0x157D9C81,0x2A44BC4C,0x89E08BA2,0xD9EDCC39,0xD4F01133,0x9E5B0225,
  0x1860418B,0xDDDBF258,0x114BA2E0,0x8D11B350,0xEBC931FE,0x3413D033,0xB0298008,0x4E9D2D77,0x64D9913B,0xD6F102A6,0xE613EA67,0xB9C565F0,0xD2003A54,0x0F1CCE9F,0xA792098F,0x800C6E5A,
  0x9381D9BC,0x34D4D6A0,0xFA45958D,0x39C90BAA,0xCC9050B8,0xE0E3C100,0x7E7FC5B6,0x788FEED1,0x092BE36B,0x36D5C535,0x9E9C04B6,0xCC57562B,0xE90F24F8,0xF3A97075,0x0B2AF0FE,0x4771C88F,
  0x4570DB1A,0x736218BC,0x9770E14E,0x97B7E7DD,0xA3A437EE,0xDFDAE1CD,0xAC7FFFE2,0x7848E842,0x84FD56A8,0x54FC7F69,0x7C7ED623,0xF883808B,0x236F5F27,0x02C61506,0x1C917979,0xC57CB540,
  0x2845AFD9,0xD2C73CC7,0x4A6C1585,0xC14A8B21,0x00C70693,0xC38C9E27,0x2EB584BE,0x5B27B765,0x563A6A6F,0x1E576C7F,0x17BB8987,0xDD1CF4CB,0xD43717A0,0x45B7DD89,0x69034AA2,0x543B79FA,
  0x04F138F2,0xE024C793,0x4380F07D,0xF16F6573,0xBB0370F6,0x5DD79C02,0xA7550F1C,0xCAA77D4C,0x15BA9A12,0x00000000,0x138DB7E6,0xF59E5D81,0x32E3FB54,0xB0EE869B,0xEDFE1C0A,0x3BC8183F,
  0x259F7440,0x843A503B,0x9180CA29,0x0FDBC80C,0x8BE19837,0x6B025937,0xBF354E97,0x06F02B67,0x500D479B,0x04363E61,0x1C567FEA,0x3D383358,0x48AA0083,0xC8A66ED9,0x09ECE5F8,0xAA48D216,
  0xC18D8DB2,0xBBC47665,0x27596146,0x75553548,0x7CB9D0B0,0xBD345D02,0x82CA7B5C,0x02011395,0x23A859B4,0x98AB2942,0x279E67D5,0x60EFAF5A,0xD0C62F52,0xFEB4AD7F,0xB4D8B8FA,0xE412F9F2,
  0xF1A863E0,0x9571F2DB,0xEF38090C,0x9A6D3C44,0x8FD7A656,0x21A94A21,0x06372DF4,0x9AAA3AD7,0x7A49FBD7,0x1AA6548D,0x80CB68C9,0xE9C8226B,0x71A40DBA,0x56FD6CFC,0x5D109A91,0xF79F4E14,
  0xBD70845D,0x7772FB5A,0x99379543,0xF34217DC,0x9B348C55,0x71714559,0xE49826DE,0x8F3E87DA,0x08DE51D1,0x8EEDA441,0xB47DF617,0xEF964D82,0x394068DB,0xA5A47916,0xAF7931D1,0xFF9CE118,
  0xF4928A44,0x49E20E19,0x56E66ECA,0x74A2C1D7,0x6378F0D5,0x9CE411CD,0x07D09D98,0xE7481C53,0x02031916,0xA077FD98,0x11D98F01,0xA4775A8D,0xCFD1FB89,0x6FA60611,0x583B8118,0x0F0ECC49,
  0x27972B93,0xC9D2458A,0x4FE1B01A,0x2899E7DA,0xCA027F07,0xF541A9DF,0x3A905256,0x40EF7C53,0x0CDEF6C4,0x2447111E,0x9639590A,0x3E90F543,0xE69B3FC8,0xBAA019C5,0x1B04C7C6,0xF0922D51,
  0xB67EEF01,0xFE4FC283,0xA97A8FD2,0x91E9C492,0x2A9AFECC,0xD4D53C4F,0x2D4A6354,0x324E0387,0x50E5D0C9,0x25943285,0xF99F5F1B,0xC70FAA58,0x0EDDEFD2,0xFB9C460D,0xB1AE7299,0xFD9FF80E,
  0x6A75829F,0x0ADD48C7,0xE348BB46,0x79AF1488,0x9F342B40,0xCDD2E29F,0xD70506C2,0xB5AED58C,0xB27E4814,0x97EA7A91,0x140A0B8F,0x66AB745B,0xEB96EA97,0x677857C0,0xDE087488,0x4BE1170F,
  0x2F497A42,0x81E36808,0x319E390A,0x21949590,0xA674439B,0x6DA51F07,0xB7ADCC9A,0x7571E24C,0x76A1D8C1,0xED955494,0xB3AD6B8F,0x2047B60B,0x88EE1A42,0x7FACAA8B,0xDA08D39D,0xD305A1D7,
  0x13DA9617,0xE14BA250,0x903AE709,0x26440808,0xDBDBF006,0x8D3D9ECC,0x8CEEBD57,0x433F46DE,0xF742B0C9,0x0603BE03,0x01D3239B,0x64A86D4D,0x787C3713,0xC4DF90D5,0x80304B93,0x8633F590,
  0x5BEBBB95,0xA274E48E,0x4E329381,0x9AE7AFCE,0x5136F352,0xAB7996C4,0xE29B98DD,0x3F43D6D8,0x7E7F8910,0xC50CB34E,0x55365447,0xF2913447,0x23978C86,0x453CF8DD,0x46ECC250,0x44EFDB46,
  0xCE02D812,0xC2DC2ED6,0xCBD15C9C,0x5A38980E,0x5FEB1C80,0x7C7C9006,0x344DBD84,0xBCA3A7C6,0x82335285,0x090D724A,0x5335EA44,0x00000000,0xAAAAB55F,0xBEA0BED0,0x85E3CF1D,0x15D92814,
  0x1209B58C,0xE995F381,0xCC01C104,0x413C5FC8,0xFC4CDB95,0xD2D6824C,0xA8A9AC49,0xF1410ECA,0x6BA6A104,0x6C763C9C,0x4C318A97,0xC8016611,0x38934B40,0xACA90B5C,0xEC46770F,0x657B4ED6,
  0xD6D62559,0x83E0711E,0x5E383F1B,0x379D8709,0x93EADD84,0x1907DED0,0xBB733A5E,0xE54B0545,0xD5061FD4,0xD0D59B5A,0x1D0779C5,0x294AC441,0xDDD84E05,0x9239FE1F,0xC6DC89C3,0x2B49DD57,
  0xB07D5102,0x339D201C,0xC10C145B,0xD9D8E910,0xD106B8C1,0x304D1A91,0x60A8CA58,0x0400A715,0x8AED0354,0x62ABD34E,0x69A5B812,0xB9702348,0xBF739D4B,0x100AAC9A,0x48312D82,0x9EE708DB,
  0x98E4B6D8,0x7A7F2E05,0xA3A7C715,0x359E9E1F,0x16091299,0x3D40CFCE,0x7BAC0D9E,0x57354D51,0x8B3E20CF,0x2E9A59D9,0x18D4FD4B,0x17DA3102,0x5C3B260D,0x893D39D9,0xDC0B6D9E,0xEA45C90C,
  0xE09881CB,0xA7A76000,0x0B0E6B5C,0x54E577DC,0xA1A4DE03,0x73725C4F,0xAD7A28C7,0x59E8A283,0xF84C7C80,0xAEAA124A,0x3B4371CD,0x4DE2A90C,0x2244AF1D,0x05D3848E,0x617BE9C3,0xD80BCA8B,
  0xC0DF37C0,0xC30F0D4D,0x1CD45A5E,0x52E6C9DF,0x7DAFB39D,0x70A266C2,0x943A401C,0x2C9940CF,0xB8A300D3,0xFA4F6596,0x42EC6545,0x87E0D60B,0x68769B89,0x95E96387,0x1ED74348,0x1AD7E45D,
  0xF6919352,0x5DE80596,0x3C93EC55,0xDFDB5713,0xEE456E19,0x6E75258A,0x03D03A8D,0x473FE1CB,0x4A323494,0x364EA492,0x9D373256,0x72A17FD4,0xE846D01A,0x8430EC86,0x0D0DD55F,0x1F0460D3,
  0xCA5E8B9E,0x79E758D2,0xB001D26B,0x66133445,0x845066CE,0xE54E2500,0x4CA362B4,0x76795CB5,0xCD53FC15,0x14DF1E5C,0x7061A5FD,0x3451B4A5,0xA9ED47B4,0x2F10AE9E,0x5969F22B,0xECC8D82F,
  0x0986FD2F,0xAFF5BEFC,0x0E8B8AA4,0x57E2788F,0xA67343D3,0x0F9E0467,0xD98CE249,0x3ADA3E01,0xEDDD56EC,0x17671F7B,0x9CA97DD2,0x3877B1E5,0x2E05205D,0x31F14CCA,0xC9E68AB9,0x86FDE92A,
  0x2DBD217A,0xE243528B,0xF817C673,0xA06BBA9B,0x9E04F236,0xAEE0303F,0x12C7E714,0x835D1145,0xCC4672D6,0x8545E80D,0x335CC32E,0x545A79A8,0xB4B4A4C7,0xE7E3AAE4,0x8F7B1405,0xE6F62427,
  0x1FF46C97,0x600BCD0D,0x908F7892,0xD2A79082,0xF789C214,0xDF941B01,0xB892A187,0x943A0E3E,0x65AB3562,0x7B4AD736,0x0B2B72CB,0x469D9EBC,0xBC27D72B,0x00000000,0x0C260540,0x63B3CC2A,
  0x106A68F0,0xF1913B5C,0xEAD02167,0xC0607796,0x4ABB9BFC,0xBA3F2E63,0x8BCE62A9,0xB6192B23,0x1A5494F8,0x089373EC,0xB5A12A04,0x53570E23,0x04B576AC,0xD8996C8A,0xEBC5AFA4,0x39623F26,
  0x6706BA86,0x7EEA2F59,0xE45BABC3,0xFE0F3F3B,0x18F91B1C,0x8ADBEC6A,0xB2AC5D8F,0xA2C6357F,0x3E6F48AD,0x4788107F,0x9F117CF5,0x51FA81C7,0xBE8A58CF,0x433D66D3,0x19EC95DF,0xA766CD10,
  0x62A642E9,0xCFFE73F1,0x4E0EED50,0xEE6557CB,0x45259F9B,0xD5AAE709,0xE0EEDD6F,0x117FE633,0xFCA2B0DF,0xD3B21E41,0x74D4D351,0x4F1B6393,0x2336ABDE,0x82489F86,0x81F09EA1,0x72CC2A19,
  0xBB2AA0A0,0xC5C08FF9,0x6B20BFC6,0x7C47A0BD,0x6898BEE1,0x290857D6,0x4BAE153F,0x8DD69BE1,0xAA554693,0x933779B5,0x80E51062,0x49039ADB,0x611E43CE,0x5DDC8487,0x6F95C96A,0x587C7CE8,
  0x48161418,0x408567F4,0x219B243A,0xFF1AB1F8,0x1B411A3B,0x281DD915,0x13D269D7,0xDE8195C2,0x7A5F59F5,0xCEEBFD32,0x0A3EFC08,0x919AF651,0xB70CA5E0,0xDB216DAD,0xAC4DBFDB,0x1D59E373,
  0x15CA909F,0x981C0B7E,0xC175F955,0x9BA40A59,0xA4DECC37,0x070D778B,0x3BCFB0C2,0xD11F91A5,0x71742B3E,0xD4BF69CA,0xBF9FD60C,0x3F7AC66E,0x4190E937,0x6C2DC84D,0x2CA8AFB9,0x2BA5D832,
  0x698D3022,0x8963ED4D,0xDA34E36E,0x32494DED,0xF33CB4B8,0x87E867E9,0xAD583118,0xFBAFC754,0xF90248B0,0x3CC2C749,0x8E6E9AC6,0xF69C4CD7,0x02AD8FE4,0x01158EC3,0x269653B1,0x78F2D611,
  0x990985BD,0x167291B8,0x5BC47DCF,0xC8F3047A,0x7D522E7E,0xC4D5013A,0x56F7F64C,0x97820F19,0x44301158,0xE87DAE83,0x05A0F86F,0x37E9B582,0x35443A66,0xDC2C1A26,0x554FF76B,0x208EAAF9,
  0xC6788EDE,0x5AD1F30C,0x9AB1849A,0x3DD7498A,0x9222F776,0x6D38468E,0xE9682040,0x5E6485A0,0xC76D001D,0xE1FB53AC,0x4228E810,0xD70768ED,0xE356DC48,0xF2293A7B,0xF431C333,0xFDB73E1C,
  0x0618F948,0x8876638E,0xC3D876B1,0x30E4C209,0x1EE1E254,0x0D338B83,0x243BDC55,0xD612E62E,0x2AB056F1,0x75C15D92,0xAB40C850,0xCB4B055D,0x36FC3B41,0xB3B9D34C,0xBD3259E8,0x5F710B63,
  0x252E5296,0xB1145CA8,0x2783DD72,0xD00A1F66,0x50EF0F04,0x64BEBBA1,0x6E8047A9,0x1C4C6DB0,0xF5244DF0,0x969781DA,0x7FFFA19A,0xC2CDF872,0x5CC90A44,0x524280E0,0xA17E3458,0xFABA4997,
  0xEF70D908,0x03B80127,0x2223251D,0xA8F8C977,0xF084B59F,0x9DBCF311,0xB9872F44,0x73D9A4DA,0x8CC31522,0xDD3994E5,0xA5CB42F4,0xA3D3BBBC,0x4DB6EC77,0x952F80FD,0x6A353105,0x776CD276,
  0x5E167DE2,0x9759BD8C,0x3C2F62E4,0x743807DE,0xD3C51D06,0x94DA48DE,0x870BBAA1,0x39DB4E0D,0xEC698AB0,0xA8D1EC74,0x2C59A387,0x6D15E9AA,0x9D8167C9,0xD3E1DB48,0xD046E854,0x646A00F3,
  0xF9EB673A,0x35744DF3,0x414C4A2D,0xAD25C09D,0xE9B96017,0xFF9CBE81,0xDF6A1EF8,0xE6B150F5,0x511E4D00,0x20D26637,0x9289572B,0x6B46F65F,0xA2093631,0xFFB878CF,0xF9CFA174,0xE0E24F00,
  0x35508BBD,0x03A7331C,0x68E1C543,0xBED0F4AC,0x92AD9165,0x644EC6BD,0xD0622E1A,0xC3B3DC65,0xBD77C7B0,0x7B30373C,0x0CAF03FE,0x77BBF28C,0x5861A459,0xC5C405DE,0xAD0106D3,0x3FAC97B6,
  0x67CD33EF,0x473B9396,0x1076C163,0x724FDE65,0xF0B0482D,0x13F53431,0x62391F06,0x33039448,0x0C8BC5B0,0x0677D9BB,0xB7AF1DF5,0xDF4ED8B6,0x0F2CF6AC,0x574D52F5,0x23519365,0x44B866C4,
  0x5DB14EFE,0x7EC41BD5,0x8BA4B95F,0x2FFE909B,0x58456217,0xA22DF07F,0x84884FF3,0x471F55D8,0x3F8851F8,0x94FE8E90,0xF6E357D8,0xC647F08C,0x78B3C26E,0x2A2E7A3C,0x4B949068,0x68C5030D,
  0x67E9F5A1,0xBD5301FE,0x726B182B,0x42EB7931,0x78970420,0x097FE959,0x8158A554,0xA7D9DC96,0x25028C90,0xCF3819D5,0xE361BA52,0x6B623011,0xF6C79196,0xE69596BB,0x7D6328C9,0x095B2F17,
  0x5BE2510B,0x30A4A754,0xBEF432E2,0x41688C63,0x4DE349D3,0x7EE0DD9B,0x42CFBF7F,0x1F5A37CF,0xB42CE8A7,0x0F0830E2,0x619E2C1A,0xD615F7A1,0x98518D6E,0x8E5095B6,0xBB24D845,0x88038A43,
  0xD63131EF,0x2C7D65C9,0xF3177B31,0xCAE8F372,0xFA689268,0xEA1E530B,0x192DEE74,0x4E60BC81,0x6E961CF8,0x8E7453F8,0xE0C6894E,0x98754B20,0x5D9588B0,0x912E6437,0xEFCEB9AC,0x6D312FE4,
  0xB78BDBBB,0xDCE9EBAA,0x8DD360E4,0x15A62BC4,0xC0302937,0x3080611A,0xDABAF45F,0xE51663E9,0xA47EEF8A,0xDA9E3211,0x576994BB,0x7D47EE87,0x00000000,0x2A0ABC72,0xEA3A9545,0xEFEA7FE2,
  0x33275206,0x9DA5A187,0xAB521926,0x82DB5006,0xBB001E0B,0x05F42CE9,0x26A5BF8C,0x910AA279,0x160118D8,0xF333BD7F,0xC66336C2,0xE3457C1C,0x5E32BBAC,0x0AFC1C0B,0xFC3B8D9D,0xC94FC06E,
  0x1909283A,0x82FF9648,0x9BD2783C,0x1052072D,0xB25B311C,0x9BF6BE72,0x61BAEA54,0xF0948E63,0xFC1F4BD3,0x817C631A,0x9E02929B,0xFA4C5426,0x1CFD04D3,0xC014EF79,0x4BB05626,0x9E2654D5,
  0x5BC69745,0xC3971A2B,0x872F7CEF,0xC5E0C390,0xA18AC363,0xB4082EE9,0xE99DA659,0x88274C0D,0xA1AE052D,0x513A8B4E,0x71E8ED79,0xD939010D,0x621DD948,0x29AD8F6E,0x2375552B,0x8B807F11,
  0x71CC2B37,0xB8A72D17,0x36D37EEF,0xCACC353C,0x52B97E1C,0x977D7BC2,0x36F7B8A1,0x1A8ADD68,0x4817653A,0x741CC190,0xE532A5A7,0x7B14F172,0x449CA08A,0x1582ED8A,0x29894920,0x05D0EAA7,
  0xAE82F381,0x4833A374,0xDCCD2DE4,0x779F34C2,0x1F7EF181,0x0AD8DA45,0xCCBBEC87,0xCC9F2AC9,0x2FDA56D5,0x4DC78F9D,0xD59602F3,0x1625DE96,0x84AC89BD,0x8DF7A6AA,0x268179C2,0xD91DC743,
  0xC96B0620,0x25264ADE,0xB27FF752,0x0383F552,0xA45A29C4,0x4E447ACF,0x54EA61E9,0x3A58BB5F,0xF560A28A,0xAEA635CF,0xAB76DF68,0xA7FD1AD8,0x3A7C7D11,0xD5B2C4BD,0x39FF8843,0xEC4D4CFE,
  0x0024C64E,0x6EB2DAB6,0x1CD9C29D,0x13D1F27F,0x1AAE1B26,0xB883EB59,0xF54464C4,0x06531FF5,0x20F6A079,0xB1FC0200,0x54CEA7A7,0xA8F52A3A,0x529DB852,0xCF1CDF9B,0x3C0BA4AA,0xB1D8C44E,
  0x9EE09671,0x3536A206,0x5A012BBF,0xBB852595,0x1DFE7D97,0xABD63477,0x59783099,0x18ACDE57,0xCBD746AF,0xFA51CB5B,0xAC1F00A3,0xF2AE04EE,0x9929A2A5,0xC1B31E0E,0xD1E00FEC,0x5DC81F6B,
  0x9BB235B1,0x0ED47753,0xC328891A,0xC67A2ADA,0x691C315F,0x24873FD6,0x864C4826,0xDF3478BF,0x98CB2E97,0x8067F0C0,0xE2FD150C,0xAE8497B7,0x67C8460C,0xB62849E0,0x5C2A9359,0xE1840E2A,
  0xEBE0568B,0x589ABCAB,0xD8FD4C6B,0xBC4C1141,0x306401C6,0xD91FC059,0x61E3FEEA,0x5537D0DE,0x6ED5058B,0x9034E122,0xB91EB281,0xC051923C,0x00000000,0x88983F75,0xB8FC3EB3,0x4EE215AF,
  0xE7AFB6CC,0x92AF7636,0x831EEBE6,0xC4E1BDCE,0x389BCE73,0x07C934D4,0xAA34B845,0xB003F106,0x82FC67D4,0x261CA8C2,0x091D4387,0x6C4E929F,0x9C7B0165,0x1BD5C571,0x3A005967,0xE4D6ADEA,
  0x1501B222,0x6553D118,0xEC29625F,0xCF67695D,0x9F021A43,0xD6293B38,0x7679DBDC,0x331D1AE0,0x1F65EA83,0x84D7DF32,0x72C9F42E,0xA1B26CD6,0xC2CA0528,0x7DFF0F4F,0x0DAD6C75,0x7052633A,
  0xF1D71FC8,0x4564C13C,0x68FEBD6D,0x74E24CC8,0xA050E0E4,0xF7FCA72E,0xEEB2F54B,0x39794241,0x934DFA04,0x234E0B02,0x87AEC414,0xBDAE9D73,0xBED78655,0xDDAFEFAB,0x0A6458A1,0xD29914CA,
  0x132A0AC4,0x062BB8E6,0xE0668218,0x2BB1C4B7,0x4F00999D,0x78ADAC8F,0x11B19DD0,0x5187FF2C,0xEF507979,0xE53421D8,0xA4E0CF16,0xF928D07D,0x3C2BE181,0x4D9B0E89,0x47FF5628,0xF61E2B1C,
  0x7500C0FA,0x1E8766B1,0xA94DA363,0x2A534885,0x564ECBF8,0xEA02DAB9,0xE31F993E,0x12C886F6,0x7E861469,0x194E5265,0x8C281087,0x732B781C,0x0C4FE047,0x292A53A3,0x5BE3A78D,0x5F53887F,
  0x2F01EB45,0x3EB07695,0x7C1D837D,0xCE85E56F,0x8EB38793,0x5EB1044D,0x8BE12453,0xFF03689B,0xF03593FA,0x08FFCFB5,0x22AC8730,0xDB84574D,0xA5024324,0x37AD3512,0xBA67A9A7,0x34D42E34,
  0x91D66D10,0x029B9714,0x4A523A5D,0xDC4D6399,0xE97BC19F,0x85355300,0x961F59C4,0x1678A904,0xD37B98F8,0xC8AE5D89,0x1A374943,0x662ACA3E,0xEDCBEE6D,0x48C9AD49,0xADFD8C91,0xCDFCFE49,
  0x6DAC1EAD,0x897AB347,0xFBB34769,0x14E33E10,0xB55152C6,0x461DDA1A,0x32FF96D2,0xFC7A73BD,0x81857CF2,0x4C7982BB,0xB1E17D34,0x7BD4B7A9,0x637869FE,0x44864D0E,0x7A363B9B,0xAF661B85,
  0xCC1E727B,0xDED6F48D,0xCA35CA9D,0x4BB0B66F,0x779B57EE,0x04B02FF2,0x97FDD5F6,0x6B87A64B,0x71B0EF08,0x629AE5CC,0x7F64985B,0x42ADF5E8,0xA67B5802,0xF567303A,0x3DC96DB3,0x52FEE40A,
  0x6A652A79,0x28C8DF91,0x3F52FAA7,0x3BE2D555,0xE8994DAD,0xFEE1E4A9,0x0552A3C0,0xA799D430,0xD550201E,0x1C1CF1A5,0xA8AF2F51,0x434F79DA,0x956642E2,0x179A2536,0xC94CD1BB,0x2EE36777,
  0xB2986612,0x403662FC,0xD7CBB70A,0xDA66DB7F,0x03791B26,0x492B217B,0x6F3789B9,0x27FE24F0,0xB4B3DEF4,0xE64D3AFE,0xA329FBC2,0x64B15D2A,0xA2CB77F0,0x41D4EECE,0xBF350A67,0x8A03A861,
  0x531C6838,0x0F36FB61,0x105311E2,0x8F510BA1,0x54D55CEC,0x57AC47CA,0xFD98FF8F,0xF34C88DC,0xC50331FC,0xB7CAC5D2,0xD00283DE,0xF8CA5C4F,0xC798A6E8,0x794F20BD,0x20371024,0x8DCA9CB5,
  0x600172D8,0x01E28C32,0x2D9A7C51,0xF485BC08,0x364FB920,0xD4B2AC2C,0x0B86D493,0x5065731E,0x9484CED0,0x2C78F063,0x9D998D57,0xB37AEA20,0x21D59C16,0x9A50B983,0x31868DF4,0x2565B3E4,
  0xD05E307D,0x1E90ABE1,0x7429E367,0xE1DE16F7,0x97B77DFC,0xE6B151D7,0x2F108D6B,0x58A0E1C4,0xFA61725A,0xC3344233,0xDDA4E9D2,0x2A3F4227,0xC174CA5F,0x2EC98ACF,0x61F5D1AD,0xBAE778FB,
  0xBD883FDB,0x85040816,0x112AFA22,0x08D516E3,0x826B4F36,0xC0ADCDFB,0x5FCFA6E4,0x1CD0238D,0x7346A447,0xDE3D661A,0x1A666309,0xBE11B013,0x179CBAA6,0xA8540D11,0xABCD82D9,0x22EA54C4,
  0x261C9C2C,0x0240886C,0x0A959E8F,0xCA385374,0x258513E4,0x3059212E,0x29A6CDEF,0xB8A7F097,0xDFE461BE,0x8E48913D,0x48531C42,0x7EBC7DE8,0x20AADCA8,0xBFC8B7B7,0x6AB94886,0xB072E674,
  0x729FA3E3,0x3B15B805,0x602CD609,0x70DF2B8F,0xC878DB18,0xE4F1D9BB,0x95F7F590,0x498A1BE6,0x19FFECC1,0x83B24892,0x1826EB65,0xD18737D9,0x9D22E373,0xAF3B4A31,0x03998FC8,0x33C0AEE6,
  0x869D87DE,0x8744807A,0x9A4DA453,0x0E635667,0x27C59B88,0xF9F8FD92,0x245C1440,0x942EF234,0x81F2C0FE,0x7A4AB500,0x65031945,0xF642AC51,0xC9A1DCBC,0x0B4C992B,0x79D33AC8,0xA1581C56,
  0x136A724E,0x9341B514,0xC7C28ADB,0x3180268A,0x1645BD02,0x7CFCF584,0x06B64084,0x3DA3F881,0x966E7A58,0xF5DB2399,0x77B06CAF,0xAEE24D95,0x53EC78EF,0xF821FA36,0xD88B269E,0xE7685673,
  0xB3EB69BC,0xB71DA154,0x4F3C5B62,0xFE97BAB2,0xDACBAEF2,0x9CFBE4D7,0x802BC75A,0x431F8569,0x45A9C5ED,0x2D500507,0xC45B0513,0x9F626B1F,0x5AE069A8,0x555A386B,0x3219A942,0x5B396E0C,
  0x052FCF4C,0x1405356E,0xB2326E18,0x5979E660,0xD4A8F895,0x46304A25,0x6B604F22,0x8B675E71,0x2BE64583,0x6F9687CA,0x3FE370ED,0xB1ABE1D0,0xE8D207B0,0xE0071153,0x67439129,0xD3C7BFB5,
  0x415F0D05,0xF402243D,0xC2ED4597,0xA5AED4BE,0xE39E9E9B,0xCC8E13F0,0x12B375EA,0xDB12A956,0x3736660E,0x4EE55CC6,0x5C56292C,0x8ABE59D5,0xEA928FDC,0xEDFDC8FC,0xFBB875FE,0x15DC32CA,
  0x99D42B9B,0xD952213A,0xEB4B8878,0xBC51387F,0xE90B0014,0x6E4F806E,0x980D2C3F,0xA98D0AB5,0x8C081951,0x01D907A4,0xA6375B76,0xAA14857D,0x780A3D6C,0xACA2C5F9,0x9B94A3F7,0x4470C249,
  0xA318943A,0x68F9C0EA,0xFD0E357A,0x1F49AC45,0x3E3A7749,0x42C682CD,0x4D7CD30E,0x40860AA1,0xEC24CF58,0xEE644734,0xB4842E9C,0xC61B8D7F,0x626C5E65,0x75F0E4C3,0x5D8F2E88,0x23335360,
  0xA0811BF2,0xCD571454,0x8F919699,0x388C37CD,0x4BCA938A,0xF36D631D,0x7D25F220,0x36EF61AA,0xF0F4ECD5,0x8DD11EF5,0xC58202B7,0x669A968D,0x84DD0FB2,0xA477D31A,0x1D092429,0xF12DEB71,
  0x90D83ADC,0x2C8902A3,0x0FBA51C3,0xFF4EBD16,0x04F6C8E8,0x1BBF64AD,0x63B559C1,0xE247993F,0x9298B2B0,0xDC7DEE76,0x7F657A4C,0xD6E870F9,0x76696B0B,0xA7EE5CD2,0xCBE154D0,0x3576EE62,
  0xD731775D,0x4A13942E,0xB6C4A6F0,0x34AFE9C6,0x6C0F0802,0x00000000,0x56C3B7A3,0xCECE9B9C,0x64DA1EE1,0x10F3FD86,0x076F4720,0x0DFAD9AF,0xF79BABF5,0xA2C1939E,0x52357F4B,0x39553069,
  0x6920C74E,0xD21EB811,0xFCD732DE,0xEFBD4090,0x47E94D81,0xB55D2938,0x5075F727,0xAD7BC25D,0x8927D61D,0x6DD60FA6,0x3ACCBFA1,0x090C1147,0xD571FF31,0x3C7AFF25,0x7B93B2A4,0xE528DE1F,
  0x54833FCF,0x0C23DE0B,0x51ACF083,0xB97EF733,0x4CA5D4AA,0x287FCA4B,0x571AB007,0xF2B464B9,0x91013D78,0x5E16A140,0x71062C2B,0x2173DB0C,0xCF179C38,0x88FED1B9,0xBB3E7F5F,0x9EBB6CBB,
  0x22A6DD54,0xB06F7BA9,0xE49D3568,0xF3BAB84B,0xA393C625,0xEB6274A1,0x58BE3998,0xE31B679D,0xDA381479,0x25208FA1,0x078652F5,0x54F24EC1,0x18D8CCEA,0x661B1889,0x65467AD3,0x57AF2C9B,
  0x92C9A6FD,0x32E95648,0x7A18E4CC,0x2EEAAA0D,0xAF31E5B6,0x8A116A17,0x104F8B1C,0x3EA52111,0x53741C34,0xB3DC4D39,0x0CA22393,0xF78FDC2E,0x32070282,0xBC230CF0,0x35815077,0x2A319AA2,
  0x470EF34D,0x21FBBF0E,0xE04605C7,0x1CEDA88F,0x6A576FD0,0xBF7E6EAA,0x50297E6E,0xA748F68A,0xB45A1FCC,0x6DD13D25,0x44539117,0x0F111503,0xFFF6CF12,0xAC6C87EC,0x03B33690,0xA7A6A240,
  0x728FA33A,0x25CEDB6B,0x76549395,0xC5668A66,0xAC82D326,0x96FCC298,0xE72E03F8,0xFB2DFFBD,0xB7E9295C,0x2ADFCE68,0x00000000,0xC1BDBAC9,0xDE0D701C,0x9E6B856E,0xF8709DE7,0xF354EC81,
  0xAFDFB17C,0x89A25C87,0x85007F14,0xF4D2BE74,0x8D796C28,0x9E85D1A4,0x81DB4FBB,0x81351B71,0xC20E8C59,0x6E8C5F7F,0xC2E0D893,0xE47361A2,0x4B428414,0xFF189BD8,0xCEACAFCA,0xEF5710C4,
  0xCA99CBAF,0x4BACD0DE,0x79ABD25C,0x4F99B4BB,0xFBC3AB77,0x1494BBB3,0xEC0A729E,0x539A48FE,0xDEE324D6,0xBF903A60,0xCA779F65,0x61731EB6,0xEB8C206B,0xECE42654,0x2E04FEC7,0x76BAC75F,
  0x713C95AA,0xF0E7DA11,0x18369820,0x8ECA5AB8,0x7AF6B006,0x10A1DFD6,0xF76188E4,0x47E0A787,0xC6D5BCF6,0xE7C05732,0xB7077D96,0x2D599C9D,0xE0A8510D,0x8268792B,0x5C8B5DFD,0x5B0D0F08,
  0xCD1F995A,0x04DB30AF,0x433B9728,0x2982AC32,0x4CC4D6E1,0x79458696,0x99038351,0x7509F1CF,0xD529017A,0x9D36E734,0xC153EE03,0x17278D23,0xA41594D0,0x17C9D9E9,0xC63BE83C,0x04356465,
  0x865D1D4E,0xD1F231D5,0xB33219F3,0x1F5E9E1F,0x0BCA25AC,0x8D9738E2,0x9AB0B5C1,0x541C1A0B,0x5BE35BC2,0x4088A1B8,0x9227F237,0x5FD63FA7,0x66F54C43,0x6E620BB5,0x0768063F,0x0879133C,
  0xFC45F982,0x62C02826,0xB4B44B06,0x8E240E72,0x089747F6,0x7D70E2F3,0x58506D52,0x954FF408,0xE3F53357,0x57417851,0xCDF1CD90,0x6AB93B1A,0x86B34984,0x917A906D,0xE83F16FB,0x96129652,
  0xEFB9440E,0xB0812F63,0xA37D92EF,0x2115EBC4,0x5C650937,0x622E7CEC,0x296CF8F8,0xD98B22E9,0xA8B7B743,0x392373E4,0xF0098EDB,0xA0CEA47F,0x356F04BD,0x9DD8B3FE,0xD6746320,0x4F77E071,
  0x2248899E,0x5F386B6D,0x690A0D8A,0xBCCD583A,0x43D5C3E2,0x85EE2BDE,0xC588DEAC,0xA859E389,0x7D9EB639,0x0FFF41C9,0x2693B931,0xE8D14231,0x481FE64E,0x147AEF79,0x3E4B75DB,0x7EC3D463,
  0x9194C4A7,0xCE42FB00,0x3DF8434B,0x363266E7,0x267DEDFB,0xF89EC92D,0x75E7A505,0xC9C4A9F5,0xAB0481D3,0x95A1A0C2,0xD11C651F,0xA020F0B5,0xB8F83C5F,0x3A7E11BE,0x00EE54CA,0x39CD272E,
  0x48F1B284,0x99EDD79B,0xDAD640B3,0x0B247166,0xFCABAD48,0xDDBE468C,0xD9657623,0x44BDC5DD,0x619D4A7C,0x31B43412,0xBBA55E05,0xB8166895,0x1312E946,0xF43CEABE,0x7261F7F0,0x13FCBD8C,
  0xABEAD519,0x6D3F69EF,0x035D625A,0x1B85AEB0,0x0C4C7759,0xC92AFD3F,0x1B6BFA7A,0x69E45940,0x1FB0CAD5,0x9A5EE10B,0xBB4B0ACF,0x315A60D8,0x2DB7C857,0x1C03FC45,0xD2410745,0x65A82E19,
  0x36DC322D,0xD5C755B0,0x4C2A822B,0x71D2C160,0xA4FBC01A,0xDD501246,0x50C72AA4,0x8AFF3EDD,0xD2AF538F,0x894C084D,0x82862DE1,0x4066F572,0x3A904574,0x7E2D80A9,0xD69A37EA,0x3D161781,
  0x4E99DB4B,0xE44E310D,0x235F682A,0x6B74D4DE,0x21A36D2F,0x40FBB42B,0xAC2F0C33,0xDC0E8CA3,0x0C9E6A65,0x1F51B73E,0xEA2C5E6D,0xBFAA50A2,0x4603525E,0x19A9514B,0x9E43BC47,0x06B267BF,
  0xD090E6C6,0xD0DA670C,0x611258CE,0x0A668C10,0xB3343AC7,0x44FF575B,0x98F1DBF8,0xDEF289A6,0x55CC8F05,0x81120B79,0xE2FC56B2,0x3840BDAE,0xFB5507F9,0xE00053B7,0xD66800B3,0x34945601,
  0x87A06CC6,0xEE623CD7,0xBBE43218,0x7CF56B3F,0x15373B2E,0xF57DE953,0xC1E9BF52,0x482BBCF4,0x424D30E4,0x1F1B36F4,0x8F3AE5D3,0x089A8915,0xBD5655A7,0x06F8E675,0x2F8B8385,0x78BB0985,
  0x5BE461AF,0x96D93552,0x8D8C611C,0x27110A90,0x4AD7B9F1,0xFB1F8633,0x326CB074,0xBFE0D168,0x8B3E06A3,0xC9733647,0x44B5D691,0x5FAA0315,0x7E43EFF0,0x63EE5DCB,0xF1338BE9,0x30DA34BB,
  0x13855C91,0x0404E370,0x87EAED0C,0xAAD7EA46,0xD4DE847C,0xC1A33E98,0x0CD4EBAF,0x6B3E5514,0xA24D6353,0xFDADE18C,0xD49405B6,0x9021D327,0x5952E560,0xB5865D78,0x69C25011,0xBBAEB3D2,
  0xF3850F26,0xB918371D,0x11795994,0xC35F3B9D,0x1B1FD584,0xEC9E39D2,0xEE28BD1D,0x6D8C32AB,0x380A3C64,0x5BAEE065,0x34DED7CB,0xE8D05B68,0x7693E72F,0x02B684CF,0x9CF53888,0x655C3A74,
  0xB77A587D,0x906B52ED,0x3C445EDE,0xB952B6D7,0xE6F8B5C2,0xD26CE3C3,0x19E3D081,0xC939B78D,0x9A0DDEFD,0xCB8F3342,0x8F706419,0xF9A902FC,0x55860ECF,0xDAF66AD6,0x78F1884F,0xD80A6FD3,
  0x1781BFE1,0x25ED0F95,0xDABCEB1C,0x13CFDD5B,0x89C203A6,0xCF8BD032,0xAE9988FC,0x94253057,0x8516E809,0x2315E9E0,0xB37EBB0D,0x577A0BCA,0xA207E299,0x9A475F37,0x6988D1DB,0xCBC5B288,
  0xD840EE19,0x83A48FB6,0xF781EC56,0xFF1B6543,0xA0FBE79C,0xC5A7DDE8,0x6F3AB664,0xA4FF04EC,0x00000000,0xAC658DF9,0x742563E0,0xE2B6D778,0x3622D2CE,0xA6498023,0x98BB5A32,0x6516BBBE,
  0xDEB8086C,0xC75BD8ED,0x83EE0E7C,0x72DD8595,0x76D966E5,0x5D560610,0xBD1CD46D,0xB5CCDCB2,0x706B015A,0x1DADB23B,0x25A78E5F,0x6158D904,0x5182EDBF,0xFF51E489,0xEA66DFA7,0xCD3D54FD,
  0x36685304,0x6F7037AE,0x2939E43A,0x0A2C0DDA,0x8B748769,0xE404B0C7,0x3EB85BDB,0x63A4DC01,0x4C2F5F84,0x8988826C,0x855C69C3,0xF9E38336,0x746FE22A,0x40B135E1,0xA82BEF43,0x4649D394,
  0xF1790A23,0x044E62BA,0x81588AB3,0xA8616E89,0xB730D9B7,0x2D3D074A,0x7297045F,0x4ED35A81,0xDC440D69,0x591864AA,0x157DBAE4,0x5D1C87DA,0xA0B16656,0xAA9D6B8C,0x4A9D383B,0x53346970,
  0x0E28EEAA,0x1133D85E,0xE04AD27D,0x2FC1024F,0x1B55544E,0x2BC5E13F,0xB182BE08,0xC5ED5C22,0x0E626F60,0xF5376899,0x08D008DF,0x9693B498,0x70218090,0x8DC6E0D6,0xAED30936,0x57308A00,
  0xE89ADAA2,0x4C65DE4E,0xA60301E9,0xF7CB6D9C,0x2B8F60F5,0x21E9ECE5,0x946FB19D,0x297365F0,0xD6228179,0x3EF2DA11,0xD2266209,0x02FC0505,0x3AF63961,0xE6B23408,0x7CBFEAF5,0x004A81CA,
  0x67EABEBB,0x4207B12E,0x3C0EDF14,0xCFC151F8,0x3090B571,0x275B8B5A,0x67A03F71,0xA4B58526,0x9E093D8D,0x2D778680,0x3ABCB8AB,0x17CB3E2B,0xCD77D537,0x7A470C80,0xECD4B818,0x929757E8,
  0x7E096E3A,0x7A0D8D4A,0x9CBFB942,0x322631BE,0x51C86C75,0xF3CF8EEC,0x1DE733F1,0xC7115927,0x5FE082DF,0x537EE8BA,0xFDE76046,0x92DDD622,0xB1C83FC2,0xC315BA57,0x6DC6B361,0x48613D3E,
  0xF35DF44A,0x0240E24A,0x4480CD89,0xB7DD39C3,0x1E313843,0x37710F2A,0xB3B2A30C,0xD89C65EE,0x4DF8B7BA,0x7A48FC17,0x7E2766D8,0x8B94AE90,0x7EE6225F,0x3A66EFD6,0xB59DDB89,0xD70A23DF,
  0x3531ED60,0x84C3AC26,0x1EF07CC4,0x0D17E0FC,0x6297F856,0xB84B7FF2,0x6D01BE67,0xF7F32A02,0xB373E78B,0xC66C192A,0x73308624,0x4B168BB8,0xF5B3C848,0x7C678492,0x178806F7,0xC93B1B9C,
  0x64B880D3,0x55E6F77C,0xC6AD5DAD,0x69AF602F,0x33DFD162,0x3EC8319E,0xED6CCC09,0x9564D254,0xD58B8512,0xF8A428B4,0xBA0B9DB8,0x696E24A8,0xCF146319,0xF5728CCF,0xF39CB0CD,0x1509A03A,
  0x6F8018AA,0xC20383E5,0xE414B63A,0xB71C7D44,0xF8656C33,0x1A9FE60B,0xAD42DFC8,0x8F3A70D8,0x181E40C6,0x00C14487,0x80AC36E9,0xFCCBB27B,0x42AFB50C,0x6256BCD1,0x86420AEB,0x22B9EB97,
  0xEB82F00B,0xB55C9F0E,0x78081E5D,0xF7326E85,0x04AEDE48,0xE69510F7,0x95A596D3,0x046F9ACF,0xBEA543F0,0xAB6DA74D,0x8DBBD615,0x2B00D523,0xB13305C1,0x0F964631,0xA215DD7E,0xC2C2C762,
  0x15C8E4BD,0xE2FA8A38,0x60D71A1C,0x0DD6A47B,0x4D39F33D,0xC0822528,0x987332A8,0x8915085D,0xD85D2169,0xBCE5A1BA,0xA92D4507,0x822D9024,0x5E1F2B82,0x29403769,0x51482934,0x779E586C,
  0xDC32BBA6,0x00000000,0x8D7A9292,0x4BD7CF3F,0x51896DB3,0x062F7885,0x9E5C4A2D,0x3E097519,0x6639261E,0x97E57499,0xE90356C6,0x2DEEE921,0x5EDE6F05,0x6DC0FAE0,0x18DF0441,0x13E79C38,
  0x6479C454,0x938AEE56,0x46016B44,0x9AF29465,0x4441890E,0xD1255B5A,0x9A33D0E2,0xE4D5F2BD,0xBACAD93F,0x06EE3C02,0xDADC87A4,0xCB7BF9D6,0xCD95C5D4,0xAFC37905,0xCD548153,0xA4FBE17C,
  0xA67A47B1,0x775F1CEB,0xD54AC195,0x7A89B890,0xDEB31D6B,0xA43AA5FB,0x3AA7AB51,0x576751B1,0x57A61536,0x8402E8A1,0x7CA6C015,0x26D67158,0x1A5EA28C,0x5527B3FB,0xEF2C2E43,0xBC24E53D,
  0xA6BB0336,0x5A70B14D,0x402E13C1,0xF11D1600,0xDA1DC323,0x89D44CDA,0x0B389879,0x2FAE0B6B,0x37B04BAD,0xE9C21241,0x319F3328,0x73F1C2A3,0xD365B910,0x46C02FC3,0x8FFB345F,0x38260D9C,
  0xA0553F34,0x24969312,0xFAE4CAFE,0x8B55EA17,0x60165E9B,0xB88A3B75,0x98B2762F,0x82ECD4A3,0x751FFEA1,0x9CDDECE0,0xE07B2CF5,0xBE640777,0x2BC191A4,0x261735DF,0x66F86299,0x1CB09E8E,
  0x5C9E8D4F,0xFE8B5031,0xAD839B4F,0xE23BCEBF,0x495669F2,0x0281A6CD,0x331E95E5,0xE6545470,0xD1E41FDD,0x58F11780,0xCFD5279E,0x78C95ADA,0x75DEBA26,0x58305307,0x5AB1F5CA,0x3C88D3D4,
  0x2D2FADA6,0xE0BA6872,0xC4EDBFE7,0xD7CB6758,0x910B489B,0x09B93EB4,0xFA258E79,0x17494270,0x91CA0C1C,0x1326D8BF,0x2278AF10,0x35F0A9E7,0xC9FA5F1B,0xA0947BB3,0xC04361AF,0x86834E6C,
  0x426EF18B,0xA2D499F9,0x298173EE,0x71B120E9,0x0F5702B6,0x6B2EC6E2,0x9724301E,0x11A77E72,0x6BEF8265,0xF1DC5287,0xD3A4FD97,0x9E9D0EAA,0x9C1CA867,0x2457D795,0x40EF5746,0xDE7259EC,
  0x806D726E,0xB1F24146,0xEDAD888E,0x49972D75,0x11663AF5,0x38E7491B,0x3C499753,0xAF023D82,0x1C71DA09,0xFC0AF6FC,0xCBBABD51,0x0BF9DCFE,0xA9EC0180,0xEFED6AC4,0x4FB855F0,0x7170646E,
  0x2F6F4FEC,0x09787A33,0x53C98FF9,0x20384D5A,0xC42CFB60,0x315E77AF,0x4F791177,0x6F415C2D,0x5308CB7E,0xFE4A14B6,0x20F909DD,0xEB43B48C,0xDCF3FF21,0x5C5FC9C8,0xABACE3CA,0x934BAAD1,
  0xB240E9BD,0x398BFC75,0x2D174AD4,0xA25E5B39,0xF6E7BDEC,0x6D321AA0,0x1EDCC1E8,0x33CB8B3C,0x794A9479,0x73EEDB48,0xB26F506B,0x4A65273D,0x50F0635E,0xFCA7CAA5,0xD19F39A7,0x5E321032,
  0x91BA69D3,0xD1B08071,0x2778844B,0x101EB284,0x50145B26,0x29BAF727,0x8FAD2995,0x5A9FADC1,0x0AA44F31,0xECB97821,0x6DF99B0E,0xFC43F2DD,0x73255AE6,0xB8CB1F5A,0x5E1DA9E4,0xE83B7C04,
  0x279CBC33,0xCB0A7DC4,0x50DFDA88,0x503BE2F0,0x37ADB761,0x5EF9919C,0x9195D005,0x631451B4,0x1A5EC5CD,0xC5E7B77E,0x39407DDB,0xA271E2EF,0x81A4DB57,0x95386DF6,0x9F57A369,0xA617DEB2,
  0x0EC2736C,0x6D1DA376,0x5A7B95B9,0x00E43878,0xF6038594,0x4A4A9EEB,0xDB14CF40,0xCF6C4199,0xE8F0FDAA,0x002FB9D6,0x29954EF1,0xDF5D4ACB,0xF28181B1,0xB8E4A68C,0xC5C80EA8,0x545DDEAD,
  0x10FA8AFC,0x0E264B14,0x9B319F34,0xE8DF447C,0xD5328454,0xCB25C412,0x9BFA1E9A,0x95F3EC58,0xD154B809,0xB6ED544E,0xDB3B7696,0x5AB01417,0x730AE330,0xD17B01DF,0xAC9C2855,0x33000A92,
  0xCF8879E1,0x6DD622D8,0xB6C2ED98,0x67965591,0x2DF372AC,0x8BE4AC1E,0x5472677B,0x9F781ABF,0x3DEDC028,0xDF96CB65,0x816F5AF9,0x2DDCCB7A,0xF6C8043A,0x77A75EC3,0x04ADBDF3,0xDBDF4EEE,
  0x9171E87D,0x8B009466,0xA83195A6,0xCF43F84F,0xF80A7756,0x7DC8905C,0x3D264186,0xB82F2722,0x4EE72318,0x5ED6284A,0x4A811F45,0x85ED5EDC,0x40255074,0x40EED1DA,0x8526DF72,0xA8FA1408,
  0x0449858B,0x14B30F77,0x7D2CA824,0x63DFD01A,0xDFB972B3,0x633BE862,0x04663C5D,0xEC72F98F,0x9F9C22C7,0x396FC40D,0x332FB344,0x8140E32F,0xF2AE3867,0x63F069CC,0x400AE9A2,0xCBEE45BC,
  0x3D09F850,0xF825CE80,0x29717689,0x233101C0,0x231EB816,0x1EF3783E,0x54965F03,0xE254B29B,0x23FA806E,0x1E38F990,0xBC829AD1,0x0A8BF6E7,0x33E432EA,0x8F4911ED,0x1A717C1B,0xA295DA97,
  0x0A6FCE9F,0x1457370F,0x0A407749,0xBCAD2307,0x95DC558E,0x818B6281,0x1ABAFDB5,0x10310B52,0x4E2CA2B6,0x39A445A3,0x3DC279FE,0xC14A0A8D,0xEC5D4059,0xA6DC5F1C,0xCFA7C037,0x1E174046,
  0x8F829043,0xDBF0F738,0x699FA753,0xB8009EF4,0xACB39183,0xE61D3710,0x9FB39B11,0x8F66A83B,0xF8EE4F2E,0xAC57A9FB,0xE2B08AE3,0xBC491B7F,0xE27B0B4D,0x9517D420,0xC5038F06,0x8BCB15C8,
  0x37498F19,0x850966A4,0x85C2E70A,0x798115D7,0xDF72F31D,0x7788E715,0xF8C1F6F8,0xCBC1FC6A,0x00000000,0x37820EB7,0x00CB81AE,0xD5D6BC2C,0xE6F90F68,0x8B2F2DB0,0x7D0311F2,0x446CD5FF,
  0xBC66A2A9,0xA8D5ADDE,0x69B01E85,0xF24A001F,0x0EEDCABA,0x7DE7298A,0x40C1680C,0x376636CF,0xA6F3E6CA,0x4E031B60,0xD5F905FA,0x2D38F302,0x9BD5A74C,0x23D539B8,0x54B9E6D5,0xB6096C36,
  0xE814C5D2,0xE6328EC6,0x5A542C6F,0x27B305E5,0xB2A4D1C5,0x4EC89ACE,0x04820425,0x27573D9D,0x295ECF5F,0xF265B9C9,0x0E09F2C2,0xFC6C4B0B,0x675DD43F,0x44436C29,0x915E51AB,0xC1AE32F5,
  0x697B9F2B,0xA2BA6341,0x67B9EC47,0x695426FD,0x4AAEA693,0x1A954463,0x79652DAF,0xE6D6B6BE,0x73C1629E,0xF62C3C42,0x67726DE9,0xAC78102D,0xE29F3335,0xC165B35B,0xFC887373,0xEC96C1F7,
  0xA81E2C70,0x44A75451,0x79AEAC01,0xB28B6813,0x149CB6A1,0xA6386764,0x774366BB,0x9B1E26E2,0x4488ED87,0xC52C36D0,0x10D5332A,0xD51D3D82,0x14788ED9,0xC1818B23,0x776CDF6D,0xB626D5E0,
  0x6EB83F81,0x0C93EDE9,0xB3BDCBAE,0x62F0B9BA,0xA04F9D90,0x3C873453,0x6F92B605,0xF2709642,0x6E635453,0x2E5FEBE9,0x8F3AFFFD,0xD53CFE06,0x1B1037C5,0x38F6B841,0xFF1299FD,0x5F5D046D,
  0x444D33A8,0x7D91026D,0x9171CDAE,0x6770D7FE,0x22176DD2,0xE9BBCA55,0xF6011A50,0xD067FB90,0xFB6315EF,0xCA862E03,0x2BDF85AD,0x98624E03,0xF7F0F806,0xECE0CFC3,0x354FDC2C,0x055B0596,
  0xD19619C6,0x1203B468,0x27970396,0xADF6F9FD,0x63015BEC,0x6AC9B393,0xF72B93D4,0x95DB2A6E,0x3C5C5F81,0x39075A17,0xB6E6CE38,0x01F1E256,0x57BF6596,0x1758B1FE,0x1BCB5C17,0x48DEDE41,
  0x1F61BBD7,0x1AE1D593,0xB7172C6E,0x8B4B73EF,0xFA499C6B,0xD5E795D4,0xEC3BA411,0x79E08E7F,0x523F0BD2,0x4D85DBD7,0xD4167782,0xBF2E2647,0x7CBB8BE9,0xA1BE7FC6,0x6B3851C5,0xC73F4A6E,
  0x63DA303E,0xDCF41679,0x16A953A8,0xC34EC67C,0x382DD393,0xE84A2803,0xCFDD2B95,0x668135A8,0x53158256,0x83A91214,0xFA92F7B9,0xA5149806,0x91AAA67C,0xCA5D45D1,0xD0BC9042,0x748281C0,
  0xD14D7214,0xC2BF242A,0x2E84803B,0xCF064047,0x67ABBC2C,0xF6DA7182,0xAC071BAB,0x40E7D468,0x793BE5AD,0xBE04AFC3,0xB366A07C,0xE5F34C6E,0xA95C1E3D,0xD8859A6B,0x30CFB268,0x75A80844,
  0xDD05F42F,0x9C13C211,0x78116C29,0xBA7523D1,0x6F49DDD7,0x08E261FB,0x8FE1942F,0x09C8E87F,0x2B04EE7F,0x1E905981,0x9CC8A9C3,0x403CBFBA,0x5695EC12,0x7C60E03B,0xF2ABFD90,0xC7E421BC,
  0x3014D9BA,0x1A3ABE41,0x13293DEC,0xBB84C187,0x22CC0600,0x492F3C17,0x49F457C5,0xBAAE4803,0x8B90183D,0x091383AD,0xBFF54D95,0xCB77CC55,0xE89143D1,0x0DB9646D,0x90802FF8,0x3D76D605,
  0xD85EF1B9,0x4567BA2C,0xE960A187,0xE52827BC,0x9993AC55,0x9D394B95,0x8ECB1DAB,0x564E87C0,0xAD2D922F,0x3DADBDD7,0x2F75626D,0x13F2563E,0x6A12D841,0xFEE37BAB,0x86F21782,0x5B2C887F,
  0x1783DA2C,0x86297C50,0x837279C6,0x4CAF5253,0x04718C12,0x274C6844,0x8E107679,0x00DB6BD2,0x70286600,0x2666E1C0,0x6BE33A17,0x52E46000,0x8258F042,0x04AAE7C0,0x4116363E,0x0C48863B,
  0x5F866FBF,0x94F1A3EA,0xB297422A,0x57640E44,0x8ABA91B9,0xA8ADFC6B,0x2A2E67FB,0x75736396,0xB63DA5EA,0x5E778DE9,0x98B925D1,0xE4D9C5EA,0x00000000,0x08390A29,0x82839B90,0x4496587A,
  0xA43E1182,0x23E68F84,0x41CD5DEC,0x313E503E,0xA4E57A50,0xB24C29F8,0x8703F5D4,0xACDC7079,0x5BF7E3AD,0x5ADD6A29,0x346555A8,0xCBACA787,0xA5CFF3D4,0x31E53BEC,0xD974783D,0xC395ADAE,
  0xB7CC47BC,0xFFC9F22F,0xEDCA4647,0x78CA07FB,0xC2644FF8,0x34BE3E7A,0xE073222A,0xED112D95,0xE402AE38,0xF3817414,0x3594B7FE,0xCEF7A211,0x9948C787,0xA98775EF,0xE182C07C,0x4805B593,
  0x7459EA12,0x0D620FBF,0x1E4B3253,0x9DE22047,0xD4CD1C50,0xDC2F7DAB,0x905B442A,0xBEDFC411,0x39DC31C5,0x950041BC,0x942AC838,0x4D5EB005,0x2AF50C29,0x7D4A69BF,0x53CEE984,0xE159ABAE,
  0x1FBAD005,0xA87697B9,0x1672387A,0xBB5FAA55,0x5EACE63B,0x665A5E7A,0x622BD268,0xA094F642,0x8A61FA6B,0xD9AF13EF,0x012A8984,0x5A0601FB,0x7102EF84,0x233DE456,0x70F30DD2,0xC615C3EA,
  0x87D89E06,0xFE381079,0xE0A849F8,0xA1651414,0x12D8DFBA,0x45BCD1FE,0x71D98456,0x05806E44,0xCE2CC9C3,0x4C743981,0xDDDE9FFD,0x2FAE09BF,0xFBB87E3D,0xC6CEA838,0xF35A1FC6,0x26BD8A12,
  0x110BFBC1,0xC6E88102,0xDA24A12B,0xF3CFDEEA,0x7DDA245D,0x8282900E,0xFBEC0B6C,0x3C543B3F,0xE2C4252B,0x1CCC2029,0x588E02CB,0x05E40E6E,0xB7A5CFE6,0xCEE3676A,0xEBB741FC,0xA68607C9,
  0xBB1A96B1,0xEACFC343,0x5C128E1A,0x453AA05D,0x2D77F310,0xAA395E9E,0x4985F90A,0x65A2BB4B,0x18789F16,0x14C7C641,0x93A15821,0x9E4EB027,0x59DEB39A,0xF753523B,0x714D4EE4,0x049C8CD1,
  0xC30C8F6C,0x6046B525,0x05CC3D80,0xAEA5D24F,0x874EAD8E,0xDA0C92C5,0xFBC43882,0xE7202B45,0x93896BCF,0xEE7B7C7C,0x59F68074,0x002833EE,0x9F1E0176,0xA6AE3427,0x686560A3,0x92F1E970,
  0x2C0F71AF,0x0DEFE806,0xC79003BD,0xD6B3CB92,0xC25C3E3D,0xCECB5484,0xD7CB492D,0x48D5485B,0x446A110C,0x3193E0D7,0xA21A8B18,0xE70818AB,0x242CA429,0xCA7FEBBB,0x75F9F1DB,0x5D6A0CA5,
  0xA232B8F6,0xBF861A60,0xF2B75C55,0x9BAABE49,0xDB74107A,0x1123C82F,0x658A88A5,0xEAE7F0AD,0x8BF1F4D9,0x50ADD74D,0xA7D6B698,0x21E099A9,0x8E3DC959,0x35275FE8,0x86362F31,0x7DF217B3,
  0xBA62140E,0x15BF44FE,0x19001DA9,0x4D314635,0x5561EACD,0x30C35186,0x6CF9EC72,0x8F6D7808,0x691DE21C,0x0DC7DBE8,0x444222E2,0xB6F57EB7,0x9645564F,0x71657D0A,0x701DFFB5,0x3477EEB9,
  0x350F6C06,0x41A62C8C,0x5D423F4B,0xFE2036EC,0x04B4BF3F,0x783E2A33,0xA36209A7,0x0C976AB9,0x14EFF5AF,0xB31170D9,0x61160474,0x418E1F62,0x15977710,0x1CE413C7,0x75D1C235,0x64DA39F4,
  0x9B828DA7,0x017882BF,0x20981B16,0xE394947A,0x83D2215F,0x1073797E,0x54196872,0x0823D586,0xE2EC16C5,0x7CA2A6E2,0x30EB6268,0x684D534D,0x097364D7,0xBB32A55F,0xBFAE298E,0x3C7C08D1,
  0x9AD23CF6,0x7035CC5B,0x64F20A1A,0x4C49C48A,0x6CD1DF9C,0x83FA12B1,0x39B03551,0x1DB4A296,0x613E379A,0xE658A9FA,0xC2740DD3,0xCA57D855,0x6D816ECD,0xCB076904,0xC7B83053,0xD69BF87C,
  0xDB5C2394,0x5085E4A3,0xBEFE98DF,0x8AA14588,0x8A897666,0x31BBD339,0x9AFA0F18,0xFABCBA3D,0x54315B9C,0x6935D1F2,0xCF9BE5D5,0x58A63125,0x40DEAE33,0xCB2F5AEA,0xF62BD084,0xB269F266,
  0x240497C7,0xB78DFC08,0x6DA95D23,0x5C3ABDF4,0xDEB82DFA,0x74817364,0x92D9DA9E,0x9715E71E,0x74A9408A,0xF603E36A,0x399806BF,0x29C34C2F,0xAE8DE1A1,0x38C8B7EE,0x3D048A6E,0xD20774AD,
  0x8BD9C737,0xC6C0B2EC,0xD37FF612,0x257C1578,0x19282E47,0xC324BC82,0x1D9C9178,0xAA116D70,0xB6DD4D59,0xBED6AB31,0x0CBF5957,0x1850ACF8,0x8E15FAB7,0xE6709A14,0xAB69EFCF,0x4D1975DB,
  0x2893FD7E,0xB241C188,0x28BBCE90,0xDE901E14,0x51FD661C,0x966D65A1,0xE3BCA794,0x82AAA3E0,0xEE534F92,0x21C8AA47,0xBA4A27E0,0x7C8A950C,0x9E6683C9,0xA7FE8576,0x105B4A90,0xAFDD50F0,
  0x451293B3,0x40F69DDD,0xEF03FEC3,0xEF2BCD2D,0x2D5FC0FE,0x29EB7FC1,0xD7E37AC3,0xEB9F7212,0x3D2CB980,0xF3E7ED04,0x38E08400,0xCFB3D63B,0x00000000,0xD357C5FC,0xFE080502,0x4C61F764,
  0x080BE668,0x2C274241,0x48FD7BB5,0x9F363298,0xAB41DC21,0x606E86CB,0xFF7087BD,0x796E9B62,0x8F454BE6,0xAFF5631E,0xFF58B453,0xF29F6FBB,0x87669E60,0xD22F4743,0x51D555F2,0x781619DD,
  0xDFC0AF45,0xFA9489D3,0x0150B151,0x7946A88C,0xF77B61D5,0x25542696,0x861E1CDF,0x20B028F8,0x345FDD57,0xDFE89CAB,0xB3394337,0xA34A3A49,0x49ADCAE4,0x095B5739,0x5549D923,0x973DD4F0,
  0xEF1369D2,0x1609DBFE,0x0BCDFB12,0x459A2D09,0xBB2CA1FF,0x11A5E524,0xC3BE3A66,0x376217CC,0xF8BDE862,0x1763593E,0x9781F24B,0x48916A01,0xC9D49B3A,0xB0E15AED,0x974C2AC5,0xD9D62450,
  0x6F3C1A29,0x635DDFE1,0x0CAC1D46,0x3D08B690,0x1A681E36,0x31697358,0x016A82C0,0x0B00239C,0x735F608B,0x0D0B4708,0xE3BF7494,0x72F83AC5,0x80E2AB75,0xC8BE19FA,0xC41204BC,0x0761E654,
  0x9A476DCD,0x4F3D54DB,0xAA449C55,0x3003F198,0x59F957AB,0xD3BC850C,0x55989263,0x5234ACB9,0x6556BB75,0xBBE17971,0xDE7A1A8A,0x6390076F,0xD3715D82,0x7935C1D7,0x7F3EA543,0xBA8BFBB1,
  0x9C81D1D7,0x8624176F,0x54F210A3,0xAA8944DB,0xC5B55EF2,0xD8BCA690,0x2D0A09FA,0xF2D7493E,0x5893D56B,0x06C6BC1A,0x74F35E51,0x42FBCB5D,0xBDEA1DE5,0x91474E51,0x9BE03783,0xE372AC1A,
  0x3AA4884A,0x00000000,0x443D7747,0x4FF08C55,0x7392B805,0x2AA63720,0xB74D6437,0x1CAEA22C,0xAD257A01,0x7554041F,0xA625599D,0xE2D5F654,0x9626A805,0x20014EF2,0x7E542783,0xFE7B5478,
  0xE2182EDA,0x10CF67E4,0xE8728F86,0xDFDD40C4,0xA74FDB5D,0x902DCC91,0xD2D607CC,0x01A75A4E,0x9A8AB543,0x27AD7028,0x1D09F862,0xAC4FF8C1,0x8BE288E9,0x435C9113,0x86E9CFE1,0xC373E2E8,
  0xE4134A4E,0x7235E24B,0xF4DC2DAA,0xFFDC0E36,0x689024F3,0x4E9A0E95,0x3A6950C4,0x659B63FB,0xFF11D6B8,0x2BCCB5E0,0x4936304F,0xC578867C,0x17AE81B0,0xE8BF5708,0xE4DE92C0,0x6E5698E9,
  0xD4DD6358,0x2B016D6E,0x8A880A29,0xA78203D3,0x685DFC7D,0x216BCC32,0x9DEB5317,0x21A614BC,0x5F3FEBB1,0xB02C8263,0x64F1E13B,0xA1896747,0x9B2DEF0D,0x8A45D2A7,0x7E99FF0D,0x1C637AA2,
  0xABE3C61B,0x2DC7D174,0x585E0DE5,0x6E9B4067,0x87834D21,0xD5B7E198,0x90E0141F,0xAC82204F,0x5E556971,0xF57B77E4,0x69377EBD,0xF21A91B0,0xC873C174,0x6FF1C2A7,0xA02E3D09,0x1BCF4478,
  0xD91BFCDE,0x3DC56E1E,0x0C61C5C8,0x260A2A66,0x0DC69F86,0x423613D3,0xB627E6F7,0x4391499D,0x9D268B99,0xBC809F25,0xC4DFDC32,0xF9D76AA2,0x535E2E79,0xB18BD82D,0xF3BDCBFE,0x5E98B1FF,
  0x8145F13B,0x11683DAA,0xF5B6AF6A,0xB6EA3E79,0x78929B99,0xCE78A5E0,0x743E86DF,0x543FC82D,0x59348F25,0x8B2F5067,0x9C4C0959,0x62FA85AF,0x3C623450,0x1B029CF6,0x8C836EBD,0xBD27C56B,
  0x8C4EB633,0xFEB68CF6,0xC2D4B8A6,0xD57A3916,0x1002BF6A,0x2CAD53B4,0x802F73FB,0xADE8A28F,0xDEB7C204,0xAB2E1E95,0xF411F524,0x79F81959,0xDF10984A,0xE579C88E,0x060B6494,0x3608950C,
  0xEEB4339C,0x1AA5C6B8,0xCEB57D6E,0x00CDD88E,0xBC4D47AB,0x3B03D204,0x5393F6F7,0x4E57D61B,0x16C40370,0x7FF37DCD,0xA144BFC9,0x8D2434F3,0x69FAA633,0x818829B5,0x2A6BEFAE,0x3BCE0A8A,
  0xA0E3E587,0xCF122720,0x3CAFECDE,0x4557F587,0x49FBE8C1,0xF91AB22C,0x2760A8A6,0x62375D21,0x31A4ABD6,0x30CE2916,0x485CB28F,0xE9180D46,0x37AFCF42,0xD410BBD6,0x26C7F2E8,0x1DC420EC,
  0xEFDEB15C,0x643C39B5,0x44F0AFC9,0xB780BCB9,0x52F97437,0xC2196028,0x55554AED,0x96EB708B,0x5FF2333F,0xF3701370,0x0A6AA15C,0x918A96DF,0xEE79EB12,0xA6E88113,0x2C608B3A,0xC91943B4,
  0x8DE9EC7D,0xE9D5D5C8,0x874E95AF,0x36C54D82,0xE5B41000,0x07AC3EDA,0x785F4317,0xB14600A3,0x0AA779D2,0xD8717E1E,0xD21BDF42,0xBA46233F,0xF87030EC,0x20CC967C,0xCFDFFFAE,0x7599DC91,
  0xBC83395E,0xF139673A,0xB0F1C00E,0xC4617976,0xB0204D48,0x991F8413,0x7490B978,0x3B01A88D,0xED8F3D6B,0x6B5C5E4A,0x95BCF005,0x52A73410,0xEEF58008,0x766A7BAF,0xBE79FB89,0xDBAD9E44,
  0xA1B51CBB,0x2A94F97E,0x9B34CB82,0x4F409CB3,0xED5EB02D,0x7441343E,0x8429A1F6,0xA2CFA1D8,0xFFB15CBD,0x259CBD4D,0x974632D2,0x27667F9A,0x4DBA5E64,0x123E61D6,0x4F9111F5,0x39FB6A5A,
  0xA34FDE6C,0xF292571F,0x65D465CD,0xA16491FD,0x96C64D66,0xDAFC6CB6,0x0E59B6C1,0x3BD025CB,0x42B21A57,0x286E3BA9,0x5F55B2F4,0xBD0346EA,0x4EC0E307,0xD4A5DA77,0xEF75FFBC,0x00000000,
  0x35581E4C,0xFF60D1FB,0xCBB8B003,0xAEBD5888,0xAC961719,0x885B58A6,0x1FCCE732,0x43E3E8A5,0x29EE441D,0x84F82CB0,0x10C4A301,0x03AB3025,0xC69BBBA1,0xD70EEA52,0xD806AE61,0x508C7B81,
  0x254D300B,0xBEA876CF,0xAD1668AD,0x433265E3,0x53F6C6E2,0x0D230BA2,0x69A69C9D,0x38AA98A8,0x984E76E1,0x7AC90FB9,0xE0AC36C9,0xAFECAA7A,0xEE240D4E,0xF31228AB,0x1D3625E5,0xD65F18A0,
  0x99CE0955,0x5E044006,0x5ED5CD40,0x85A9DE42,0xBF28097B,0x2A457438,0x66AED8AE,0x6485973F,0x5F843FB2,0x888AD5E0,0x9BE546C4,0x377351DD,0x1E4C9886,0xECDECF99,0x79B3B2DA,0x37A2DC9B,
  0xE3D68BAA,0xB171BFBA,0xE30706EC,0xA035630F,0xE12C497D,0x34D861F8,0x9617C020,0xB20B02D9,0xFD9A132C,0x136F9324,0x3A505A7F,0xD68E95E6,0x9A653970,0xCA38CFB7,0x26E6002E,0x3409ECBE,
  0x1F1D6A74,0xE07DBB8F,0x53274BA4,0x6505E88B,0x5CFE82D1,0xD9575C93,0x5DAF7023,0xFEE0AE4F,0x8602EE67,0x989FFBA7,0x4CEBAC96,0x7510C6CC,0x7A1882FF,0x0DF286E4,0x773B895D,0x0FD9C975,
  0xD986D1D5,0xE1FDC43B,0xA0E4EE49,0x943C8FB1,0x1E9D15C0,0x87531C95,0x86D36321,0x0C72F950,0x9AB4B436,0x672EA71A,0x7833CD6E,0x79623F9C,0x4C3A21D0,0x4048D880,0x241CC2F9,0xEFA472FA,
  0x85785304,0x392AE71C,0x94ED02F7,0xA39E532A,0x2B1486CA,0xBC52B418,0x1C67D717,0x3589930A,0xC5308B84,0x24CD4FBF,0x3A81D739,0xE2877958,0xB1A032FC,0x9797BF94,0xADC7E5EB,0x42639711,
  0xBFF9843D,0x697711DB,0x13BE1E62,0xD525A5C3,0x76BBF6E9,0xAF3D273C,0x36F32E69,0x27B7F2DC,0xFE312309,0x505DF6C7,0xDA2DE1F0,0x6B8DD30C,0x037ABD63,0x02FAC2D7,0xA21E2C9E,0x4E116E41,
  0xC5E106C2,0xAE6CD5CE,0x119551F3,0x4D6BD322,0x3622A32F,0x409955C6,0x77EA041B,0xF1E8EA7C,0x41192A72,0x89DB2712,0xB2DA8F9F,0x12EFEC90,0x890AAA54,0xC8C20D60,0xF243DA59,0x878291D3,
  0x2BC50B8C,0x5C2F0F97,0x8BF06883,0xCAE942F1,0x7B49700D,0x8B21E5C5,0xE256F41E,0xC94272D4,0xBDD2CBAC,0x1CB65A51,0xC7CA4953,0x01807FB4,0x68F76E6F,0xC64A36E7,0xD7DF6714,0xD4745731,
  0x667F55E8,0x956D7D43,0xD5F42885,0x387B15EE,0xEC0F42DF,0x41C8A734,0x510C0435,0x6826E329,0x51DD8973,0x0CA37416,0x5276B956,0xDB7C1302,0x7B98FD4B,0xCB693D45,0x293FC95B,0xF06895C8,
  0xF0B9188E,0xC8138026,0x67FF2A5C,0x75C14B8A,0x1144DCB5,0x8A701737,0x022B4F91,0x6A0DACB8,0x0151F2F2,0x8AA19A71,0xB35AF02B,0xC993FF92,0x64541A79,0xF3C3A5ED,0x6ADC21FE,0x5D7EFD65,
  0x0E883B87,0x00D18D46,0xFCCBE1DE,0x26378D68,0x1DE7A8A3,0x10152E47,0xFD4B9E6A,0xD8D72327,0xC4B0F430,0xAC479A5F,0xFC1A6C98,0x28BFB6EF,0x78E24028,0xC71BC415,0xB38B7D6D,0x0F084433,
  0xF0DDABC5,0xC9BB0281,0x216E32E6,0x7C1EE9A6,0xDC624AFE,0x22888053,0xF6C0FE1C,0x0E376168,0xB5A5EB27,0xD999AD92,0x03E6B2B5,0xEC60806A,0x85A721B3,0x9398DB79,0x84E976D2,0x588B3C2C,
  0xDD2C1D9F,0x48A9933F,0x314C9DF5,0x8E6BA7B7,0x555AEFF1,0xCEE80039,0xBF273A42,0x5B6D8E99,0x35F92DF8,0x9DAFBA11,0x2BECE383,0x0A82D165,0xFC422F79,0x79E50ECA,0x5C3E8C21,0xB70D0EF3,
  0x18089BA2,0xBE696D23,0xA72FA1E0,0x13C41DA6,0x3F7BFC9D,0x41CDF0EF,0xB93A6F9B,0xC524863D,0x67F0C0B1,0xD0FDCE42,0x96633C15,0x4365153B,0x20206587,0x096463D0,0xC0DF6151,0x14971F1E,
  0x34B77A99,0xC6C23488,0xD506292E,0xB2F6E99F,0x33E47821,0xA918C088,0x3C9D4E28,0xF9B9C815,0xD2552B96,0xA39A11ED,0xEA7DD5B3,0xE8D53067,0x4EB4C6E6,0x9F075FC5,0x02A8E5D4,0x5209ED49,
  0x7A03BC7F,0x92D68C18,0x4A0176EB,0xE319B663,0xD6E09B9B,0x8D8D1502,0x2AA2B4E2,0xCD0EB28C,0xD4487E4F,0xCA5DB034,0x769C38C3,0x6B6F440D,0x7434DD17,0xD8D7FAF3,0x1E15CE7B,0x7367DFAF,
  0x5D70DB40,0xA07CA358,0x9CE1ED70,0x6FDAF400,0xCB13E755,0xFA5F7AA0,0x50A1089D,0x29440657,0xBCC188F7,0xEEC865BE,0x64167204,0x422B425A,0xE7AC066E,0x23C6D732,0xAE4BC230,0x757A8A76,
  0xD1B39923,0xBB928A4F,0xBADCDD2E,0x5FD83E94,0xB3B8BEFE,0x78AB59AB,0x469EF257,0x7EB60C72,0x6E94A361,0x77D26FA2,0xFEEACAAD,0x6C3C46B5,0x263D305E,0x0BCC8604,0x4B4F218A,0x1771ADAB,
  0xEB3382D2,0x83BA746A,0xB87438FA,0x1CBD2BAF,0x1022AF13,0x57F20A25,0x128A4AC7,0x1AA07E76,0xF78EA97D,0x3BCE4C90,0xADAD7085,0xDECAAF2A,0xC8F555E0,0xCFA65758,0x722988CE,0x61ED9568,
  0x66BE97D0,0xDB314846,0x8B9040DB,0x075302B8,0x49E7C45E,0xBD8FDF96,0x4083A78E,0x634570BC,0x56BC5D44,0x2495D58A,0xDF84F84B,0xFD0C7818,0x04B5B00D,0xC78C63E9,0x7D50BEC7,0xE99B6706,
  0x4C1C2332,0x3828FE25,0x8F25F0D6,0xA5874434,0xB1105B2A,0xE257E102,0x05FBE76C,0x457840E2,0x870FC467,0xE44AB4DB,0x47D0A536,0x972D6B74,0x8938A50F,0xF4681BC8,0x6A21136C,0x8CC34263,
  0x1DF37CCE,0xC339D3E4,0x2773673F,0x65582565,0xF193FCA4,0xA4C91355,0x6889F6B8,0x3002CA94,0xD31B7CF7,0x5E9669F5,0x4FFA9187,0x44361783,0x00000000,0x3DD31949,0xCC40E5ED,0x98545D7D,
  0x6D7211D4,0x163FFACA,0x2F59538E,0xED2ED70B,0x280A5136,0x620B27DD,0x3E35ABFC,0x15D9487F,0xACE327E4,0xAAFE723D,0x5A23D9F8,0x9BB2EFC8,0x2E1704EF,0xA85697E9,0x60A3C209,0xA661F681,
  0x907E69CC,0xC1913630,0x7FF85B13,0xFFA49DCC,0xE504E3BA,0x1F5B991A,0xB05E0C4B,0x3A801BF1,0x014E5761,0x4D527453,0x1946CCC3,0x2CBFE13B,0x0C9F84BC,0xA2D4468C,0xF33B1970,0x51EF5FFC,
  0x361F9F4D,0x8ADE17BA,0x32AA2F40,0xF8F79F74,0xAF059551,0xD7AECCFA,0x3751C82C,0xABB0255C,0x95858EA0,0x805CC6DF,0x86419306,0xE6E2510F,0x2DF1B65A,0x0DD1D3DD,0x91303EAD,0xB6435992,
  0x71CF3A7B,0xE1B153B7,0x0F793609,0x59C56B4D,0x1BEE2917,0x8876F26E,0x3966A944,0x991A0A1C,0xB4EBBC46,0x25DB82EB,0x061D55D9,0xEF8632DF,0x811291BE,0x5347BA28,0xC2778485,0x5414B890,
  0x7B4DEB1E,0x82F4230B,0xF5264CA9,0xDA7F1F27,0xFB112DC1,0x9E4908A4,0xC46AD15C,0xF2754E11,0x69C7A1D9,0xE0FF04D6,0x94CBD9C1,0x9AFCB8A9,0x70816D1A,0x116CF872,0x082A34B1,0xA132F439,
  0xC59A7625,0x15997973,0xE9967239,0xBDCF31FC,0xA982FBE7,0x0010EFB9,0x4276AB24,0xFFB99AD8,0xCF0A8549,0xF4FDDADC,0x9B53C68C,0x6C188DC2,0x2758ABA1,0xB75FC290,0x70A7964F,0x43B2F7F5,
  0xB69B9E41,0x90178688,0x27484418,0x092662FE,0xBDDFDE45,0x331561BA,0x30B31F91,0x7301E864,0x8D7C2E6D,0xBC0B6D2D,0xF74B4B4E,0x7BF339F2,0x385121BE,0x6FBEF3E9,0x64EA5C54,0x3A330344,
  0x72D55B0C,0x653EEF3C,0x8ECABFFF,0x1CAFF434,0x785547D9,0xDA831383,0x66887EAE,0x9B432935,0xFC1FE4F3,0xAA346A75,0x5F0DEC78,0x558DF0AD,0x3BE7B02C,0x98F5B8A7,0x1CBF1B8D,0x4932EB20,
  0x8D6CC1D4,0x17EBB430,0x8F1E0C97,0x7A376523,0x0B444004,0x33058E03,0xD1C75387,0xD013E0EF,0x2DD8B774,0xF52969B4,0xF539860D,0x03B69192,0xBFBDFCBF,0x2DC858CD,0x8CB872BC,0xFDCB579B,
  0x91C335E0,0xD2612DAC,0x1D6BA8E5,0x7981F4B1,0x2FBA958E,0x6E6A4081,0x48E65848,0x5CBB7DEA,0x17FB5B89,0xB4F9BCBB,0xD271C215,0x09368D47,0x39957D6F,0x92654BCB,0xFC0F0B4A,0x162FE8E1,
  0x0B54AFBD,0xBE694FD7,0xF75BA4F7,0xEBF450C3,0x87ECDD01,0x858EFFFB,0x3841CE07,0xD8F1DEC0,0x1F098A1F,0x1D7B475C,0x31774340,0xCEDE3621,0xC63C080E,0xD0030F56,0xCCBC14DB,0xABE0D91D,
  0x40046667,0xDA93FC3A,0x3A23ECFD,0x8CA89D05,0x6C08627B,0x859E1042,0x5D6FCE82,0xE3068155,0x4B402663,0x0272CD43,0x268C18C9,0x545943C5,0x79911B08,0x71732527,0xE8522EE8,0x158996CA,
  0x66989117,0x57FF3DEE,0x145D25A2,0x41C03AB6,0x6FAE1C50,0x2E6E26E6,0x7BE3D64B,0xEA300C12,0xCCACFB62,0x93A1171A,0x2C0C041C,0xF69FF826,0xE0B010C7,0xA2C6BBE3,0x49220499,0x862881D0,
  0xA2D6545A,0x652E0085,0x57EFD257,0x70B779F6,0x1F1965A6,0x3167ACF9,0x562B8E86,0x32D13D6B,0xCD78480A,0x4B50C9DA,0x4A94950B,0xD1D7BC3E,0x9A8775E4,0x559D1F14,0xBC1B8294,0x08F2D196,
  0x01C45CD1,0x00000000,0x86386E69,0x41D0D50F,0xA160C5C8,0x6DCC3EAA,0x731107DD,0x7845A860,0xEA20E3AB,0x401489DE,0x24EE3A33,0xABF036A4,0xD9358211,0x91D3DA59,0x8EDA5046,0xD3B59EC4,
  0xBE79A06E,0x5F1D03C1,0xA1702A71,0x163F0758,0x0A801CD5,0xAA2485CC,0x1EDD3977,0xA302E732,0x24FED58A,0xA0B476A0,0x1ECDD6CE,0xFE6D29B0,0xFFA97561,0xA856488F,0x87FC32B8,0x7163CA9E,
  0x4A847AB2,0x93B1F8A3,0x2FAA7A37,0xE164A3AF,0x03A67E2B,0x7A278A9A,0x08E23E2F,0x253A895B,0xE842C151,0x563B613F,0xA0A49919,0xE0A0FF7E,0xB68B71F8,0x5EC9B0A9,0x43A2184C,0xE2D2323D,
  0xD9256DA8,0xC44EC54D,0x144DCA1B,0xDB474F52,0x9931E476,0xC62CE7B7,0x3BF75F95,0xCECED998,0xA846A736,0x269CF770,0x90076931,0x9A979A5D,0x5449AC7C,0xCF1A6AF0,0xDB57A0EB,0xD3A5717D,
  0x844AA32A,0x845A4C93,0xC7E8BB66,0xB4E95302,0x6E7AAF38,0x5ED95F10,0x01D4B368,0x2E7EC95F,0x32C1D2D2,0xBFAD1306,0xEBE4BF7A,0x9275A472,0xF4ED3565,0xA992145E,0xE2C2DD84,0x98E5571E,
  0x252A66E2,0xB53DE06A,0xE3166EEC,0x30A3F028,0xE9869D80,0xA312088B,0xB74F2D29,0xC7F854DF,0xFE7DC609,0xE1744C16,0x72C5B4B5,0x674C227F,0x8F0EE32E,0x0A90F36C,0xF68F179F,0x99210BCF,
  0xC45E2AF4,0x48F6B7F1,0x398592D6,0xFDDBB822,0xC58A999C,0x6DDCD113,0xD8E13179,0x026222FA,0x2C1CEBA5,0x675CCDC6,0x4266449D,0xCD68A7B3,0x64FAB3ED,0x5D7F213B,0xB52D0FD3,0x5CAB9253,
  0xBA7EF19D,0xDF56AEED,0xA9EBFB7D,0x20A4AFCF,0xF441C173,0x523E71AB,0xF046498A,0xFA052C6D,0x3331A52F,0x2084ACC2,0x1265AF56,0xF0664A87,0x91699E03,0x7D2E96CC,0xB1ED32C1,0x4BC81DA1,
  0x418B7846,0x41AB7B4B,0xE223E6DC,0x447C5509,0x00000000,0xDAA183A2,0x4A38B817,0x4BE81EAC,0x86DB1F17,0x04278BF4,0xDF76ADE0,0xFE22A799,0x90993BB5,0x776DF32B,0x3D554B3C,0x19D66F07,
  0x405BDEFD,0xDB512614,0x2F30E46A,0x05F72D4F,0xE860833B,0x9EFDD5A6,0xB03D947A,0xE6046D28,0x896F57BF,0xD4C56DB1,0x8D48DC4B,0x91499D0E,0x3CA5EE8A,0xBE797964,0x0E64EE13,0xA2583B2C,
  0x8CB879FD,0xB43A1C83,0x64D8FAC6,0xB5CAB935,0xE8408036,0xEC670BC2,0x769D569D,0x1826CAB1,0x956E16FA,0x8C987AF0,0x65085C7D,0x830C3155,0x870BB9AC,0x19F66C0A,0xAC3CD53F,0x9B0AF8E9,
  0xDB712519,0x3311A622,0x6EBB9C2C,0xC680C1EA,0xB5EABA38,0xA3889D97,0xCD1302B6,0x79091D38,0x13B509ED,0x4E3F30EE,0x78D9BB83,0x6ABC14D5,0xD0E2E645,0x2EC041DC,0x872BBAA1,0xFBD58AD6,
  0x32C10099,0x521E72A6,0x65285F70,0x7D0E95C1,0x2573818D,0x82DC97EE,0xE203E5D1,0x01D0A6BB,0x53CED41D,0xD535C807,0x4E1F33E3,0xC2A74A1E,0xE3F34067,0x0E44ED1E,0x32E10394,0xADCC7089,
  0x889FF209,0xC357EFA8,0xA67FB0D8,0x5639F952,0x9F0D7010,0xC377ECA5,0x60DF723F,0xBFA9DFDF,0x7CFE3077,0x832C3258,0x94BEB041,0xBBAE5726,0xD13240FE,0xA9CBF870,0x9ADA5E52,0x3972C0C8,
  0xE6246E25,0x6F4B399A,0x6E9B9F21,0x79291E35,0x25538280,0x1245AC5B,0x1DF1E4F3,0x0FB448A8,0x86FB1C1A,0x894F54B2,0xFBF589DB,0x38A26673,0x3D754831,0x0BB3C051,0xDA8180AF,0x59ADB2F7,
  0xA7AF1663,0xF461C27E,0x736A7BD2,0xFE02A494,0x040788F9,0xC8E42FF9,0x8D68DF46,0x64F8F9CB,0xF196EF31,0x0A4365E7,0x24A32736,0x57E95FE9,0x729ADE64,0xB41A1F8E,0x3C85ED87,0x5D8A3903,
  0x734A78DF,0x2AC7C925,0xE3D3436A,0xC770645C,0x5C7A9CB5,0x2B376C93,0x6F6B3A97,0xADEC7384,0x88BFF104,0x72BADD69,0x1C214248,0x2EE042D1,0x57C95CE4,0x4A18BB1A,0xF1B6EC3C,0x610FD484,
  0x17B28114,0x458CF0BF,0xFA252F60,0x407BDDF0,0x53EED710,0x9EDDD6AB,0xCCC3A40D,0x598DB1FA,0xE9B02580,0x612FD789,0xFFF20122,0x6B6CB26E,0xE7F4C89E,0xC7506751,0x949EB34C,0x4FCF9558,
  0xD4E56EBC,0x01F0A5B6,0x6B4CB163,0x164224A2,0xCD3301BB,0xEDB7AD79,0x2B176F9E,0x2483243B,0x76BD5590,0x445C5604,0xBA5EF290,0x90B938B8,0x0F944BA5,0xD11243F3,0x13950AE0,0xA83B5DC6,
  0xF5B164C5,0xBF89DCD2,0x5C5A9FB8,0x82FC94E3,0xA2783821,0x21740974,0x3882657E,0x166227AF,0x954E15F7,0xA81B5ECB,0x17928219,0x60FF7132,0x45ACF3B2,0x6A9C17D8,0xC8C42CF4,0x05D72E42,
  0x587D144C,0x36E68B6D,0xDE860856,0xD515CB0A,0x3952C3C5,0xA65FB3D5,0x0A6366EA,0xC6A0C2E7,0xCCE3A700,0x7CDE337A,0x9AFA5D5F,0xA78F156E,0xB1CD31CC,0x78F9B88E,0xC9148A4F,0x1DD1E7FE,
  0xFFD2022F,0x9B2AFBE4,0x1806C9BC,0x21540A79,0xB01D9777,0x37362DD6,0x37162EDB,0xBB8E542B,0x2AE7CA28,0x9F2D731D,0xA3A89E9A,0xBE597A69,0xC9348942,0x36C68860,0xE990268D,0x774DF026,
  0xC2874913,0x2F10E767,0xD0C2E548,0x5619FA5F,0x5DAA3A0E,0xE7D4CB93,0xED97AE74,0xDEA60B5B,0xF59167C8,0x0B93C35C,0xEC4708CF,0x585D1741,0x4FEF9655,0x0020030D,0x1C014145,0xAC1CD632,
  0xA7383561,0x15B0638D,0x05BB2B51,0x6E793837,0xD96B6857,0x1C80F194,0xE65FC463,0x7B9BFB3C,0x1948579E,0x8DBCFAD8,0x4D9FC511,0x3AFC0A3E,0xC960208B,0x94D5809B,0xBB99E928,0x1CD25112,
  0x7BE87667,0x8165E316,0xE3B64FB4,0x7E535D36,0x9DE51282,0xB2FBDBB7,0xD94A458A,0xA2831E30,0x585C2BC7,0xEA86DDAD,0x3ADD27E3,0xFADF35F7,0xF3BD0768,0x15E2C30B,0x41147C59,0xA2F0936B,
  0xBE03EFA4,0x0CF83413,0x982DB488,0x4805C39D,0x77316FA9,0x6E2B98B1,0xDCF16EDB,0xB740F0E6,0x0962329F,0x3F47216F,0xA76A95E7,0x4167F102,0xDCD04306,0x913C0B4C,0x7E7270EB,0xA2D1BEB6,
  0x100B48DC,0xEAD47D2B,0x48764EC6,0xBE22C279,0x9D969FD9,0x15C3EED6,0xB28856EC,0x2A84CFB9,0xABC00172,0xEF3DF6FC,0x2AA5E264,0x6E0AB56C,0x19697A43,0x36043E2D,0x23E6FD26,0x987F140E,
  0x3677B376,0xEF4E7BA7,0xAB92A1F4,0xDC82E380,0x8855710F,0x2F3FE4E8,0xB2A97B31,0x5DB5A010,0xA74BB83A,0xC5981498,0x6B90B3E0,0xFAFE182A,0x62D3ACA2,0xE3E4EF32,0x00738D5B,0x728A44F8,
  0x676887F3,0xCCDB0BDA,0x8D9DD705,0x6749AA2E,0x2AD66F3F,0x848C68C1,0xEF1CDB21,0x3F1581E9,0xD939C8D1,0x94A60DC0,0xF39C2AB5,0x193BDAC5,0x5DE70096,0xE3976269,0xAE5A07FE,0xBE514F22,
  0x62A021F9,0xC0021214,0x4DCD6597,0x5D948DCD,0xA2A233ED,0x6BC21366,0x54853209,0x7E20D06D,0x267CFBAA,0xE62C4938,0x6E5815EA,0x3F660CB2,0x23B45DA0,0x7BBAD6E1,0x05E98BD7,0xB2DAF66A,
  0xF6062C39,0xD07AD793,0xC050B292,0xEF6F567A,0x911D2691,0x72AB6925,0x1CF37CCF,0x8826FC54,0x514D9403,0x191AF718,0x339E38A1,0xA71918BC,0xCCA88681,0x580E8B41,0x44DCDA53,0x72D8E47E,
  0x88745CD2,0x2395707D,0x916EABCA,0x260F76F1,0x9DB7B204,0xEAF550F6,0x980C9955,0x84FFE59A,0xC0233FC9,0xBE7062FF,0xCCFA2607,0xC9410D56,0x09309219,0x1078C587,0x1CA1DC49,0x84DEC847,
  0xF6548CBF,0x5DC62D4B,0xC5CAB41E,0x33EDB5FA,0x94F4AD46,0x0CAA9495,0x41355184,0x985E39D3,0xF3CE8A33,0xD5C1FCC2,0x587D061A,0x54D7928F,0x448E7AD5,0x8DCF7783,0x44FDF78E,0x582FA69C,
  0x54A41FD4,0xB7337DBD,0x23C7D0FB,0x8DEE5A5E,0x4DEC484A,0xFF36BE20,0xD5935C44,0xBBB8C4F5,0x3A8F8765,0x00212DDD,0xFF1793FD,0x84AD451C,0x9DC43F5F,0x513E1958,0xD918E50C,0xBBEA6473,
  0xAE7B2A23,0xABB38C29,0x4857631B,0xD5E0D11F,0x33BF157C,0xC5B93945,0xE3C5C2EF,0xAE08A778,0x265DD677,0x4146DCDF,0x1059E85A,0x4824EE40,0xEAA7F070,0xD05BFA4E,0x54F6BF52,0x6BE33EBB,
  0xDCA3CE5D,0x33CC9827,0x4DBEE8CC,0x81374390,0x44AF5708,0x673A2775,0xAE298AA5,0xFF45337B,0x0052A086,0xF3EFA7EE,0xF62701E4,0x2F6D446E,0xC913ADD0,0x7E01FDB0,0x8144CECB,0x2F4C69B3,
  0xC932800D,0x7763CF2F,0x671B0AA8,0x102A6501,0x516CB9DE,0x05C8A60A,0x0CD919CE,0xFAACB8AC,0x0C8BB948,0x6BB19E3D,0x059A068C,0xC5EB99C3,0xB7125060,0xCC89AB5C,0x3F34AC34,0xC0719F4F,
  0x262E5B2C,0x72F9C9A3,0x7BC95BBA,0xD5B27199,0xABE12CAF,0x9487201D,0xFF641EA6,0x77104274,0x3AAEAAB8,0x0911BFC4,0x2F1EC935,0xD0095AC8,0x81166E4D,0xB761DD3B,0x511F3485,0x09431F42,
  0x914F8617,0xBBCB49AE,0x8807D189,0x2AF742E2,0xD0287715,0x15914E50,0x00000000,0xE67EE9BE,0x7742E2F2,0x62F2817F,0xFA8D9571,0xF675A162,0xE60D64E5,0x62810C24,0x36569EAB,0x362513F0,
  0xBDDDF10D,0x910239C8,0xD12E6C9C,0x69536603,0x3A53490F,0x19DB9A3C,0xE2753FA9,0x5EAEF011,0x57A6EA2B,0x36FBA8A7,0x217117D8,0xFE0E5E07,0x8A20671F,0x4BDD8B85,0x89DF9D41,0xC55B29BD,
  0x9DAAD860,0x325D6D80,0xCD550D32,0x7980E605,0x065F01CC,0xF6007A88,0xC7A2ED56,0xAC084FBE,0x1A246062,0x6DF5A324,0xFDF1A459,0x09081A3A,0x6CF39D91,0x2F20329B,0xE882DFCD,0xC0FBD22F,
  0xF05F7B44,0x080E248F,0x7088FC3F,0x448A9073,0x8E86A238,0x2077296D,0x1D7D5F1B,0x15737B94,0xA9A8B42C,0x0CA8E1A8,0xE984E178,0x718EC28A,0xB72A1169,0x53002F0C,0x2388D333,0x458CAEC6,
  0x868886B7,0x50FFD552,0xB97B342A,0xA5005584,0x24D1EC4A,0x4D828A49,0x10D38006,0x3D0A7676,0xAA574E72,0x49244F6E,0x0BF1DED1,0xDF7F49DF,0x9CACE6D5,0x228EED86,0x51F9EBE7,0xEEDDDE01,
  0x1B225ED7,0x0E512543,0xB5D3D582,0x1F849BF0,0xE6D3FA8E,0x31A297DE,0x07593F79,0xEB7D2593,0xDE79776A,0xED22245F,0x822E4390,0xD588A9BB,0xAFF7B5E0,0xE52C00D0,0x59F7CF68,0x7ED9D97C,
  0x2DD9F670,0x64FDB91E,0x8471425C,0x412A6BE1,0x66047DF5,0x02F9C4EB,0xF706443D,0x63A48667,0xAD0E710B,0x73770661,0xE42A3E65,0xB0732E10,0x3C0C48C3,0xD7716D50,0x7886D8B0,0x04A6C527,
  0x3EF58C28,0x5C5734FA,0xE18AC5F7,0x9E55223E,0x742E3918,0xA6FFAFDA,0xB28AEAFB,0x88D9A3F4,0x01063EB5,0x6E0A597A,0x7B7922EE,0x62A2B8D2,0x335B5335,0xDD868D34,0xBB82F0C1,0x18DDA489,
  0xEC241AEA,0x2CDFC8C5,0xE373011C,0x7D262322,0x132C7A58,0xCEAAF76C,0xE08CFB42,0xC6A4D3E3,0x980A23F2,0x9BF5D9AC,0x0F571BF6,0x990C1D47,0x4F7B4EA2,0xD48E970E,0x37FD9612,0xA0A0AE16,
  0x5B0E0B83,0x6AAC9C5D,0xEFDBE0B4,0x8C7F66D3,0xD2D196C2,0x76D7FDF3,0xCFACC9D9,0x4ADBB530,0xF2A6BFAF,0xA35F5448,0x39ACB351,0xD82676A6,0xFCF79AEC,0xC3042871,0xD3D7A877,0x94A2C25A,
  0x93FBFD23,0x77D1C346,0xCB0A0CFE,0x56A0D49E,0x54591075,0x555F2EC0,0x11D5BEB3,0xEA7B1B26,0x7C201D97,0x1C7B61AE,0x46735498,0xC9F3C815,0x14754521,0xC8F5F6A0,0x2A80C909,0x878EB802,
  0x8B2659AA,0xBE220B53,0x350452F9,0x65FB87AB,0x7A7F1C5B,0xBCDBCFB8,0xE7D5C43B,0xC20216C4,0x05A0FB92,0x58F1F1DD,0xCA0C324B,0xC1FDEC9A,0xDBD98CF8,0x95A4FCEF,0xCC533387,0x47756A2D,
  0x2E260C2E,0x85777CE9,0xA7F9916F,0xB87D0A9F,0x67024340,0x38AA8DE4,0x4E7D7017,0x975D3804,0x80D7877B,0xA2596AFD,0xB38CD44E,0x92FDC396,0x6F0C67CF,0x727138D4,0x5D510A4F,0x605B7C39,
  0x30A4A96B,0x6BAAA2E8,0xB17510A5,0x00000000,0x520611B9,0x83287D25,0x482271DB,0xA1A690A3,0x168C81CA,0x28790DE2,0x43D3AF0A,0xDADFB24D,0x8F809C8D,0xAB5170C7,0xA8AE8A99,0xAEF18B55,
  0x272E1614,0x5FA8CEA4,0x262828A1,0x1E82A545,0x965B06B1,0x5A083536,0x42D591BF,0x34026C4C,0xD9204813,0x178ABF7F,0x3B5577BA,0x685558B6,0xB62C2FDC,0xDC80B381,0x7FDFE7C9,0xF8515FCB,
  0xA4066B31,0xF15945F1,0xBA84CE74,0x122A44ED,0xBF2435E6,0xC45D1708,0x0DAEDF1D,0x3FF3B29D,0xF957617E,0x402C5554,0xFF0860B2,0xF5FF80D6,0xB4D5EB37,0x9F531C8B,0xD67753E5,0x297F3357,
  0x2B86F7BC,0x4C84B4FC,0x0AF7E064,0xFBAEA595,0xF3A0811A,0xF4F9BE63,0x03FFFA5E,0xFAA89B20,0x9004077D,0xD0285229,0x752807AD,0x9AF3E719,0x81D1B9CE,0x8D795866,0x615D428C,0x25D7D2FF,
  0xA5D6B1E8,0x1F003A20,0x6D9DBB23,0xC35F6777,0x799AC6C3,0x214A1BB3,0x3EC5BB4B,0xB3088B94,0xE29AE61C,0xE20656B8,0x6689D69F,0xFD9ADC3C,0x9251BA5B,0x14077DE0,0xB14D7CAC,0x45951068,
  0xF4D86CC4,0xBAD68BC8,0xCA81672B,0xAC08B1B4,0xAED1F628,0x4C4B1034,0x215931CF,0xEBD856E4,0xCA924D57,0x9B130AA3,0xFF439BA0,0x6D010B87,0x7057ECE3,0x4C583A48,0xE0DF1124,0xB1C2E674,
  0xC8C49013,0xE2157CC4,0x86D95D63,0xE9011178,0xA79346D0,0x47D0E750,0x0B146DBC,0x4CD7A090,0xBA4A3B6C,0x3708916B,0x0245F738,0x35D1D6F7,0x9B8FBA07,0xB81CE628,0xB3943B30,0x6F44FCBF,
  0x5A1AB090,0x53D79AB0,0x0B9BF764,0x7989ECBF,0x2808AB4B,0x230FEC8B,0x92429027,0xAC1B9BC8,0x585F47A8,0x584C6DD4,0x21C5816B,0x00000000,0xD7D7804F,0x70D8763B,0xD51DEDAF,0x45863A14,
  0xC1950A97,0xF4CB46B8,0x28873193,0xAC940110,0x6F57D6C3,0xEBCB7C98,0x3E4A2193,0x86CA771F,0x6D8E915F,0x4E817DD4,0x7BDF31FB,0xF6012B58,0x009CB0A4,0x379421CF,0xEB44E640,0x23807653,
  0x8F147743,0xB15E56D0,0x1DCA57C0,0xC34C4D0B,0xC18620EB,0x2AC2C6AB,0x23935C2F,0x3C804C73,0x1F13105C,0xC85820B7,0xD74B30EB,0x09DE005C,0x84001AFF,0xC11A904F,0xC109BA33,0x720131A7,
  0xBA591110,0x3C93660F,0x848F8027,0xAC872B6C,0x53580068,0x1488E738,0x5A952A48,0x47C3CD2C,0x149BCD44,0x64DF0BDB,0xA5C59B94,0xE0CC3B58,0xE98E8BA0,0x518147F4,0xDC4C772B,0x21D6AB17,
  0x2A5E760F,0x4CC48AEC,0x8F9BED9B,0x70CB5C47,0x7BCC1B87,0xCA0EFDF3,0xAE4D468C,0x92CD0AFF,0x00132A7C,0xE043A180,0xAEC2DC54,0x9945D7E7,0x16428AD8,0xDCD0C78F,0x92DE2083,0xDC5F5D57,
  0xCA1DD78F,0x7B50AB23,0xE99DA1DC,0x72121BDB,0x534B2A14,0x281B8137,0xDE098013,0xFD89F640,0x1F8FA0F8,0x64CC21A7,0xF6120124,0x0256DD44,0xD50EC7D3,0x2AD1ECD7,0x475F7D88,0x451A8AB0,
  0xB80FCC54,0xD7581A97,0x3C0FD6AB,0x8F88C7E7,0xE9123B04,0xFFDF2B04,0x474C57F4,0x0B88DD18,0x09CD2A20,0x8645EDC7,0xFF50B1DC,0xF444DC60,0xD5927777,0xC3D0FDAF,0x9088FDC7,0xAE5E6CF0,
  0x1D56E764,0x53C4B0CC,0x7044C69F,0x99CA4D3F,0x008F9AD8,0x9956FD9B,0x8D42AA07,0x371BBB17,0xDCC3EDF3,0xB1D1CC08,0xF68EB180,0x02D9479C,0xB8937CF0,0x0942B0F8,0xA54A014C,0x37870BB3,
  0x4E9257A8,0xA7806CAC,0xC8D7BA6F,0x90144D63,0x1414579C,0xC84B0ACB,0x09519A84,0xB31BA1E8,0xBAC5A1B4,0x51926D88,0x16DE3A7C,0x8DDE1AA3,0x79067667,0xE0508BFC,0x8656C7BB,0x99D96743,
  0x9B0020DF,0x6D1221FB,0xDE861ACB,0xF69D9BFC,0xFD066C98,0x355E4C2F,0x669AFCE3,0x16CD1000,0xFFCC0178,0xDE9530B7,0x4E0EE70C,0x729D8103,0x0B0747C0,0x5A099AEC,0x6443BB7F,0xB880568C,
  0x2A4D5C73,0x58D0DD70,0x909BD7BB,0x5A860034,0x1F9C8A84,0x6FD84C1B,0x8D51807B,0x35C2FC8B,0x231CC6F7,0x6FCB6667,0xE289CC60,0x8DCD30DF,0x9007671F,0x3C1CFCD7,0x849CAA5B,0xEB57CC3C,
  0x02CA6DE0,0x6615663B,0xC3C3D7D3,0xD7C4AA33,0xDE1AAA6F,0xD5815D0B,0x28941BEF,0x7B43815F,0x4509A0CC,0x511DF750,0x9B9C907B,0x354D6653,0x3E590BEF,0x1D45CD18,0xFD1546E4,0xA5592B30,
  0x58C3F70C,0x66064C47,0x84133083,0x728EAB7F,0xA71CDC08,0x64509103,0x1651A0A4,0xF457F61C,0x79155C1B,0x1DD97DBC,0xA70FF674,0x510EDD2C,0x3ED69137,0xB387114C,0x4E1DCD70,0x8F075D3F,
  0xFAB86B80,0xBC4EF5E6,0x542D8993,0x2927A2E2,0x08E2A47F,0x08616110,0x1ABA76E5,0x74AB77A1,0x23FEB890,0x6E110144,0x2B9FD980,0x4DEFB9D4,0x44CD206B,0xCB9DC4E5,0xB5EFA936,0x5FB76B4E,
  0x223E8550,0x131B2A35,0xD39FC962,0x037846A2,0x5755CF31,0xD0644AAF,0x97D12C66,0x46F69E66,0xAF55DFD3,0x9752E909,0x7E726DD3,0x9E7070B6,0x6D6947E6,0x4CAC417B,0x6FD13C84,0x0083C56F,
  0xA4CF3D0E,0x444EE504,0xE9A341B5,0xEB98FFB8,0x331E1168,0x850A3B93,0x8E131C21,0x94A96AC4,0x6C2ABF49,0x1B7A4B25,0xB56C6C59,0xC37F609A,0x6DEA8289,0x1258D29A,0x3A3C88D7,0x95695704,
  0x01C03DC0,0x961111A6,0xC8E58247,0x9C4BCEBB,0x4E143A19,0x9D083614,0xC8664728,0xADEDA4B1,0xEB1B3AD7,0x556E713C,0x3BFCB517,0xAFD61ABC,0xDA3E95B2,0x5CCF2DEC,0x7F31957C,0x2146C3F2,
  0xC1C71BF8,0x3944CE75,0x9F338819,0x64C81B36,0xF3193750,0xD8052BBF,0x4C2F8414,0x28E79F22,0xA58CC5A1,0x7FB25013,0xC084E357,0x1941F528,0xE8637C75,0xA50F00CE,0xB6142AFB,0x2086FE32,
  0x756B4A61,0xB4AC5199,0x4F57C2B6,0x8C28A22C,0x339DD407,0x95EA926B,0xEA58C278,0x11209438,0x67B05D94,0x2B1C1CEF,0x5E77568E,0xFBFB932F,0x19C23047,0xC2BF5D5A,0xD886EED0,0xE1C220A5,
  0xCADE3C4A,0xFA3BAEEF,0x8E90D94E,0x20053B5D,0x380736DA,0x54AE4CFC,0x8449C33C,0xD9C5167F,0xEADB0717,0xF1A14C32,0x00000000,0x644BDE59,0xF2D90A90,0x0143F8AF,0xC3FCA5F5,0x5D0F102C,
  0x7CCA16B1,0x6F52F9EB,0x0B1927B2,0x8CAB6743,0xD31C0C0D,0xBF36B344,0xBFB5762B,0x77D33103,0x21C5069D,0x8D6B5A83,0x66F3A53B,0x0B9AE2DD,0x9D8BF37B,0xE92084DA,0xCB1E018A,0xA6F48303,
  0xA677466C,0x5F34AE21,0xB697EF94,0x9EF3B5D9,0x87B240F1,0x39C70B1A,0x7D89EE1E,0xB7D4173B,0x9CC80BD4,0x237D7DFF,0xFB785640,0x306657CA,0x5616379E,0xD25FF4A2,0x1BF98E4A,0x8731859E,
  0xDBFEA872,0xBEF68E84,0x32DE2CA8,0x7D0A2B71,0x3125AF65,0x12DB17F5,0x458ED8C4,0xE081D80A,0x66706054,0x4E97FF76,0xF943E84D,0xF883D58D,0xE141E5CA,0x6CA97A26,0xD127B200,0xA7B77BAC,
  0xAC2D9971,0xBD0D0D49,0xE239A368,0xD0E78FC0,0xBCCD3089,0xE8E0B91A,0x6E92C42B,0x092299BF,0x325DE9C7,0xC23C9835,0x8DE89FEC,0xF39AF23F,0xBD8EC826,0x0A5ADF1D,0xA734BEC3,0xE3F99EA8,
  0xB757D254,0x5C4CE883,0x1A39B38A,0x03FB83CD,0x11A35157,0x31A66A0A,0xD2DC31CD,0x18020D87,0x9692D4C9,0x942AAFAB,0x2A5FE440,0xF25ACFFF,0x7EF1A8BC,0x5D8CD543,0xE37A5BC7,0x09A15CD0,
  0x5695F2F1,0x86F1B85E,0xF0E2B49D,0x4D6C7CBB,0x55EDB453,0x10636C97,0x3B7F7078,0x9FB04D76,0xC0072638,0x30E592A5,0x75E88F0E,0x023BBE0D,0x1881C8E8,0x0AD91A72,0x8FD321E1,0x8589FEFC,
  0xC9A67AE8,0x28645A4D,0xAE95E213,0x47B566C9,0x4FD407D9,0x86727D31,0x450D1DAB,0x2ADC212F,0xF06171F2,0x22BD403F,0x10E0A9F8,0x650826F6,0x1398EF5A,0x46755B09,0x8F50E48E,0x84CA0653,
  0xA44CF861,0xB42F94F6,0xC925BF87,0x7428B2CE,0x3884F3B5,0x02B87B62,0xF122895D,0x7C49D3DE,0xC144DE97,0xDABD50DD,0xE0021D65,0x5EF493E1,0x7750F46C,0xD946D310,0xF9C02D22,0xDB7D6D1D,
  0xD1A4776F,0x658BE399,0xE2BA6607,0xBE754BEB,0xAE16277C,0x57D60A5E,0x3ABF4DB8,0xACAE5C1E,0xAD6E61DE,0x7690C9AC,0x4736A3A6,0x29A4678D,0x673398FB,0xCA5DF925,0x76130CC3,0xF80010E2,
  0x26CBFE67,0x639F79FA,0x7D287BEC,0x6E740D10,0xEE32CFC1,0xB2DCD088,0x79ACBC3C,0x1DF4D4A3,0xBCBEF970,0xA2C370C1,0x7E6BAD59,0x36D45E2E,0x9EF1C0C7,0x931AB42D,0xF04F4670,0x4FB269B5,
  0x84088EA6,0x83051464,0xA14A2DD3,0x2542A375,0x07C71165,0xA5CEEA03,0xC65193F9,0xDFEB0B2D,0x2C2D104F,0xF30C90C5,0x101FA049,0x8EEE608E,0x6AF0CAC0,0xCBBAE713,0xA647B711,0x487578D0,
  0x8046C2D1,0x41D0404D,0x0EA8A25F,0x5FADC9FC,0x8A6AA75E,0x9E3B4B60,0xBB79E815,0x17123A8B,0x67D1358D,0x7AEF6A89,0x808C4976,0x1396FD5B,0xC15C093B,0x94DDA548,0x9A750717,0xD684B817,
  0x8E24EB29,0x4BFC25C2,0xD82C1A48,0xE050E639,0x3C32B006,0x5246BD16,0x83CF9FC3,0xF3C61B62,0xB19F063D,0xF085CDD7,0x31D9C4EC,0x9ABF8CB0,0x2FA44D5D,0xE41EAA4E,0xFEE7E42F,0x09A5389D,
  0x734A5214,0x1451EC3E,0x6D37DBA5,0x149B6799,0x56C27AC6,0xB83A3EA0,0x9DB21672,0x77041E63,0xA50461A4,0x2B208A8D,0x586AD899,0x7966379B,0x3F7166B3,0xA209FB66,0xD2007FC7,0xE797F75C,
  0x9936D1A2,0xDCA8DD98,0x700984A1,0x671BBE2A,0x99FC5A05,0xF742DCB2,0x892971EB,0xE313308C,0xA8259EE9,0xDB6FCCFD,0xEEF84466,0x210CEF02,0x3FBBED14,0x979E73FD,0x5608F161,0x3B3F2AC4,
  0xF4CB81A0,0xE93F5503,0x58A0533E,0x6458689F,0xDBA5475A,0x28635C38,0x1EB70216,0x7447C8D6,0x4B36AE65,0x1AF94E61,0x5CEE1F49,0xCCB77DD1,0xD64E33B0,0x429396F8,0xACA15939,0x4CF1BF00,
  0x46175128,0x00000000,0x94172EEF,0x4C3B34A7,0xA8EF154E,0x601624E8,0xFDA4329A,0x28A9D79F,0x77CE95C4,0x0A2C658F,0x60DCAF4F,0x3BF5A163,0x459E0C3A,0x0343D6B5,0x1D3E5F04,0x135C76FC,
  0xCFF4AB64,0xDC62563F,0x38B677D6,0x070D9AC2,0x260175C0,0x0DEB74EA,0x0E6229F8,0xB8F0B507,0xDF21808A,0x1A33C5C6,0xBF37A462,0x0484C7D0,0xAB66485C,0x224F39B7,0x6DFD5002,0x48BFF377,
  0xB51BC1ED,0x9D789DD5,0xCB706CB4,0x89E3FA4C,0xBFFD2FC5,0x361ED589,0xB1558D9A,0xB2165B2F,0xC8F931A6,0x19701373,0xE9F5DEA4,0x3597889B,0xE4D421E9,0x31134F4B,0x00CA8BA7,0x51CFE004,
  0xC69B185E,0x9093E93F,0xC196829C,0x6EBE86B7,0xB5D14A4A,0xF9EA7EED,0x46DDDA8F,0x8DADB63B,0x528C36B1,0x258828D2,0x554B27D4,0x0AE6EE28,0x6492E338,0x5F67425B,0xA68D3CB6,0xD143A972,
  0xD50DE505,0xB6929CFF,0x7380D9B3,0xF4010A07,0x17D8B12C,0xC833BA01,0xE75D7CFB,0x03895D12,0x1E7D89B1,0x044E4C77,0xEDBB92D3,0xD2CAF460,0x5BE3858B,0x4F78E212,0x0D21FF4D,0xFE2D6F88,
  0xBBB363B2,0x2CE79BE8,0xD8E691EF,0x8781D3B4,0xED711974,0x19BA98D4,0x70C30F06,0x90596298,0x6355F25D,0x7DE2F04B,0xD18922D5,0x874B5813,0x7EA126FE,0xCC7DF676,0x42591D5F,0xC512454C,
  0x411ACBEA,0x9754F85A,0x5B290E2C,0x329A1259,0x10D52BEE,0xF7885715,0x096FB33A,0x8AA02CF9,0x6A3A4167,0x69B31C75,0xAC6BD29E,0x5C2494EE,0x355D033C,0xAFE28F8C,0xC2D55429,0xE09A6D9E,
  0xC21FDF8E,0x8D673D9C,0x2BEA012A,0x2F6EC6FA,0x21C664A5,0xC5D8CEEB,0xD5C76EA2,0xFAA9A858,0x51056BA3,0xEA7C83B6,0x5581AC73,0xE3D9BB2B,0x3CF83BA1,0xBC7472D7,0xA180A674,0x93D03F8A,
  0xFA6323FF,0x4554879D,0xF920F54A,0xCF3E20C3,0xEAB60811,0x325099FE,0xABACC3FB,0x387CFC71,0x84C20501,0x697997D2,0xB6581758,0x748D4371,0x2285B210,0x7A25E12E,0xAF28042B,0xFD6EB93D,
  0xF8225DE2,0x9B4154BE,0xB59E205F,0xD362E419,0x91E4895B,0x2D3DCC79,0x66FCC446,0x7C1FDC2F,0xEAB307AF,0x491697FE,0x4719A058,0xF3B2A75E,0x5588FA15,0xA1720F90,0xB67C98C7,0xBB9117F9,
  0xB4AB0706,0x9EDE99A4,0x53F58F97,0x14EC2FCF,0x5B87CDB3,0x7EC843EE,0xD42AB6C2,0xB134CA1C,0x163BB00E,0x54BDDD4C,0x6081B1C4,0x0E0F37A6,0xF2878007,0x7210EB89,0xEB8620F6,0x0DED8F3E,
  0xC8B4DB29,0x4BC1083F,0x43B34A1B,0x3A335B2E,0x62562E05,0x3FAC9634,0xBDEC627B,0x2A759EA2,0x1BD63F30,0x0CD8A867,0x33743E53,0x45CE3F99,0xC3242195,0x15D90896,0x76BA01CA,0x02D79FC1,
  0x4C895AE4,0xE016DA4A,0x44FB18C0,0x28A20163,0x5DFAB831,0x8A32B66B,0x7FFD64B7,0x462C8701,0xC5595417,0xAAE2F52C,0x79801135,0xE66BAFC8,0x39D1E3B6,0x3D7B09F5,0x5865752B,0xC1F3BE54,
  0x7A62A9AD,0x0947657D,0x5AB2EAEA,0x5F2D27F0,0x88E529AA,0x37DED410,0x2798119C,0x2997263A,0x9799FCD9,0xC0C6990D,0xC981FC70,0xEDFB5574,0x4AF42F66,0xA5D8E5D3,0x2C08EB20,0x70C77448,
  0xCA6344E8,0xFE5F2860,0x04AAEA43,0xAC9F80AE,0xC6BBEC8F,0x183487A8,0x4823B0A7,0xF5CFD2DC,0xBCD94522,0x8D7AE4B0,0xAF7D3836,0xF9177ABB,0xD1B57BD8,0x1DAB4AB2,0xCD2B1633,0x80976B8E,
  0x3241190A,0x4E5EC525,0xF0501FC6,0x36EBF349,0x309686CB,0x1F7CD573,0x1E49F22A,0x98A3EC26,0x9FEBBEFD,0xDFBA4C7E,0x69C6D4B9,0xE864986E,0xCC1E316A,0xFF6A0F39,0x1AE31869,0x254F8E5D,
  0x651E7CDE,0xEE19EDEC,0xDC58F4E6,0x13A47D14,0xBAA430A0,0xC21106CC,0x8B079132,0x059FCD1A,0x7B578EF4,0xA8356AED,0x6A246C21,0xCB5663B1,0x03E2B898,0x01352759,0x61B4969D,0x51221056,
  0x78B5366C,0xE5891750,0x20D04347,0xD6FD2903,0x9A7473E7,0x8375D316,0x0B90FABC,0x42866D42,0x8E985C28,0xD7C80E5A,0xB873AF61,0x0AA5DDE5,0x074852DB,0x6D6C3EFA,0xD0805C81,0x9333169A,
  0xDA258164,0xDB10A63D,0xB3E355DD,0xABD7D275,0x00000000,0x947B4441,0x7325CCD0,0x920631C3,0xCFFC89F2,0x90D1AE02,0xE4BC3009,0xD257C340,0xE75E8891,0x247AA904,0x575F65D4,0x1173E2D5,
  0x3B067C77,0x746D9E0B,0xEF2CCAB5,0x71F25311,0xFAF5C223,0x3E99B16D,0x31A3A192,0x2332FBDF,0xF7184D1D,0x4DBC7DBD,0x67C9E31F,0x067D7582,0xB749BF9E,0xE951BF37,0xD9C739FC,0x89D00EF3,
  0x87DF3955,0xA04728C9,0x7D2AFB76,0x4051F283,0xFBC0E57A,0x6B114B78,0xC46C734E,0xF165389F,0x96ACDB80,0x86EA1E0C,0x9C090665,0xBF3BFDBA,0x2EDF74E1,0x1046C58C,0x5017370F,0x4F6BE27C,
  0x7558B952,0x8FAD7B71,0x35094BD1,0xF4FAF585,0x4164D5DA,0x68F3F3E0,0x5CCF9F68,0xFDBD90F8,0x59505272,0xE2C1458B,0x1C9E6DEB,0xA4EDC28A,0xDD6DD3BF,0x0F3A10FF,0x2FEA53B8,0xA3A59051,
  0x6E8E8662,0x8240F44F,0x9D3C213C,0x6C5919A3,0xA63A5D4B,0x5E1800A9,0xB2D67284,0xE123FD13,0x6363095C,0xADAAA7F7,0xE3F462D2,0x642B5B87,0x52C0A8CE,0xD8F21EA5,0x6FBBA13B,0xB001ED45,
  0x170E9757,0x843D81CD,0x1901A0F1,0x12915A4D,0xDE8F6B27,0x8508A694,0xECCE722D,0x08724224,0x8C4FC3E9,0xBE0EDAE3,0x778F2693,0x9996CB7F,0x3C4E2EAC,0x21E5641E,0xAE481F6F,0xC78ECBD6,
  0x2207DC86,0xD51F919B,0x343C6C88,0xFC88B7A1,0xA70F7A12,0xB9468838,0x81A24CD7,0x38E4C4EF,0xCEC9AEAB,0xF62D6A44,0xA290B708,0x26AD36C5,0x566A428D,0xA9004DB4,0x954E6318,0x2B40B9FB,
  0x07F8A8CB,0xE0C461B3,0x296806CA,0x35E52776,0xF56EE41A,0xFFD3A691,0x04624E55,0x8117DC82,0xDBFE4A1B,0x37BEC28F,0x48BBBBFB,0x834C397B,0x8D9335A5,0x33DC8CDA,0xCBF78280,0xB533F893,
  0xAF877283,0xA1587E5D,0xA0997D3A,0xC9AC6779,0x61D3BD31,0x7C9F9FEA,0x53CE328C,0x857592D7,0x1C8D21BC,0x1009C89B,0x9E001BA0,0xB7681D6A,0x3CC28363,0xADDC977A,0xBC145C86,0x3B3A2BA8,
  0x2AF2E054,0xD1430890,0x3E99669A,0x31876923,0x47A5B442,0xE35E872D,0x0F1E0FB9,0x18EF6FE9,0xA9BED92F,0xF82B0E5A,0x5AE99699,0xC86D641E,0xB87612D3,0xEFDA6E0A,0xEA792338,0x0C84E927,
  0x2CCB4BF8,0x11C8CBFC,0x9284F287,0xD6BBA05B,0x84B491B0,0xF73501E3,0x701B76CD,0x5F4ADBAB,0xC7736BA7,0xBDD55FE1,0x65B1F364,0x146B86CE,0x57AC7CD9,0xA761D5F1,0xF9EA0D3D,0x7D5E9C8D,
  0xE6FDCA1F,0x0B7C41EC,0xFD884368,0x38A0CD36,0xAC1D941D,0x8C5236C2,0x67EA169D,0x6470F003,0xDE5D0729,0xF6F40284,0x68F41924,0x4F431330,0xBF8EBA18,0x4D18F6C9,0x89F17BF0,0x405D1C89,
  0xBE4FB97F,0x9839B00C,0x367FC1E8,0x8FC8D05C,0x9BA35692,0x419C1FEE,0x8E09D33B,0x1D4C22DB,0xB151B6C6,0xB090B5A1,0x73819053,0x7AA63446,0x6012BE56,0x662B15FA,0xB4F2FBF4,0x5E8BD8CC,
  0x443F52DC,0x520F31EB,0x566D7FBE,0x1F17C722,0xDA3F497C,0xE4A62FE6,0x7EC47A13,0x911E1419,0x6AAFFCDD,0xDF9C044E,0x793CD2D8,0x192E6C8E,0x72409334,0x59737007,0x0D45EA40,0x7B673721,
  0x8A6B9D6E,0x0927A415,0x1AB48A10,0xE5672C81,0x4CD9F5AE,0x54369A47,0xF4AFE77D,0x86EF7449,0x872E772E,0x74793898,0x1ED6C445,0x88307897,0xD52146C5,0x13932E05,0xF3574FB6,0x27B70A14,
  0xD4E045A2,0xF0CDA928,0xCDCE292C,0xBA2DF72A,0x3F5865FD,0x25ECEFED,0xCF95CCD5,0x957C5A4C,0xC6B268C0,0x9A6255F5,0xB6A91E0D,0xA4FB336F,0x638858C8,0x5195D775,0xEE1B6D6D,0x0EDF0CDE,
  0x96E6BCD2,0xD9A5AFE2,0xCE54CFB2,0xD77AA33C,0x828D3A1C,0xC5288E5E,0xED818BF3,0x90DF177E,0x75B83BFF,0x218EA1B8,0x23D54441,0x45FE51BB,0x00000000,0xAA243FB1,0x28A905AD,0xC14AC00B,
  0x4664B725,0x9345F1E0,0x9FC118C7,0x6B6EFFBA,0x5054D412,0x4B215D65,0x3961CE51,0xEBB8205F,0x9C5BFE59,0x17F16050,0x204FA2DF,0x30466A44,0xC31125F2,0xBBECF44D,0x26760973,0xFA70EBA3,
  0xB2CB5058,0x7622DD61,0x08E6A772,0xF2964CD1,0x7F057974,0xC4E98D39,0xD2D9EE0E,0x8BAA9E09,0x22144726,0xABE53CD6,0xE10562D4,0x16306337,0x9727BFB5,0x4E821057,0x78FDD1BF,0x2D0A489F,
  0x242DEC8A,0xA53A3008,0x15AA85A9,0xD864AC85,0x4AE05E02,0x9D9AFD3E,0x2B33E333,0xE73CC978,0x43C7FA17,0x80D6DFE5,0x55F79920,0x0ABD428B,0x4206F970,0x025BE5F9,0x039AE69E,0xFC49400F,
  0xEC408894,0x2E90AE01,0xF10CAA4F,0xD318ED69,0xCA3681E7,0x6D575416,0x3D038004,0x6F0CB1EF,0x69351A43,0x05A34D32,0x5CD03D35,0x71DA75AA,0xC08BC36C,0x1B758977,0x77E3DE06,0xE9E3C5A6,
  0xCC0F2A4B,0xA6A0D696,0x5B2895FE,0x2F51AD66,0xA3039BA4,0xE29F844A,0x62495BAF,0x34242411,0xFBB1E8C4,0x6ECDB288,0x321D8FBD,0xDC06E2D0,0x0639ABAC,0x3AFB28CF,0x6C965771,0xA2C298C3,
  0xC2D02695,0x12522D62,0xB30A533F,0xDDC7E1B7,0xB9B711B4,0x5D113E52,0xFE12A5F6,0x58B27360,0xAE4671E4,0xE822C6C1,0x01C10367,0xA87FDA48,0x94BD592B,0x99F8B36B,0x497AB89C,0xD0820BF7,
  0xA34EB7C7,0xBBCFFACC,0xF780227A,0xB86686A5,0x003CD3A0,0xE98BD9A1,0x7D65B8A8,0xD89D6A1F,0xDACEF375,0xA2B452C4,0x19477BA8,0x1AEE07C1,0xDE17DCCF,0x553470BE,0x2C88E7AC,0x35CF9C04,
  0x51ED5F04,0x8E0066C8,0x894CE6BB,0x4FE6A4DF,0xC53FEDAD,0x2A3E82DC,0x502B69A7,0x94EE6109,0x37A0D6CE,0x4896F70C,0xF5D3BB10,0x379C056E,0xA5F8D2B7,0xC750A767,0xEA22A5C8,0x97471D60,
  0xB99C63A6,0x1E37287B,0x9514840A,0x5278F0CD,0x8AD94972,0xC69691C4,0xBA09CC6F,0x2F1D4865,0x0253996A,0x7C9F5DAB,0xF10A94AA,0x62A875D0,0xBF16D576,0xBBF3296C,0x66715A6A,0xEEFB8A72,
  0x35F34FA4,0x2EE7AD66,0xECA81318,0xEBE4936B,0xF0F071A9,0xBD454C1C,0x888AD018,0xC6AA4264,0x7ECCC4C1,0x5017BA07,0xC1E6C217,0xF4158DB3,0x7BEF0E78,0x8FC6506B,0xA66D7D7E,0x30D0851D,
  0x32831C77,0xA0DB180E,0x2BC467DF,0xDC789605,0x93A2E17A,0x6294A670,0x3666E06D,0xC020F4B4,0x026F4ACA,0xA11D2EAD,0x2D4ED10F,0xB9A0B006,0x538215CE,0x54F2461D,0xBED0E3D5,0x2CB4340C,
  0x67B76CC9,0xC3B55B7D,0x2D7202AF,0xDFED39CC,0x787AA1B1,0x900B9D13,0x2F219BC5,0x5767E9D4,0x2BF8B47F,0x51D18CA4,0x60FBECBA,0x91F17810,0xED6E25BB,0x977BCEC0,0x1B14E2C2,0xF4295E13,
  0xA40237B4,0x1E0BFBDB,0x03A97C69,0x7F3621C2,0x4E20927C,0xF3590DC0,0x04D92FBA,0x5244236D,0x610109B9,0x91CDABB0,0x18BD9EAB,0x8E3CB568,0x3379F974,0x2997FEB5,0x0395AFC9,0x286D1BB6,
  0xDB08C5D6,0x8970351B,0xD95B5CBC,0xB85A5505,0xDAF220D5,0xEF3DBCD1,0xDFD1EA6C,0x641E10A0,0x3116B3BE,0x30EC56BD,0xD9678F1C,0x9264D7D9,0xC24FBE7E,0x1B283162,0x2851C816,0x575B3A74,
  0xC01C2714,0x1FCDCD78,0xEEC759D2,0x88B603B8,0x4B0358C5,0x2EDB7EC6,0x636E4373,0x8FFA83CB,0xDC4445A5,0x04E5FC1A,0x068AB6D0,0xEF016F71,0x01FAE503,0x1DA287B2,0xED52F61B,0xA7AB4BDD,
  0x4FDA777F,0xF64614D9,0xF136470A,0x0523CAB9,0x7F0AF262,0x53BEC66E,0x94D2B2A9,0xBCBFA91F,0x00000000,0x48AA24AC,0x077053D3,0x01C636A3,0x613DDA19,0xE84DEF02,0x65E4F5A3,0x34357907,
  0x7EF01761,0xDB341676,0xBA351FCF,0x8B1F7FD1,0xC38988DD,0xF29F3B63,0x90374EB3,0x496C120F,0x8C6F2C02,0xF5EF68B0,0xE8713CA2,0x365A33CD,0x678BBF69,0xC76C74C7,0x92580479,0x5508A31E,
  0x79BC9712,0x8C53FFA2,0x312A601E,0xA0E7CBAE,0x1AD2D461,0x96812BC3,0x952857AA,0xA3726467,0x051F1919,0x56A1DF77,0x798044B2,0x8AE59AD2,0x1FF11ED8,0x32BFCFD7,0x939E32DA,0xBD799FBC,
  0xA121FD0D,0x1D9E5412,0xF0CCA209,0xE9B70A01,0x65D82603,0xDDBEA0A6,0x4AC56E66,0x29AB2D15,0x3409AAA7,0x8DA91AA1,0xF7BCF1DA,0x4C730B16,0x4E1C41DC,0xC2736DDE,0xF365DE60,0x18814D0B,
  0x635290D3,0x33452AD4,0x4DB53DB5,0xBEEC3075,0x8B23AC71,0x7D596B08,0x54CE95BD,0x4B3F8B65,0x7BD3DDD8,0xA5C40117,0xEC94C0B8,0x06B66570,0xC4C508AE,0x8D95C901,0x1C5862B1,0x96BDF863,
  0xA797987D,0x6422C300,0xA651AEDE,0xA2888164,0x197BA808,0x2A02517C,0x1C64B111,0x074C8073,0x7A2938DB,0x4D89EE15,0x4950C1AF,0xDD827306,0x4C4FD8B6,0xC4F9DB0E,0xD8A1B9BF,0xDE2B0F6F,
  0x78467211,0x664D89CA,0xC1DA11B7,0xEBD840CB,0xF67AC779,0x4AF9BDC6,0x60C73F1A,0xA43EE414,0xF2A3E8C3,0xEA1E7668,0x569D0CD7,0xBC837ABF,0xBF2A06D6,0x7CA38E0B,0x7A15EB7B,0xC5033E0D,
  0x3AB831D5,0x57662B41,0x9B801717,0x17B8056C,0xE7178C13,0xB9BA0FCE,0xE40E0640,0xBA3E4054,0x22A7DD10,0xC90E32F9,0x274FD3BF,0xEB342A20,0x973E74ED,0x2D9DF170,0x8A54534E,0x68ABD1F2,
  0x797F95AB,0x1B066696,0x94BA3B77,0x369B97E6,0xABEA040D,0x1725C0A5,0x11498190,0x7F13D49E,0xA4D0286D,0xC5B05103,0xF65E0D83,0x98999D44,0xA13826C2,0x70B43D37,0x61FDBCA7,0xDE2BF25C,
  0xBCCFC4A8,0xFC11EA85,0xAE020AA2,0x1EEE6839,0x45362082,0x43C7A47E,0x6BB25BA1,0x97A3B124,0xC993F730,0x2E19BEEA,0x0575CB66,0xCA8A7D63,0xBF4B8B32,0xF0AF897F,0x5EAD83DD,0x7A661FF8,
  0xB927CA07,0xEDC5AEDC,0xE8B065BA,0xE78A49DA,0x91CFF011,0x8677F57D,0x2123928A,0x2875FFDF,0xD4F9D093,0x547FA112,0xE17BCD26,0xCC7BF99F,0x1DF7E26A,0x3A25F41C,0x894DD91D,0xCA17B8AA,
  0xC0585FAC,0x57FBEE88,0xC6A9DB50,0x12500BC3,0x3606522F,0x066C4135,0xCF6273CC,0x7C979B04,0xA8F38E5E,0xD77D9F09,0x6B2F9E68,0x49884378,0x6279F33D,0x2B6C758C,0x755C3398,0xF9F9E42A,
  0x09566D55,0x5D29CC47,0xC0C59A65,0xA86E4B97,0x24CB9C25,0x79E25062,0x73ADB764,0x924BBF8B,0x1B9BA35F,0xB3682D01,0x4FE4024D,0x7029F8FE,0x4CFD881E,0x306A131A,0x5213E027,0xD208546F,
  0x351FD87C,0xC3DC1036,0xF96421E3,0x6415B208,0x7C0A5ECD,0xFAE06E79,0x09CBA89C,0xEEDC248F,0x648877C1,0xD8DA76A0,0x4F79C784,0xF6C3C84A,0x7F8E1157,0xB599A9FD,0x915235D8,0xDD32780F,
  0xB3F5E8C8,0x6DDE1A94,0x80867181,0xE493C389,0x3C49B529,0x89D01CD4,0x9DEC5622,0x75C1F651,0xCFFFB605,0xD29591A6,0x33739949,0xAB77C1C4,0xFF95A51F,0x2D0034B9,0xAD864538,0x510A6A74,
  0x0CBE63FA,0x0AD222CF,0xAE9FCF6B,0x3CD470E0,0x86EA30B4,0x05E80EAF,0xED586B15,0x491586B1,0xC52D94CA,0x4C604DD7,0xFA7DABB0,0x03198A53,0x92D67A42,0xC341D5FF,0xE2624775,0xE1E608EF,
  0x2E847B23,0x6160796E,0x3F503F7A,0x462FAAD1,0x3FCDFAB3,0x5B458D72,0x45ABE54B,0x181FECC5,0x801BB448,0x0F3A2C60,0x670C385B,0x46B26F18,0xF32BC6E5,0x223A18D9,0xC6341E99,0xDDAFBDC6,
  0xF3B6032C,0x27D21676,0xD464155A,0x39A1BB86,0x2BF1B045,0x5E304614,0x528E25EE,0xA7C9A23E,0xB68023AE,0x11D44459,0x5BD848BB,0xBAA3859D,0x1E73ADF0,0x856E7F2E,0xF0324CB6,0x03844F9A,
  0x143C4AF6,0xA44DEDA4,0x9E6819B8,0x8C38127B,0x4043EBE4,0x9EF5DC71,0x9B1DD2DE,0xFC8C2F4C,0x12CDCE0A,0x28E83A16,0x6D43DF5D,0x4A0C0CE2,0xBC520161,0xD7E05AC0,0xA75467F7,0x8F219828,
  0x62E436F4,0x6E5A550E,0x14A18F3F,0x00000000,0x9427FEBE,0x0FA7E9A9,0x30F7D6D3,0x35821DB5,0x8AC99687,0xBFD64EFB,0xD18C1BF5,0x7AFBDA31,0x21BE5743,0xB071A752,0xAD1B80F1,0x06F184FC,
  0x8CA5D7B2,0xDEB63795,0xE82DA073,0x76D87C02,0x9804588D,0x6836143B,0xB5046C34,0xB0EC629B,0x6791FD92,0xEE41E146,0x839FFBD2,0x733072AD,0xDBC3FCF3,0xD111DE3C,0x9D7193EB,0x40DE2E2D,
  0x83023E1B,0xD847B369,0xF5DA4219,0x58C1C2E8,0x435A61B7,0x0C23A633,0x4A91C92B,0x5197AFBD,0x245659EC,0xCCE63C56,0x8FBC5DE1,0x0A4FE706,0xA221AC91,0x009DC5C9,0x54E264DB,0xDB5E393A,
  0xA2BC6958,0xE2FF82BC,0x85F3BAE7,0x5DB4098E,0xA1A5E30B,0x6EC790C7,0x1D6A27A3,0x393C7E4F,0x33EE5C80,0xFF0860D6,0x1882290C,0xB61DE667,0x7645B9CB,0x585C0721,0xEBA9EFE9,0xF54787D0,
  0x69FB6077,0xF6D405D0,0xC5B15024,0xBF6E4878,0xC408F872,0x0C74B2D8,0x56EA875B,0xADB12CB3,0x91ED25EB,0xFB5BABE8,0x9D999733,0x6AB68E03,0x75A4F046,0xA288701F,0x21BA313F,0xF854F12A,
  0x4AF7A3DC,0x8184B3B4,0xD695280F,0xF9ED597C,0x3C5C0958,0xE7043BD9,0x6B4D92E3,0x9F2F65A7,0x7750B664,0xA331D849,0x83324120,0xBC23A60C,0x02B6F294,0x79D0429E,0x20412DDF,0xC87C4AAA,
  0x4AB5176A,0xBDD8BAEC,0xE87FD3C3,0x02F44622,0x21F88589,0x31D3A760,0xC44A4CC4,0x92A0CB9F,0x11D03E09,0x8DF0016C,0xE9C67B95,0x6680886D,0xCACAB83E,0x92E27F29,0x3EEAFBCC,0x49BA4DA8,
  0xDB1A8637,0xB05714D4,0x5B652963,0x56A833ED,0x5B279DD5,0x45CEFF70,0x931963C9,0x55A7692F,0xCA880C88,0xD6D79CB9,0xE5F07DFB,0xBF2CFCCE,0x01FB1CE0,0x01B9A856,0x90548DBD,0xB31AFAA0,
  0x44775726,0xC707A2B0,0xAF456A91,0xD5D8C67B,0xBE955498,0xEB708901,0xB1AC0834,0x6474CE4F,0x59D3DBF7,0x5828C717,0x57119BBB,0x677B948D,0x336555F4,0x91AF915D,0x102B22E9,0x68007C97,
  0x76ABAA84,0x32DCFDA2,0x48415148,0x2EC1D925,0xE984CF23,0x81C60702,0xD9EEC015,0x6B0F2655,0x2C359F07,0x55E5DD99,0x234E771D,0x7A9DACEA,0xAF07DE27,0xBD9A0E5A,0x230CC3AB,0xE40B611B,
  0xB1EEBC82,0xA1872ADD,0x0C36066E,0xA07C363D,0xD4616E2D,0x0DCD1A8E,0x22B56BFD,0x306A0F36,0x11928ABF,0x9C628BD3,0x00000000,0x1DA48CD1,0x658FD2AF,0x1366CC9D,0xAEFCC2C7,0xDAA32E61,
  0xA1C59E6B,0xE83D6775,0xF599EBA4,0xE6BD938F,0x1EE962A5,0x0F395CAC,0xC7451606,0x545C75CF,0x7B66B00A,0x3DA715B8,0x3F53539A,0x3DE5A10E,0x8DB2B5DA,0x20039969,0x6AF43AB5,0xA03E828B,
  0x6842C821,0x3028BB80,0xD8576843,0x745FECA6,0x1324782B,0x0F7BE81A,0xB2A352F6,0xCB31A4DE,0x9ED47947,0x59916F41,0xB2E1E640,0xD815DCF5,0x2F3AC5C5,0x0D8FAE38,0x458C4BC6,0xDB583281,
  0xDAE19AD7,0xD423DA9B,0xFAE203BE,0x7ADF185C,0xCB731068,0x5A9E3583,0x66C23CDB,0xF76DAD86,0xF72F1930,0x935BD77F,0x586A73A1,0x8370F596,0x2C772BB1,0xD9AC74A3,0xF462F744,0xB3584E16,
  0x8EBDEF18,0xE5B2C94D,0xD59A72CD,0x2F787173,0x3EA84F7A,0xFB191F5E,0x3327E142,0x1F127E45,0x329E4914,0x75E644F0,0xF5DB5F12,0x76E91E32,0x2DCE83E7,0xE6FF2739,0x7B2404BC,0x0E80F4FA,
  0x034DEE74,0xC9C5E2FC,0x9E96CDF1,0x319113D6,0xA3736CFF,0x030F5AC2,0xC5F3E492,0x741D5810,0x782B5E7E,0x5ADC8135,0x46831104,0xADF39805,0x4B4E0B8A,0x12DF64CB,0xC6FCBE50,0xD76E34EF,
  0xE7468F6F,0x0042B4B6,0x8F04474E,0xA2CAC4A9,0x1EABD613,0x7869EAC8,0x2D8C3751,0x6739203B,0x9F6DD111,0x1069965F,0xBED7E02E,0xEA8B95E1,0xBC6112BA,0x2E836D93,0x1F50CAF3,0xF9AFEDCA,
  0x4803E5FE,0xAC0884E5,0xAC4A3053,0x8C49A93A,0x803D1BE2,0xC83EFE1C,0xAEBE7671,0x8EFF5BAE,0x47780DE4,0x828BE976,0xB015A062,0x0EC2404C,0x49F8F91E,0x57532F0D,0xD72C8059,0xEAC92157,
  0x82C95DC0,0xFAA0B708,0x807FAF54,0x65CD6619,0x1C1D2487,0x22F7DF4B,0x541EC179,0x69B9D4C1,0x8C0B1D8C,0xC987564A,0x3F11E72C,0xEB323DB7,0x9C203F65,0xF816459C,0x9016390B,0x129DD07D,
  0x3C1EBDEE,0xC6BE0AE6,0x1DE63867,0x1C5F9031,0x64367AF9,0xF42043F2,0xF696B166,0x46C1A5B2,0x9DDB2385,0x473AB952,0x4435E390,0x771202D2,0xE449D5AD,0x7992F628,0x8F46F3F8,0x4B0CBF3C,
  0x24C4D807,0xD5BC2316,0x44695708,0xA8594922,0x6729FC87,0x7B918F36,0xA6B66161,0xAE47CF5D,0x4D020CC3,0xE2B55514,0x4C98F934,0x22DA5E78,0xA1587194,0x5ECFA2C6,0xBA0E12D0,0x019AF5F7,
  0x8272B966,0x98BE2FD5,0x00000000,0xAE2DAC20,0x859CA993,0x13A7CD78,0x13CDAE05,0x69C6D4C4,0x51D01C0F,0x30E766F7,0x2C5F1546,0xD3A2A569,0xD44CB59C,0xCF1AD6D8,0x97A1911C,0x1AA6F5CE,
  0x57CE9A70,0x9F3A5C5D,0x74E45282,0xC7811B99,0xF0886D9B,0x006A637D,0x090138B6,0xCEEA4052,0xEBDE0EDF,0xF696EBE4,0x3117F07D,0xC61BEE6E,0x7C15FCBE,0x369383F5,0x66B30970,0x45F3A2FF,
  0xB365491B,0x50208A85,0x0EEF2843,0x1449DD8D,0x6836424E,0x57A4F90D,0x1CD210CC,0x3763157F,0x1D48E53B,0xC7EB78E4,0x8D6D07AF,0x4AEC1C36,0x72FAD4FD,0xEDC088A0,0x2C35763B,0x66D96A0D,
  0x7514C408,0x387CABB6,0x2DAF83CC,0xEC5A7D57,0xE345C39E,0x9EA0A9AA,0xB4E13A93,0xC0056811,0xF7667D6E,0xCF70B5A5,0x5F555731,0x904F81E9,0x22B03D05,0x83E84C91,0xBB94E727,0xE2DF3669,
  0xFF97D352,0x1ACC96B3,0x01F0968A,0xF70C1E13,0x08F1AE3C,0x58D124B9,0xDAC9FEA2,0xD25233E3,0xA0C28463,0x7D8F0949,0x9F503F20,0x91D5741E,0x98D44CA8,0x84065C64,0xC89EA550,0x25344E8D,
  0x089BCD41,0xDCD778DD,0xA746F7EB,0x9ECACAD7,0xEC301E2A,0xC8F4C62D,0x0674E502,0xE4C1B016,0xDD27EE57,0x4B76E9C1,0x4599C182,0x1D228646,0x36F9E088,0xBC7AF7D2,0x3816C8CB,0x97CBF261,
  0x2A419339,0xF112986C,0x7BFBEC4B,0xDB530B55,0x994EB95F,0x4277D177,0xE531269C,0x83822FEC,0xD426D6E1,0x43ED2480,0x2BDB66CE,0x91BF1763,0xB57BCF64,0x51BA7F72,0xEDAAEBDD,0x1CB873B1,
  0x061E867F,0x123D388F,0x60AD8F0F,0x757EA775,0xB30F2A66,0xB511AC19,0xF6FC8899,0x3E622DC9,0x4B1C8ABC,0x594BD14E,0xD3C8C614,0x4D686FBE,0x1B3C0039,0xD238509E,0x3E084EB4,0xF178FB11,
  0xF989552D,0x07847388,0x398C3D3C,0x9025E294,0xE55B45E1,0xFE6745D8,0xC90450A7,0xF0E20EE6,0x44033475,0x12575BF2,0xA8332A5F,0xF879C3A7,0x308D058A,0xEA44FB28,0x7C7F9FC3,0xA9C3BCD5,
  0x6FD852BB,0x39E65E41,0xB295DF91,0xBD8A6158,0xAFB759D7,0x730A4277,0xDB396828,0x7360210A,0x4CF29A49,0x8218DA1B,0xFFFDB02F,0x846C3F19,0xD5D6406B,0x9924DA22,0x6E28C431,0x685C2133,
  0xEA2E9855,0x61377AF8,0x0F1FBEC9,0x0E854B3E,0xE32FA0E3,0xBBFE845A,0x3FF8D83E,0x60C7EC72,0xC19F9DE6,0x7DE56A34,0x8B19E2AD,0x3F92BB43,0xDCBD1BA0,0x56546F87,0xC96E33DA,0x69ACB7B9,
  0x2BB105B3,0xC1F5FE9B,0x8C9D9125,0x615D1985,0x438747FD,0x8D0764D2,0x24AEBB7A,0xA6DC021C,0x0F75DDB4,0x7A6119BC,0x096B5BCB,0xF9E33650,0xA13212E9,0x7290B780,0x563E0CFA,0x07EE10F5,
  0x8B7381D0,0xE4ABD36B,0x317D9300,0x963B64EB,0xB48B59EE,0x5F3F344C,0x5921B233,0xC06F0B6C,0x15B94B07,0x504AE9F8,0x37097602,0x58BB47C4,0xA72C9496,0x8CF7F258,0x15D3287A,0x421DB20A,
  0xA0A8E71E,0xC6718D13,0x2DC5E0B1,0xDAA39DDF,0x2A2BF044,0x1B566344,0xAFDD3AAA,0xBDE00225,0x1423BEF0,0xA9A9DFA8,0x6FB231C6,0xBA6471AD,0x96510796,0xBC1094AF,0x8AE97427,0xDD4D8D2A,
  0x748E31FF,0xCE80232F,0x2340AB8F,0x85F6CAEE,0x255E2DF0,0xB2FFBCEC,0xFE0D26A5,0x8A83175A,0x4A867F4B,0x67439FFA,0xF813A0DA,0x7A0B7AC1,0x6E42A74C,0x232AC8F2,0x5EA5C1BB,0xEBB46DA2,
  0x19791738,0xDD2CCF33,0xEE78CD2E,0x05716355,0x254AD4FD,0xE088C66D,0xEE28E54B,0xAEB99C79,0x164EFE85,0x05214B30,0xA4AF3EF4,0x98CCD554,0xC124BB5E,0x7252B1B4,0xAF2E56E2,0xE5A98D5D,
  0x934DBD42,0x8A34AA7A,0x7723D2E1,0xBD8601A9,0x56DF87B7,0xB3760AEA,0x963CDE17,0x8E822BD1,0xCB3219D3,0x2F5C7670,0xD6FD8F40,0xD9CA66FD,0x995B1FCF,0xB60769BF,0x5CC9253A,0x80722092,
  0x97AB148C,0xA4FF1691,0xB790A324,0x17D9341E,0xC455D80B,0x38D56A0B,0xA18E75C4,0x37E283B6,0xE0D8EE08,0xF701DA16,0x6E0AEDBC,0x57186549,0x251AFC98,0x8F45C92F,0x0B816816,0x65DBADCF,
  0x6F9D2727,0x4E315A14,0x928A5FBC,0xF83633AB,0xDCEB2DCD,0x92DA77D9,0x4AD7F3DA,0xB7C08B41,0x4A87DBBF,0x5C990D5F,0xD80D8403,0x8F15E14A,0x2BEAF7DB,0x133F9DD0,0xF9A1F930,0x2E9B948E,
  0xEB09AE7B,0xDD7CE756,0x78143B5C,0xF6C638E8,0xD3DCC470,0x5269061C,0xF270B943,0x0F37E9BD,0x990B37AA,0xC5923AF5,0x8BF34884,0x0BD14073,0x6E5AC5D9,0xA049973A,0x4FA6908F,0x4106B3A9,
  0x81E5EA09,0x85536BA2,0xD76A45DB,0xAA0F1DD2,0x12F87F2E,0x7D35706C,0xC405F06E,0x161ED6E0,0x76B4187A,0x53FECC87,0x3293E0E3,0x0197CA9B,0x3885426E,0xCB6231B6,0xB9308002,0x04E6A9CE,
  0x1DCF9693,0xB326228F,0x53AEE4E2,0x3C33C3C5,0x12A8574B,0x658B85AA,0xCE1352E3,0x57484D2C,0xF3E773D8,0x3DA4095E,0xAB98D749,0xC0E359A0,0x5D5EEFA1,0xEFBF2FD0,0x2ECBBCEB,0x136FB5B5,
  0x3C63EBA0,0xE46E6FA3,0x1C08746D,0x8ED203B4,0xE11F0CF6,0x59B8466F,0xD38CEC15,0xFC80B200,0x60FAE6FF,0x4427F899,0x17891C7B,0xAEE9B41C,0x613D0401,0x6AEC4472,0x0A468AE8,0xC174933B,
  0x32C3C886,0xD21B268E,0x6FCD0F42,0x97FB3CE9,0xCAF5FB2D,0xABC8FF2C,0x8A64821F,0xB2E1C071,0xE5F9A538,0xBDD629CC,0x2A2D1525,0x00000000,0xF2209126,0x79D3D9A2,0x73C57B2F,0x206B9FCD,
  0xB65741DA,0xA568DC0A,0xF9F1D155,0x9C7A54FF,0x850343C7,0xAF7E7E87,0x391288F5,0xCE437A86,0x40917932,0xD6ADA725,0xD73A6DBE,0x0F67C1D8,0x6ABC6C17,0xCF849878,0xF8661BCE,0x6B7B8EE9,
  0x59E86E0A,0x4E617271,0x616D2C64,0xEACE4C85,0x33042A78,0xC0B371C5,0x24DD1E66,0x45B03202,0x3942A090,0x644C6754,0x36256148,0xBC41E357,0x2F0C5E15,0x989CFD31,0x248D3603,0x7773FA84,
  0x52392E79,0x1C585C08,0xB2B1E814,0xD99A4E98,0xCFD4B01D,0x7CF29292,0x3675492D,0xF696108D,0xF3B75BBD,0xFD4750FE,0x8BA360E1,0xEFEF07B5,0xD24B0EEB,0x7D655809,0x21AC7D33,0x78441339,
  0x45E01A67,0x966CF672,0x4FF6B8EA,0x21FC5556,0x40C15157,0x37B2ABD3,0x3DF4213B,0xDCBB05A8,0x582F8CF4,0x2A7D3D40,0x6B2BA68C,0xEB59861E,0xAA5F35B7,0x931D9527,0x8494895C,0xC5C21290,
  0x18BEF5C6,0xB960A867,0x76E4301F,0xBC11CB32,0x84C4A139,0x2BBADFBE,0x641C4F31,0xF751F273,0x7395534A,0x04B681AB,0x0A16A28D,0x7CA2BAF7,0xCAA5D348,0x5D0EC7C4,0x9DED9E64,0x720299D1,
  0x19293F5D,0x7983F1C7,0x9DBDB601,0x81B5C26C,0x00502865,0x4B101124,0xA538F46F,0xE14F2493,0x4477D0FC,0xB8A74A99,0xFCD09A65,0xB8F762FC,0x203BB7A8,0x0EA02326,0x568FAFD2,0xA019BF5F,
  0x587FA491,0x01C7E2FE,0x9C2A7C9A,0xE43E47C6,0x3354021D,0x1D9FBEF6,0x60AACE9A,0xA1DE5DA1,0xEA9E64E0,0x41569BCC,0x18EEDDA3,0x802208F7,0x0EF00B43,0xD85DAC66,0x4B403941,0xFD17789B,
  0x8004D846,0xDEBA5FE4,0xAE249C02,0xA341209F,0x2FCDC5E1,0xFD7AD0CA,0x0625CC97,0x557B805F,0xD57F5819,0xA39B2744,0x7DFB7F7B,0x52B3CD6D,0x0C0D4ACF,0x0A288658,0xD84594A8,0xA85E20B9,
  0x71F635B4,0x71A94598,0xD26D12F0,0xFBDA6BAA,0x005F702C,0xDF57DE41,0x222D0E8B,0xF6E0A71B,0xFDA0D711,0x7DA40F57,0xF128EA29,0x5524F073,0x8AF659C5,0x7CCCF905,0x5269CAB6,0x8A2C5E1E,
  0x8D3E14F7,0x248DB5EB,0x8D6164DB,0xD417AE4B,0x81B629CF,0x5F0C762B,0x8C8CE57E,0x53013CE4,0xFCC82143,0x5236BA9A,0x86A46326,0xFA689A23,0x0B9A77D1,0x712C326F,0x544C0621,0xA8DB574E,
  0xAEFE9BD9,0x285AF8FF,0x2560344E,0x8A732E32,0x59F3BD67,0x06FFCB4C,0x70C1B3CA,0x7044C43D,0x22727EA7,0x2345F8D9,0xFB5F1C5D,0x0DE0CB6A,0x0137867E,0x778C890F,0x7A333249,0x5413760D,
  0xFAEDEDD4,0x8AA929E9,0x5F530607,0x7C16FEDE,0x29E80976,0x239FFF02,0x7B81C3C0,0xA4D61D81,0xA31E50B3,0x7AE93592,0x7AB645BE,0x763E7886,0x0C883D38,0xF7885149,0xA229D6CD,0x86FB130A,
  0x816C2E14,0xFA37EA0F,0x5EBE87A2,0xD89F9373,0x76BB0F71,0xFC97516F,0xA276A6E1,0xD3809355,0x53DB3B3F,0x867E64FD,0xD5202835,0xA2ACA13A,0x25E543B9,0x766108AA,0x0A77F674,0x81335E38,
  0x54C971D6,0x5F8901DC,0x2E204444,0x8081AFB1,0x06A0BB60,0xDF8DD99A,0xFC122698,0x5E648079,0x535E4CC8,0x2F48B216,0x2E7F3468,0x77568ED4,0x2EA533B3,0xA4536A76,0xD5A55FC2,0xA9ECD130,
  0x55FEF7A8,0x0DBFBB46,0xF63AA0C0,0x59ACCD4B,0xF0C56B8C,0x8C56E2A5,0xF1F2EDF2,0x231A88F5,0xF09A1BA0,0x07124AE9,0xFB851B86,0x0C523AE3,0x23C08F2E,0x074D3AC5,0x7709FEF8,0x22A8797C,
  0x253F4462,0x55A18784,0x52ECBD41,0x53844B13,0x8749E283,0x067ABCBB,0x2F92B5CD,0x0168F652,0xD35A948E,0x862114D1,0xF7525692,0xD492D9BC,0x0AF28183,0xF70D26BE,0x80DEDF9D,0x5E3BF055,
  0xA5E19BFF,0x8C099289,0x7B04B437,0xD92D62FA,0x549601FA,0xD3DFE379,0xFD25A0E6,0x5EE1F78E,0xD2E86507,0x2880FF24,0xD97212D6,0xDF08AE6D,0xAEA1EBF5,0x709EC3E6,0x2408C21C,0x2EFA439F,
  0x01ED81A5,0x8793E558,0xD9F76521,0xDEE52FC8,0xAF966D8B,0xA5BEEBD3,0x7A6C4265,0x58414CEE,0xAE7BEC2E,0x07973D1E,0x2F17C23A,0x8BC1DFBB,0xF7D72165,0x01B2F189,0x00000000,0x8DBB6300,
  0x7D7E088C,0x77D3F923,0xFB006C71,0x701BB411,0x58C43B19,0xA564EC08,0x28DF8F08,0xD23262DC,0x0B1F0026,0xD4CDA990,0x24D2C5C7,0xA53B9C24,0xD305E4A2,0x5976CA90,0xA936D6EB,0xA40C1A5A,
  0x0BC507FD,0x871692AF,0x7D2178A0,0xDFD2A9B6,0x296D7E81,0xD81AE484,0x0B40700A,0xD8C0E35F,0x5929BABC,0xA8015095,0xD448DE67,0xAF4C6A50,0x7B5BC41B,0xA2F3D116,0xFC4D56B4,0xD9A8150D,
  0xA4896DAD,0xD2B7152B,0x2457B230,0xF1779A05,0xF01F6C57,0x71734243,0xF1AD9DDE,0xAFC91DA7,0x0D3ACCB1,0xDE3F2813,0x29B7795A,0x8CD39552,0xA969A6C7,0xA8842762,0x7C498EF2,0x280588D3,
  0x29320EAD,0xDE60583F,0xF6BFD737,0x8B9EAF97,0x0D65BC9D,0xD5FA2FEE,0x581E3CC2,0xF0401C7B,0x81E959E3,0x76E47F5D,0xA9B3A11C,0x00DA07DB,0x0AADF1AF,0xF665D0EC,0x589B4B35,0xA3C45768,
  0xFAB29DF8,0x87CC9574,0x8B1BD860,0x8DE4132C,0x8B44A84C,0xAF131A7C,0x07C84D32,0x805BA86A,0xFDFFA73D,0x008577F7,0x7BDEB3EC,0x5FD671F0,0x7C938929,0x0CD74D14,0x22F70950,0x25BA3395,
  0xADD93554,0x49BCE2A7,0x2441F55D,0x53B7B103,0x26D8D4A3,0x249DD669,0x77F6445E,0x148CC81B,0x5635202D,0xA4993D0F,0xE6FCF60D,0x7C2F6DFB,0x1D10E374,0x055EB21A,0x6D2134CE,0x66243E5F,
  0x9AD39BF6,0xDA2F710A,0xC7E3B14A,0x211F4747,0x5F752876,0xE37E6723,0x37D68D96,0x0940085B,0xD6EDE87F,0xA3828DDF,0xAD051660,0x4265CB02,0xC2BD0350,0x56E90319,0xE8A74E86,0x0B050A91,
  0x8E5F53ED,0x536B9237,0xCBFD0B0B,0x4CE250BD,0x5AF7B958,0xDF71C310,0xBCD76C61,0x40FCEAFC,0xDDE8E2EE,0xB597643A,0x6AE6A72A,0x110E5935,0x5FA90B42,0x9F8D29EC,0x7BE8FE1F,0xF7F2AF38,
  0x370AAEA2,0x39511629,0xAF9C379E,0xB70E45C4,0x85867A48,0xFB30364D,0x5DEC0988,0x586E98A6,0x855A597C,0xD4A8EAB5,0x871F5BB6,0xE3A24417,0x0582912E,0x28836C28,0x1615E9E5,0xA85BA47A,
  0xCE7F9A25,0x2604F797,0xE1E746DD,0x7274D570,0x0CC29975,0x47E75A2C,0x4BF9E06D,0x099C2B6F,0xFC2B869D,0x16C9CAD1,0x30CD3D46,0x32541CB8,0xEDF9FC9C,0x285F4F1C,0x9A0FB8C2,0xA11BAC21,
  0x79ADFCD5,0x772A676A,0x2D01FD06,0x0E5BB88B,0xCC3A98EF,0x9488237D,0x1A0B53A4,0xA6DC3FC5,0x024502CA,0x9F510AD8,0x473B7918,0x134B5BFF,0xA4451E3B,0x071BB0D0,0x1DCCC040,0x94540049,
  0xD474C981,0xC0F8019A,0x354FAC68,0xF9753487,0x238666B9,0xF0E91FE8,0x4E7B7143,0x00DC2334,0x64BD1FA1,0xE620D539,0x8B01E1F7,0xA1C78F15,0xA35EAEEB,0xC9B809C1,0x637A8C45,0xBC0B4F55,
  0x3E9685CD,0x7B34DD2B,0xAF4014AA,0x457E7BD2,0xD8B650F4,0xE13B65E9,0x45A258E6,0x939393AD,0x70EDF48E,0x235A458D,0xC2612064,0xC73F927E,0x4960C193,0xBE926EAB,0x139778CB,0x30111E72,
  0x398D351D,0xAAC28584,0x2F98DCF8,0xC02422AE,0xF72E8C0C,0xDD34C1DA,0xD1F658AF,0x756F65A0,0xD631CB4B,0x7EB64C05,0x2F44FFCC,0x6F643604,0x64613C95,0xA6001CF1,0x1AD77090,0xD12A7B9B,
  0x75B34694,0xCB21283F,0xFEB2A763,0x6A3A841E,0x00000000,0xB54B470E,0xE87B6DB2,0x6FB81530,0xEA3E6F78,0x984ABA08,0x1450EB2F,0xED25DFA8,0x5D302ABC,0x029921FE,0xEAE24C4C,0xB28CD4EA,
  0xF2703E16,0x8C1A5127,0xC5A6B380,0x1F89C28A,0x5A2B9A6C,0x61E3ADBB,0x9D140812,0x66F81D6B,0x512E90FD,0x8998C009,0xC9642AF5,0xDAF3523E,0xD3B35A65,0x1F55E1BE,0x3CD38707,0xB250F7DE,
  0xF0353CDC,0xBBCCDCB1,0xAA1EA6B0,0x829DCA98,0xE4B9F4C7,0x7CF34ECF,0x3BC837D7,0x8BDDC2C3,0x42B9E836,0x4EA75277,0x2DDDDE32,0x4B25C359,0x6DFD17FA,0x0C1EBA41,0x8E8370D9,0x7E6A6F31,
  0x32883F8C,0x68A3A5E0,0xB015F514,0x184E516E,0x3C0FA433,0x35938F5C,0x3B1414E3,0x3E4AA6F9,0xA887874E,0xCEA3B911,0xB989DE7B,0x96CD21B7,0x11D27A01,0xFCF7A5A9,0xD36F7951,0xF2AC1D22,
  0xEF60DD62,0x63A6AF71,0x934FB099,0x1892725A,0x613F8E8F,0xCCE6BBDB,0x4020C9C8,0x87C37882,0xE465D7F3,0xB0C9D620,0x7031D7BA,0x8004EB66,0x7971DFE1,0x8241E9AC,0x51F2B3C9,0xB7D266F0,
  0x687F86D4,0xB955FD4F,0x2A1A4DD6,0xFBEC1579,0x58B2BB92,0x07C793E4,0x8CC67213,0x9896993C,0x21C36473,0xF5B7ADF2,0xC57A90B4,0xBE4E4D9F,0x96110283,0x910AB253,0xF9A917B3,0x72A8F644,
  0xD86A73C0,0x8944E33D,0x0E879BBF,0x80D8C852,0xDFADE024,0x91D69167,0x2AC66EE2,0xBB10FF85,0x54AC01D3,0xEFBCFE56,0x4C3E7389,0xF56B8EC6,0x547022E7,0x9DC82B26,0x0BD929A5,0xFE6E8457,
  0x070A74CE,0x770145A4,0x598711DA,0x19919AB5,0x72CED1B8,0x558EBF9D,0xFF15D5DB,0x7EC77FFF,0x1B8FE981,0x605C9184,0x2091890D,0xD855BBFE,0xA45724D3,0x9D57376B,0xC8D988F6,0xD699F56B,
  0xD88E2818,0x225469DF,0x1057A0EE,0xD3566177,0xD19381A5,0xD1481243,0x69413839,0x3509BDFF,0x595C823C,0x0E17DD73,0xB11483C7,0xE3904894,0xF6D3EF80,0x77DAD642,0xE34BDB72,0x6E90DF11,
  0xEA5672CF,0x35D22E19,0x699AABDF,0x5E8D6514,0x55552C7B,0x86D8DEEA,0xB3D16315,0x91850ACA,0x6548967E,0x574B5F4F,0xAA9B6A46,0x6B84D8EB,0x4E01561C,0x5B42F108,0x490B22D2,0x4CC4B6CE,
  0x175DD420,0xF1D99B4E,0x81D2AA24,0x70D0A28C,0xCF086FDE,0xBFD8CD52,0x194A0953,0x49D0B134,0xB4DB17DB,0x07D1E728,0xBF035EB4,0x8AD170AD,0x5C4885C6,0xE155A846,0x65930598,0x4B1551E6,
  0x6C8EAC25,0x1B547A67,0xD38DF291,0xB8092A7A,0x6E4B4CF7,0x5790CCA9,0xBD1D2D80,0x051407FA,0x2E86547E,0x8A0AE34B,0x45028C95,0x02C5E0D2,0x678D76AC,0xFA01D221,0x9654EDE2,0x279BFDC3,
  0x60870262,0xCA1C6824,0x301DBA05,0x8FC57757,0xEF99E6D3,0xB1CF1021,0x2B925384,0x0C09AE47,0x939B79FE,0x228FFA39,0x47C76C47,0x4EDAC5FA,0x3ED1F490,0x9898A377,0x40168B6F,0x3E0A6776,
  0xC11FB2AD,0x8D009785,0x5E56F6F2,0xC301C199,0xD487865F,0x6242E2B0,0x40CD1889,0x1292403C,0x9F49445F,0xA386C3FB,0xB30AF0F3,0xA692C401,0xF31C7B9C,0xDF5FCF30,0x94910D30,0x3203C931,
  0xC40BB557,0x4C1F2528,0x9340EA18,0xD45C15B9,0x8F1EE4B1,0xE65FDC88,0xED5C0601,0x204A1AEB,0x7215425E,0x471CFFA1,0x108C3308,0xCDCD8F0C,0xEF427535,0x25858EF7,0x091DA9BD,0x525F58B5,
  0xF81FA115,0xA198B0CF,0xD642668D,0xF8C432F3,0x45D91F73,0xA1432329,0xA48CB735,0xB400843D,0xF4CD9CB4,0xFD0BA6EF,0x9D8CA48D,0xDF845CD6,0x3C141442,0x791698D7,0xAF54FE5A,0xED8795E7,
  0x4BCEC200,0x1C5E0EA9,0x3BC5F36A,0x37CC5D2D,0x021E7334,0x7E1CEC19,0xCD161CEA,0xE84801FB,0x7CD90CCB,0xB8D2B99C,0x84C6ADDE,0xCAC7FBC2,0xDD9A2FE2,0x39DB805E,0x0B03DA89,0x88CF0399,
  0x30C629E3,0xFADA41C7,0xC615C663,0x7C029F2D,0x841D3E38,0x2C43B4AC,0xAD911E88,0x6C553FC3,0x9F92D7B9,0xC6CE5585,0x968F7E04,0xDA4BC8CA,0xC4D026B1,0x4208F85B,0xDD41BC04,0x1249D3DA,
  0xF6087C66,0xA8851972,0xF3C7E87A,0x05CF941C,0x3B1E608C,0x98433091,0x62997156,0x00DB93E6,0xE893921D,0x8DDB0463,0xEA8DE129,0x2E5DC798,0x178647C6,0xE441AFBC,0xAD4A8D6E,0x2957B356,
  0xB6C564EF,0xDA905B2C,0xA64957E7,0xC1C4214B,0x0ECC4E95,0xE6844F6E,0x3CCF87A4,0x2B49C062,0x79CD0B31,0x32D85AD7,0xA85E8A94,0xBACCCAA8,0x8814907F,0xF10208A8,0x751F3690,0x42D36BBD,
  0x9A86D043,0x00000000,0x1C859D4F,0x27406E25,0x7B08EBE3,0xCFD3FC38,0x5B9962EE,0x83174AF6,0x1E407D9D,0xBDC6BE66,0xAA40F9A0,0x390013B8,0xAF8F6DBC,0x509AB867,0x09C63A5B,0xBA17594E,
  0x75C4A576,0xE49A3C5A,0x2C98274A,0x810939C2,0x159834F2,0xF4160F52,0x944A9ED6,0x7BD37805,0xFDD03509,0xB61EF709,0xC3DA527F,0xC8021B10,0x5284CB53,0xA35D501D,0x86034D0C,0x0CD23DA1,
  0xFFCE463D,0x50412B81,0x255E1D11,0x915E992C,0x9A5D43A5,0x83CCD910,0x1543A714,0x6756E54A,0x1E9BEE7B,0x6B5F4B0D,0xE18E3BA0,0x0BD8496F,0x3717CECB,0x298C20B0,0x700B316A,0x5C931620,
  0x6E8EE46D,0x168D18F6,0x8B6EE681,0xAA84A2FE,0x5E5E856C,0x48D39D9A,0xCCC8A953,0xB36E31F9,0x76FAC2A5,0x47A64FD2,0x0EF93E3E,0xBD85567E,0xE46CEE9A,0x9DF1A7CE,0xA3D8F8F1,0x931AC049,
  0x10B6C908,0x094E03B6,0x50B5E2EB,0x83AC0941,0x462AA3A4,0xDBDB046A,0xA5E3290F,0x799D4954,0x315C8D77,0xA2541487,0x50A7BB52,0xD5223A54,0x3E295F3F,0x70D34AE2,0x8CCB82B0,0x7811A522,
  0xDC7E605B,0x10A490B1,0xAB1A1731,0x4EE84C64,0xC231976D,0xC594F35C,0x9DE3FE77,0x1713AD39,0x3E3B0686,0x08C2EFC0,0x7764776A,0x4011725A,0xA3CAA148,0xAB084E88,0x001259B9,0x494D2855,
  0xACBF7300,0x61FB3625,0xE3C98AAB,0xE5F25B55,0xE24566DD,0x92847586,0xF556CBE4,0xCAF378AD,0x7E2A74DC,0x8CD9DB09,0x952111B7,0xCD444525,0x930899F0,0x07A56431,0x59FBE15D,0x264F204E,
  0xD30BB213,0xED22ED2C,0xF36D1A1A,0xDDF28C2D,0xDBC95DD3,0xB2E2DD8F,0x6939D9E5,0x08D0B679,0x6E9CBDD4,0xBA20324F,0x569C6AAC,0xACAD2AB9,0xC40A4693,0x265D79F7,0x4F64A012,0xCCDAF0EA,
  0x8232BC8E,0x92962C3F,0x4638FA1D,0x293AF206,0x3FA5B349,0x58655492,0xD53063ED,0x2928ABBF,0x85858106,0x7E382D65,0x2F137A41,0x606583EA,0x8220E537,0x30D06101,0xB4D90C71,0x21EA447F,
  0xC3BD7B1B,0x2066A809,0x11287CC7,0xA47D9CC0,0xC223CED4,0xEB193CD2,0xF4C87E2B,0x9A469A46,0xD319EBAA,0x7803FC9B,0xE47EB723,0x4F76F9AB,0xAD21C6CF,0x19EA9307,0x5E4CDCD5,0x94ADFDC1,
  0x692B805C,0xD2875E65,0x715FA694,0x47B4166B,0x113A257E,0x51390E9D,0xCB7F94DB,0x19F8CABE,0xE5E002EC,0x419D9E2C,0x314ED4CE,0x0F75D248,0x18667F71,0x169F414F,0x67C0E7DB,0x399E62B7,
  0xF4DA2792,0x5702DF63,0x8AF0534E,0xFD867D9D,0x37750530,0xBA326BF6,0x9C7D4BB8,0x36EBB0FF,0x94BFA478,0x512B5724,0x418FC795,0x571086DA,0x664C0BAD,0x798F10ED,0x063BD1FE,0xBBACDE39,
  0xA5F170B6,0x61E96F9C,0xC3AF22A2,0x00000000,0x68B53593,0x2E8DCF8E,0x06298847,0x37675C89,0x2F0123F8,0x83BE50F8,0xE2573F64,0xA2464D3E,0x6F1051A2,0xAD339F76,0x9BCA7630,0x40032BE3,
  0xB547B9BE,0x9533480E,0x9A54C3FF,0x8D55377F,0x5FD2691A,0xFA314015,0x36F9E946,0xF37F43A3,0xECBC58E3,0x38128EC1,0x9C6F1201,0x76E89B1C,0x665E5214,0x27C3CC38,0xFBBDAC63,0xBC09BA08,
  0xDA57E81C,0x1701F480,0x27D19581,0xBC1BE3B1,0xCAE12114,0x5FC030A3,0x3FB7EAF0,0xD29507DC,0xC586AAE5,0xD4AED622,0x1E4FF736,0x841B34C9,0x2E9F9637,0x9BD82F89,0xE3DBD312,0xFD942424,
  0xDA45B1A5,0xD4BC8F9B,0x28A447C9,0xFBAFF5DA,0xB37C6840,0xCD561C9C,0x8AE20AF7,0x07B73D88,0x30C238B8,0xB555E007,0x0F678BF1,0x6077DA53,0x67D2BE62,0x1E5DAE8F,0xCB6DCD62,0xBD970FC7,
  0xC4181F2A,0x1FC31B40,0xEA87891D,0x59E9B8E4,0x70C1135B,0xAA96FB47,0xBBBE8780,0x4EFA15DD,0x21F81DC6,0x7FB4C113,0x095C5A0F,0xEA95D0A4,0x28B61E70,0xFA2319AC,0x0EEB6787,0x7FA698AA,
  0x58770D2B,0xF544925D,0xECAE015A,0x6F02081B,0x2074F1B0,0x77762ED3,0xDDE0D594,0x495F71EC,0x187426C8,0x019EB5CF,0x8B7CBF38,0xA46FC579,0xF2F3AFD5,0x398C3B0E,0x1FD142F9,0x8597D8BF,
  0xFC0A91EB,0xB4CB55C8,0x48C1C423,0x68A76C2A,0xEB0B656B,0xFC18C852,0x3800D778,0x84096D70,0xED30B495,0xF2E1F66C,0x568E3315,0xB2F08436,0xDC6C39E2,0x018CEC76,0x8D476EC6,0x714DFF2D,
  0x919AE77E,0x18CC5DBA,0x904AF99F,0x12505B1E,0x3A7311FE,0x9AD6FF3B,0x45A6C455,0x2E75A510,0x83CABC60,0x242CF4CD,0x00000000,0x138045FF,0xABE9F680,0xE90C94BD,0x609F7900,0xC0FFC0BC,
  0x908FAEE6,0x844C4D71,0x97CC088E,0xF6836F6F,0xFB9998DA,0xF010D7E6,0x5B3C761F,0x0743A668,0x50706E5A,0xB4A35A2B,0xDE6572F6,0x3CE0A977,0x2FA5BBF1,0xA7231FD4,0xD3BAD23A,0x9A13A842,
  0x0656EFF0,0xD37F8543,0xE2408CF8,0xB8ACE406,0xE9C9C3C4,0x6C559054,0x19D91422,0xA175F024,0x15D6AA0F,0x1F4AACAB,0xEF5A7B4D,0xC12FDE5D,0x4E2F8B69,0xBEFA0BF6,0x01154998,0xB97CFAE7,
  0xCAA69161,0xCCF07E91,0x961C166F,0x5DAFCE96,0x0693B889,0x37ACB132,0x28E61D99,0xD926D49E,0x3769E64B,0x859C5390,0x4F3AC2F1,0x5AEC68FE,0x6A037FA4,0x8993EDBD,0xC77931AD,0x1406B4EE,
  0xFCDA3EB2,0x01D01EE1,0x0C0FBE2D,0x6AC628DD,0xADBF1970,0xACAA50E8,0x3B665866,0xDEA0258F,0x0B894F3C,0xA7E648AD,0x8ED04BD5,0xCBB3D8F9,0x49A97A78,0x56E3D6D3,0x5CBA870E,0x9C8010CB,
  0x42203544,0x13451286,0xF753718E,0x6D858EB5,0x7F1082D2,0x84891A08,0x5C7FD077,0x0DDFA0CC,0xC1EA8924,0xD8F6CA7F,0x1E9AB24A,0x6B16363C,0x0A9C06A4,0x82DFF5F8,0xB4660D52,0xFB5CCFA3,
  0xB3E0FC43,0x7FD5D5AB,0x31FA5EC2,0xE355C560,0xB325AB3A,0x18090AC3,0xE5C67DE9,0x8886A425,0x36B9F8AA,0x6D40D9CC,0x2EB0F269,0x5BF92166,0xAAFCBF18,0x789673C3,0x25FCEA2C,0x0D1AF7B5,
  0x7499CDEE,0xBFEF426E,0x50B53923,0x8FC5024D,0xBE3F5C8F,0x745C9A97,0x516527C2,0xCC3529E8,0xC03A97C5,0xFA49863B,0x5D6A99EF,0x0B4C1845,0xE285DB81,0xB2F5B5DB,0x2F60EC88,0xAB2CA1F9,
  0x57F69F4B,0x67DCDF68,0xB57344CA,0x23AA05DC,0x915FB007,0xCDE53709,0x8F005534,0x3BA30F1F,0xAD7A4E09,0xA1B0A75D,0x562681AA,0xE4166308,0xAC6F0791,0x855904E9,0x3C25FE0E,0xE3909219,
  0x367CAFD3,0x51A070BB,0x9BC3B6A3,0x191C435B,0x29360378,0x1513FD76,0xF79626F7,0xE4D33471,0xA6F30135,0xEE4F32D5,0x8E151CAC,0x48796499,0x9C4547B2,0x3AB64687,0x4563932C,0x7E05CB4A,
  0xFC1F69CB,0x8843F35C,0xCD206070,0xF0D5809F,0x73DA6B86,0x302A4023,0xB5B613B3,0x496C2D01,0x4476DAB4,0x8956BAC4,0x618A3098,0x66C996F0,0x830FEB19,0xD5EC3DCA,0x79466D22,0x0786F111,
  0x1E5FE533,0x0A5951DD,0x821AA281,0x2539BD55,0x3D30B796,0x236F52A5,0xE8DC8A5C,0xC7BC66D4,0x660CC189,0xDFB56C17,0x9B06E1DA,0xFA8CD142,0x14C3E397,0x67198811,0xD26ACCDB,0xEE8A65AC,
  0x4FFF9588,0x96D94116,0x30EF175A,0xDF703B6E,0xD4F97452,0xE5032A90,0xC66C7835,0xF1059E7E,0x44B38DCD,0x22BF4C44,0x1F8FFBD2,0x42E5623D,0x3DF5E0EF,0x7EC09C33,0xD8339D06,0x72CF221E,
  0xE819DD25,0x29F35401,0x4EEADC10,0x24E9A3B4,0x720A7567,0x605A2E79,0xB9B9AD9E,0x28234AE0,0xB869B37F,0x758C8476,0x6C90C72D,0x00C55779,0xF6463816,0x6BD36145,0xD9E383E7,0x5A293F87,
  0x313F09BB,0xA636564C,0xAA39E861,0xA060B9BC,0x614F67E1,0x785324BA,0x79833A5B,0x43357CDC,0xC6A92F4C,0x9D955953,0xF1C0C907,0x227A1B3D,0x5733C832,0x12950C67,0x0CCAE954,0xCA63C618,
  0x48BC33E0,0xB230E2A2,0xEF9F2C34,0xD2AF9BA2,0xCB768F80,0xFDCF772A,0x43F02BA5,0xFD0A2053,0x7549D30F,0xD43C232B,0x97095FF7,0xD5296AB3,0xBF2A1517,0xA0A5EEC5,0x9D500E2A,0x731F3CFF,
  0x319FF16A,0x4EC1E4DF,0x0527436F,0xA752CFF5,0x4C3DE052,0x00000000,0x4122C620,0x3C367A61,0x36F21BF1,0xA6327A97,0x01D6181B,0x78855257,0xE3E1E7C3,0x700B9A33,0x923C65EB,0xDFD79DA2,
  0x07DB47E2,0x7BAF4EC1,0x7B19E3B8,0x992E1C60,0xD31EA3CB,0x0E353AE4,0x372403EA,0x479934A0,0x0447F60D,0x9998B119,0x38C72115,0xE0CBFB55,0x935CD089,0x724133C7,0x3E7CD395,0x7606C5CA,
  0x42BE77CF,0xA9D15868,0x40F4DE3B,0x7E3EA0D7,0x9E43F6FB,0xA8B1ED0A,0x9076CC1F,0xE1AB4E37,0xD68F4DDD,0x3BED3D83,0x928AC892,0x032A1C96,0xED62705E,0xDB26C6D6,0x7DA21138,0xAD96AE65,
  0x4E7749A6,0x33D5589E,0x4BE6A7B0,0x3F1C66F7,0x3644B688,0xD7EFF8BF,0x91A0D404,0x0B12798B,0x0A72CCE9,0x9D69EA6D,0x0D1F2672,0xAB9BF19C,0x32034085,0xDD9D3456,0xEBD982DE,0x464F2CBB,
  0xAC40B67E,0x9BD218ED,0xEC02C53C,0x7C740923,0xEF9E74D3,0x4FA151BD,0x7D14BC41,0xD80CDA40,0x0838651D,0xD1540A3F,0xA31539F8,0x0AC46190,0x3911390E,0xDA4673B4,0xAFDC0791,0xE48C0D58,
  0xE6C6A4AC,0x31295C13,0x95E72209,0x71DD8228,0x96CD3E9F,0x3FAACB8E,0xA5AECB78,0x984EA902,0x759A7425,0x9DDF4714,0x38718C6C,0xD8BA7739,0x3D56CF03,0x3C80D718,0x4A30BFAB,0xA478D363,
  0x73972BDC,0xEEFEC1B1,0xDAF0DECD,0x0E83979D,0x9F95EEE0,0x30FF4408,0x3B5B90FA,0xA4CE7E1A,0xE237FFD8,0xD96C6F22,0x94313A12,0x356EAA1E,0x72F79EBE,0xA0898817,0xDEB728C0,0x3363F5E7,
  0xA15F900C,0x9F234399,0x9AB2AD8F,0xDD2B992F,0xDE0185B9,0x340E1F7C,0x4F17FCC4,0x3792AE93,0xEDD4DD27,0xEE486CC8,0x06BBF280,0x46F981C2,0xE67009D5,0x41946B59,0xE9258653,0x00B6AD79,
  0x74FAC147,0xD513FC32,0x97AD8BFD,0xA5186601,0x76B068B3,0xEA0F9AC5,0xD0821224,0x0CC93E69,0xD75955C6,0xE07D562C,0x4208DAB6,0xD9DAC25B,0x43686FD4,0x98F8047B,0x4A8612D2,0x45D39D54,
  0x716B2F51,0xA03F256E,0x7E880DAE,0xAA4DE987,0xD3A80EB2,0x49AC0E44,0x0160B562,0xD4C5E429,0x70BD374A,0x3A8D88E1,0xE7A611CE,0x32B5EDFC,0x3DE0627A,0xA8074073,0xE8453331,0xA2C321E3,
  0x024AA9F4,0x752CD95C,0xD639E0A4,0x3A3B2598,0xE3574ABA,0xE710BCB7,0x4DEBF849,0x09EE7D06,0x7A7956DA,0x9EF55B82,0x0F558F86,0x04F15B74,0x3ECA7EEC,0x4405854F,0xE43AA021,0xE28152A1,
  0x076DEA9B,0xD4734950,0x4C8B4D2B,0x487A165F,0x491AA33D,0xAE0A1F8A,0xA1E93D75,0xE55A1543,0x35D80767,0xAAFB44FE,0x4565302D,0x7CC2A45A,0xE8F39E48,0x93EA7DF0,0x77D0DDD1,0x39A79477,
  0xAD20031C,0xA3A39481,0x776670A8,0x7ACFFBA3,0xA2758C9A,0x967B93E6,0xEAB937BC,0x0FE322FF,0x9116797D,0x9A0400F6,0xDF6130DB,0x7FE8B8CC,0xA7E4628C,0x0958D07F,0xDB906BAF,0xD1E2A746,
  0x3049E971,0x0C7F9310,0x90C06166,0x95518F70,0x060D5FF9,0x9487976B,0xA967F511,0xEB6F2FA7,0x9B64B594,0x44B32836,0x48CCBB26,0xAB2D5CE5,0x472F99D9,0x7833FF2E,0x34B8B205,0xACF61B07,
  0x40427342,0xDC4B2C4D,0xE5ECB83A,0x43DEC2AD,0xECB46845,0x971B2684,0x0591EE16,0x9C095F0F,0x0DA98B0B,0x732186A5,0xDCFD8134,0xE11DE34E,0x7F5E15B5,0x088EC864,0xD2C8BBD0,0xA684D7EE,
  0x02FC048D,0x039CB1EF,0x79534A4C,0xEF28D9AA,0xD034BF5D,0x744C6C3E,0x79E5E735,0xAF6AAAE8,0x4B500AC9,0x0BA4D4F2,0x4D5D5530,0xE9932B2A,0xD27E16A9,0xAEBCB2F3,0x9CBFF276,0xD5A5514B,
  0x010D42E5,0x58553AF8,0x2AC125B8,0xF49D6CB6,0x99F11D29,0x1C738AE9,0x699A63A2,0x47AD5427,0x6EE795A9,0x224B51AB,0xE8EEE65F,0x6C61337A,0x27B00173,0xEB650269,0x88F3B30B,0x0670B4EE,
  0xD55DD92B,0xE169D0A9,0x6A118794,0x36B2AF51,0x35394B67,0x96069F31,0xB23D7A74,0xED15B687,0x8A7515D8,0x1B0E7CE2,0x8D08E3D3,0x6396B162,0x98FC5FCC,0xD1ABCB16,0xBE411C5A,0xB0BBDCA7,
  0xD82CFDE0,0x9B77BBFA,0x5AD39C2B,0xC45F7709,0x8B78573D,0x17721ACC,0x64EB4769,0x9C0A4DF1,0xDCDAEFDD,0xEF931054,0x848FD525,0x93FDCFE9,0x7B1329B6,0x2DBCD3B3,0x3DB33F74,0xD921BF05,
  0x3244BD6C,0x37BFEDB4,0x8F8E4500,0x3349FF89,0xDE5C490E,0x7A1E6B53,0xC1A427D1,0x3E38DB42,0x188598D4,0xB44DCE9A,0x495794DA,0x56AFFA05,0x138408F1,0xF3E09ABD,0xA23296B3,0x2536A7A0,
  0x948039E2,0xABB5A045,0x74E4ABAE,0x79958F65,0xADC514AB,0xB1B69E42,0x00000000,0x76620D7D,0xA442225D,0x0EFAC0FD,0x89FEF1EE,0xC3228102,0x30C21BBF,0x485AD63F,0xDBA719D6,0x9D070F14,
  0x2847836B,0xBBBA4C82,0xA83E4473,0xA9330696,0x05FB50D8,0xCDD841FF,0xCBA8F511,0xF9EC487D,0x917B693A,0x088A7413,0x3BC38B9A,0xB6CB6849,0x7C6EDFBD,0xBCC7BA89,0xCAA5B7F4,0x55241E33,
  0x100FECC7,0xBF4C5EBF,0x4CACC402,0xAE4EF09D,0x8C05A136,0x5958781D,0x51D20C0E,0x92F08D0C,0x0C7C662E,0x5BDEDECE,0x04F6123D,0x41DDE0C9,0xFA67AC4B,0x0FF78218,0x958D7B07,0x452BF2F4,
  0xA1B97285,0xDF510BEB,0x68972147,0x6760A35F,0x601D5554,0x57A2B8E0,0x5CA328C5,0xD0A689F3,0x5DAE6A20,0xC7D4933F,0x9E8CEB22,0x7D639D58,0x0B019025,0xF1663C6E,0x21C0B59D,0x666DE1BA,
  0xB5408C7F,0x611017B1,0x31CF595A,0xE9E3A4BA,0xC55235EC,0xEC18F462,0xFE91BE76,0x3F3599A7,0x1EF52C3A,0x2346134E,0x243BE545,0x4426B011,0xFB6AEEAE,0x860973F6,0x711FFB76,0x87043113,
  0xF2EDD858,0x4ADC70EC,0xDAAA5B33,0x776F4F98,0xE2E2349F,0x5F28CCF3,0xFC1718A5,0xA7C9C66B,0x4E2A62D1,0xD32D6DC5,0x098736F6,0x39452D49,0xE7196447,0xD2202F20,0xB7C62AAC,0x167F5829,
  0xB3303891,0x3ACEC97F,0x2F3A7560,0xACC8564E,0x83F2232E,0xB831A8B4,0xE3EF767A,0x4BD13209,0x9F81A9C7,0x3CBE7D91,0xD7DB7FF8,0xD4509BCE,0x9A7AF91F,0xF7168880,0x7FE53B8B,0x0D7124CB,
  0x54295CD6,0xAAB8E2A0,0x1FF86EDF,0x0286A6D3,0xF8E10A98,0xB93CEA51,0x6D6C719F,0xF5902E53,0xE064924C,0x6B1CC571,0x73995DA5,0xCCD5031A,0x4DA186E7,0x90762BDF,0xF61BCA65,0xE4928071,
  0x858297C0,0xF06B7E8B,0x5E258E16,0x7EE8796E,0xC92E53C2,0xE61426A2,0xFF9CFC93,0x6FEAD74C,0x970BDDD4,0xBDCAF86C,0x82FF61CB,0x4F272034,0x14F9FEFA,0xC22FC3E7,0x26BD4396,0xA0B43060,
  0x5354AADD,0x038BE436,0x2E373785,0xC6D9D1DA,0x50DF4EEB,0x1D7EC80C,0xCE53A5C9,0xEA68408C,0x75E9E94B,0x2BCC675D,0x1988DA31,0xC8231127,0x2CB19156,0xEE9E52B1,0x425604FF,0xA33FD456,
  0x0A0CD2C0,0x5259E838,0x7012B993,0x1102AE22,0x629BF387,0x7898CD80,0x38486FAC,0x8E8307E5,0xA54F60B8,0xD6D63D1D,0x817485FD,0xA6C4848E,0x8079C718,0x34340982,0x1A033E07,0xAF43B278,
  0xC0A96534,0x65E6058C,0x435B461A,0xBAB70E67,0x294AC18E,0x20CDF778,0xE59FC294,0xDDD7AD38,0x12894A14,0x077DF60B,0x40D0A22C,0xCF5EE72C,0x15F4BC1F,0x72941F40,0x46A016C2,0xFD1A5A40,
  0x96893A61,0x2591358F,0x077C88D8,0x196EA214,0xEDFCD49C,0xE9A5746A,0x15887D12,0x889B10AD,0x478A7966,0x5EE4DB72,0x76572D12,0x94680EA6,0x7572053C,0xEED9FCB2,0x5ABD7B84,0xF874A98E,
  0xA95385D4,0xE7A29FAB,0x720E8DE4,0x3FDABFB5,0x4132ED57,0xA69072FC,0x08BF7FF0,0xD3E277C0,0xDC2180E8,0xCED57522,0xAE2F0D0C,0x3A4703AA,0x1FD63625,0xF673424F,0xE0DE1773,0x2FCF7EB8,
  0xA7546E15,0x4AA8BA89,0xF9B0B567,0x3019489D,0xA1ECFA24,0x9314867E,0x2D2E4A7F,0x74B619D5,0xC66A0AD2,0xE487B785,0xF10FCA97,0x2329A1BE,0xDDE59C01,0x3584F482,0xABB2B113,0x779331FB,
  0x7994DA3A,0xDEC0B42F,0x059DBC1F,0x82C55B9A,0x9FF25978,0xE8616883,0x498D92A7,0xE543AB6C,0x585C4F43,0x24552966,0xC48B3E15,0xA5B55AD2,0xFC2D0978,0xD878201E,0x1A4B8A3A,0x8FE79875,
  0x9CD77156,0x3CFF979B,0xAFEB11E5,0x06B89431,0x2977EA89,0x2CEA5696,0xBCDBF8C6,0x40F6F1BE,0xB1F93B29,0xD9BC3CF7,0x9031AE50,0xD67FCBDF,0xC54F22FC,0xF22AE2B9,0xFB5181A0,0x22EDBD57,
  0xD2266B29,0x7C096625,0x974D2688,0x31DD5474,0x4C102EB8,0x2A52C2A7,0xF4927688,0x0459A0F6,0x1CF31E0B,0x621B4CE9,0xCDF05D0C,0xA028E6CD,0x176949D5,0x994ACD49,0x51272C5A,0x097B6319,
  0xC9A9FDFA,0x9E364591,0x64A3D8D8,0x557E8CAC,0x200C8990,0xA471463B,0x6EFD93EF,0x613E64C7,0x28B3F660,0xE6668342,0xD55AE3F1,0x8E23849C,0xA2C9D20A,0x1E122ACC,0x38A6376D,0x869CFB6C,
  0x50E330B3,0x6B602FF0,0x1B8F96D3,0x4F350696,0xFDE91591,0x80246F5D,0x39622B84,0x12F4F5CA,0xDA9914D9,0x7B75EEFD,0xB8825830,0xDF04A8C6,0x3D3B8B72,0x8CC2B05B,0xB94644D9,0xEF1DE05B,
  0xFECC3DBF,0x333C60B3,0xC3F7B6CD,0xC233AA24,0x6786F0F6,0x02E134C7,0x7EE852E2,0xBD1FE42F,0x36A1DCAC,0x27700148,0x83014773,0x895F0C44,0xF0CBD67E,0xF7B75EA6,0xAA76ADFA,0xD1034307,
  0x70EFB923,0x43D3D990,0xE3FB3F5D,0x712BA5CA,0xB741AF18,0x8BBE3883,0x579FB86B,0x81E073B4,0x6567C431,0x0FC3F728,0x01C41CE9,0x26B41DA1,0xFF082156,0x54BA9045,0x4EF11A7F,0xB03D27C0,
  0x6C1CA728,0x2B96DE4E,0x7DCD7ACC,0x4217C579,0x53C6189D,0x44AF5148,0x0A5E4B37,0x3765C045,0xA30DCEE3,0x565BA482,0x144C61FB,0x00000000,0xBA636CF7,0x6F398F06,0xEA805C44,0x456B4DA1,
  0x0CE6DF06,0xFA959D49,0x3440E86B,0x18AABEFD,0xBFFED0E8,0x7F2C4E0B,0xE23F23B4,0x684507DE,0x599853AA,0x1015C10D,0xCF1169CB,0xB5A09BDF,0x4DD43251,0x63DF5000,0xEB4440AD,0x464E658F,
  0x73CA910D,0xBBA7701E,0x1330E923,0x847DCFAB,0xD49EFF18,0x0325282E,0x2E0B6251,0x988ED1A0,0xB685B3F1,0x6642EC1F,0xD0C75FEE,0xB2DC1307,0x91F5B2B9,0xBE3ACC01,0x4B6CA660,0xCA8CD5D4,
  0x21C89579,0x0B9A57DE,0xCC3441E5,0xA897993D,0xB3180FEE,0x48498E4E,0xC86DE113,0xC116820A,0x16AD553C,0x52020474,0x7850C6D3,0x5B79676D,0x6AA43319,0x7AB1F214,0xD7BBD736,0xDB5D0830,
  0x69811B37,0x9D136DBF,0xEC38C875,0x9A6FE567,0x8D06ACB2,0x5C05EFB5,0x0D22C3EF,0x95AC124F,0xF5566A61,0xC0D29EE3,0x92D09A97,0x1D3702E2,0x9BABF98E,0xAD0A2522,0x60FA782E,0x32F87C5A,
  0xACCE39CB,0x6DD8BBC1,0x0E07EBC1,0x5DC1F35C,0xB4648736,0xCB48C93D,0xF3EEFE50,0x8A7A246A,0x3E1EA35C,0x3B831F43,0x85B9D342,0x5F20C79B,0x8758E785,0x11D1DDE4,0xC7AE163B,0xE11A0B9A,
  0x3DA21EBD,0x398A3CBF,0x1E9997E8,0x45A70DA7,0x3ED88303,0x037A9DBE,0xA8478854,0x445EB3A7,0x6037854E,0x9EBAE690,0xD99EC889,0xF5D213A7,0xF379121B,0x51985436,0x7805131A,0xA0626593,
  0x10177B93,0x5C6C25F3,0x584407F1,0x1DE30A56,0xAD961456,0x246936E9,0xFDF7FE60,0xDAE45537,0x04282202,0xF1FA31A5,0xEC193BF3,0x62B4A6F0,0x3B091F01,0x259088E9,0x1AB1B5EA,0xEDE085F3,
  0x7EAE12A6,0x19CB2854,0x52E2C988,0xD71024F2,0xFE8D63DE,0xDDB6EA8B,0x3587F37A,0xC5847CDF,0xB0751E00,0x00000000,0x4D82E060,0xA9BE3654,0xAEEC89E8,0xC1AC5EDD,0xDB1DEB37,0x1294582D,
  0x9DC07B2E,0x92B72955,0x22C23755,0x868870C4,0x143F5991,0xCAF32EA4,0x47242E19,0x3AF0A101,0x1F6029E8,0xB9A94DC7,0xCB0A90A4,0x2864F92C,0xAAC4ABEA,0x81DACF78,0x7B7F8EA4,0x30566F78,
  0x68126889,0xB850F3C7,0x18329654,0xDF35C935,0x4B29E1DC,0xB2F63DBE,0xCDA19118,0x407691A5,0x55B07634,0x61CE3B4E,0xF9DFDC62,0xAC6FAA56,0xA730DA2F,0x8359ECC6,0x0C0DCFC5,0x430C0C1B,
  0x5F16B84D,0xB727A1BC,0x299D472C,0xFAA541DC,0xC7075F61,0x79FCAD1A,0x65E6194C,0xE7464B8A,0xE297D788,0x8F542303,0xF42BADA7,0x31AFD178,0x8DD700BD,0xAF1537E8,0x8EAD9D03,0xA6C9642F,
  0x72A3DD63,0xF6A88E19,0xCEDB0CA6,0x2ECFF890,0x26EA1557,0x941C28E9,0x06AB01BC,0x5733558A,0x4C7B5E60,0x0E8EEC7B,0xE43CD634,0x7DD48F18,0x7020FEDD,0x418F2FA5,0xF280AC1B,0x2B1E6492,
  0x669C84F2,0x531B7788,0x2F364690,0x56CAEB8A,0x387382BF,0xDECC7735,0xBD816FC5,0x8771CEC4,0xBC78D1C5,0x1745C42F,0x634D18F0,0xFF74DDDE,0xA5B3F991,0x5449C834,0xF8266262,0x2C4CDB2E,
  0xD8677689,0x969F0B57,0xD46AB94C,0xB18CA000,0xB45D3C02,0x9A92C492,0x768BFF61,0xEE9A184D,0x840B537A,0x90340AEB,0x85F2ED7A,0x136DE62D,0x8B7C0101,0xC2D6C363,0xC47DC2DF,0x36FD6EC4,
  0x1C1AB456,0x67653AF2,0xB30F83BE,0x88069CBF,0xBAD3D079,0x15C6E791,0x59BDB9F1,0xD1BB254E,0x6B68F537,0xFB5CFFDC,0x77724161,0x1B480BEA,0x5061EA36,0x4F01C3DE,0x4AD05FDC,0xA44A4791,
  0xC6FEE161,0x05D19C02,0xD593074C,0xA318F82D,0x0B5F7079,0xC055E0DD,0x09DC53C7,0x48537C62,0x7C2D3118,0x6DC3F48B,0xA19BDB93,0xC8700D1A,0xF7513019,0x80237178,0x735A6363,0x99E8592C,
  0x9C39C52E,0x641FA74C,0xE6BFF58A,0x332CF2C6,0xE36E6988,0xCC582F18,0x6A914B37,0xEAB23A4F,0xE5C56834,0x91CDB4EB,0xCF22B2A6,0xB5A48202,0xD6E99AF2,0x42F5B21B,0x5AC7244F,0xEF63A64D,
  0x6F40D735,0xDC4F548B,0x2AE7DA92,0x2713AB57,0x0752BFBC,0x5D959BF3,0x934E9755,0x0F77527B,0x0825EDC7,0x89FF22BF,0x21B8AAEB,0xEB4B844F,0x82A052C6,0x69EBD689,0xE1ED4A36,0x3C5BA0BD,
  0xD0429B4E,0x01F9BE00,0x11EEC593,0x7A8630A4,0xE014F436,0x9811E72C,0x7F57ACA6,0xD33806F0,0x5B3E9A4F,0x0DF471C5,0x0AA6CE79,0x347E4D7A,0x71D940DD,0xBEFBF27B,0xF0038FA5,0xB6DE1FBC,
  0xE83119F1,0xE9C8A7F1,0xC32F7D63,0x6EB96935,0x16BC7A2F,0x7408DCDF,0x2DB5652E,0x95E596E9,0xC989B31A,0x46DD9019,0x9766B557,0x8C2EBEBD,0xBF024C7B,0xFC0E4060,0x49AAC262,0x4EF87DDE,
  0xD2C1B8F0,0x3F213D03,0x75F162DF,0x8A85BF01,0xBB2A6E79,0x6C3A4A8B,0x5EEF064D,0x204114EB,0x9F435890,0x3704D0C4,0xAB3D15EA,0xA2E1462D,0x9B6B7A92,0x32D54CC6,0x233B8955,0x028323BE,
};
