#include <cstdint>
alignas(64) const uint32_t T1[36864] = {
  0x00000000,0x8F5A6CCA,0xD56917F9,0x5A337B33,0x31628B1F,0xBE38E7D5,0xE40B9CE6,0x6B51F02C,0x471F5922,0xC84535E8,0x92764EDB,0x1D2C2211,0x767DD23D,0xF927BEF7,0xA314C5C4,0x2C4EA90E,
  0xE3D2D8FE,0x6C88B434,0x36BBCF07,0xB9E1A3CD,0xD2B053E1,0x5DEA3F2B,0x07D94418,0x888328D2,0xA4CD81DC,0x2B97ED16,0x71A49625,0xFEFEFAEF,0x95AF0AC3,0x1AF56609,0x40C61D3A,0xCF9C71F0,
  0x75AFA14F,0xFAF5CD85,0xA0C6B6B6,0x2F9CDA7C,0x44CD2A50,0xCB97469A,0x91A43DA9,0x1EFE5163,0x32B0F86D,0xBDEA94A7,0xE7D9EF94,0x6883835E,0x03D27372,0x8C881FB8,0xD6BB648B,0x59E10841,
  0x967D79B1,0x1927157B,0x43146E48,0xCC4E0282,0xA71FF2AE,0x28459E64,0x7276E557,0xFD2C899D,0xD1622093,0x5E384C59,0x040B376A,0x8B515BA0,0xE000AB8C,0x6F5AC746,0x3569BC75,0xBA33D0BF,
  0x180EEAB2,0x97548678,0xCD67FD4B,0x423D9181,0x296C61AD,0xA6360D67,0xFC057654,0x735F1A9E,0x5F11B390,0xD04BDF5A,0x8A78A469,0x0522C8A3,0x6E73388F,0xE1295445,0xBB1A2F76,0x344043BC,
  0xFBDC324C,0x74865E86,0x2EB525B5,0xA1EF497F,0xCABEB953,0x45E4D599,0x1FD7AEAA,0x908DC260,0xBCC36B6E,0x339907A4,0x69AA7C97,0xE6F0105D,0x8DA1E071,0x02FB8CBB,0x58C8F788,0xD7929B42,
  0x6DA14BFD,0xE2FB2737,0xB8C85C04,0x379230CE,0x5CC3C0E2,0xD399AC28,0x89AAD71B,0x06F0BBD1,0x2ABE12DF,0xA5E47E15,0xFFD70526,0x708D69EC,0x1BDC99C0,0x9486F50A,0xCEB58E39,0x41EFE2F3,
  0x8E739303,0x0129FFC9,0x5B1A84FA,0xD440E830,0xBF11181C,0x304B74D6,0x6A780FE5,0xE522632F,0xC96CCA21,0x4636A6EB,0x1C05DDD8,0x935FB112,0xF80E413E,0x77542DF4,0x2D6756C7,0xA23D3A0D,
  0x547134D1,0xDB2B581B,0x81182328,0x0E424FE2,0x6513BFCE,0xEA49D304,0xB07AA837,0x3F20C4FD,0x136E6DF3,0x9C340139,0xC6077A0A,0x495D16C0,0x220CE6EC,0xAD568A26,0xF765F115,0x783F9DDF,
  0xB7A3EC2F,0x38F980E5,0x62CAFBD6,0xED90971C,0x86C16730,0x099B0BFA,0x53A870C9,0xDCF21C03,0xF0BCB50D,0x7FE6D9C7,0x25D5A2F4,0xAA8FCE3E,0xC1DE3E12,0x4E8452D8,0x14B729EB,0x9BED4521,
  0x21DE959E,0xAE84F954,0xF4B78267,0x7BEDEEAD,0x10BC1E81,0x9FE6724B,0xC5D50978,0x4A8F65B2,0x66C1CCBC,0xE99BA076,0xB3A8DB45,0x3CF2B78F,0x57A347A3,0xD8F92B69,0x82CA505A,0x0D903C90,
  0xC20C4D60,0x4D5621AA,0x17655A99,0x983F3653,0xF36EC67F,0x7C34AAB5,0x2607D186,0xA95DBD4C,0x85131442,0x0A497888,0x507A03BB,0xDF206F71,0xB4719F5D,0x3B2BF397,0x611888A4,0xEE42E46E,
  0x4C7FDE63,0xC325B2A9,0x9916C99A,0x164CA550,0x7D1D557C,0xF24739B6,0xA8744285,0x272E2E4F,0x0B608741,0x843AEB8B,0xDE0990B8,0x5153FC72,0x3A020C5E,0xB5586094,0xEF6B1BA7,0x6031776D,
  0xAFAD069D,0x20F76A57,0x7AC41164,0xF59E7DAE,0x9ECF8D82,0x1195E148,0x4BA69A7B,0xC4FCF6B1,0xE8B25FBF,0x67E83375,0x3DDB4846,0xB281248C,0xD9D0D4A0,0x568AB86A,0x0CB9C359,0x83E3AF93,
  0x39D07F2C,0xB68A13E6,0xECB968D5,0x63E3041F,0x08B2F433,0x87E898F9,0xDDDBE3CA,0x52818F00,0x7ECF260E,0xF1954AC4,0xABA631F7,0x24FC5D3D,0x4FADAD11,0xC0F7C1DB,0x9AC4BAE8,0x159ED622,
  0xDA02A7D2,0x5558CB18,0x0F6BB02B,0x8031DCE1,0xEB602CCD,0x643A4007,0x3E093B34,0xB15357FE,0x9D1DFEF0,0x1247923A,0x4874E909,0xC72E85C3,0xAC7F75EF,0x23251925,0x79166216,0xF64C0EDC,
  0x00000000,0xD6917328,0xCA6FD408,0x1CFEA720,0xDF0F02E7,0x099E71CF,0x1560D6EF,0xC3F1A5C7,0x241EF2BD,0xF28F8195,0xEE7126B5,0x38E0559D,0xFB11F05A,0x2D808372,0x317E2452,0xE7EF577A,
  0xAF45E2F1,0x79D491D9,0x652A36F9,0xB3BB45D1,0x704AE016,0xA6DB933E,0xBA25341E,0x6CB44736,0x8B5B104C,0x5DCA6364,0x4134C444,0x97A5B76C,0x545412AB,0x82C56183,0x9E3BC6A3,0x48AAB58B,
  0x425C568E,0x94CD25A6,0x88338286,0x5EA2F1AE,0x9D535469,0x4BC22741,0x573C8061,0x81ADF349,0x6642A433,0xB0D3D71B,0xAC2D703B,0x7ABC0313,0xB94DA6D4,0x6FDCD5FC,0x732272DC,0xA5B301F4,
  0xED19B47F,0x3B88C757,0x27766077,0xF1E7135F,0x3216B698,0xE487C5B0,0xF8796290,0x2EE811B8,0xC90746C2,0x1F9635EA,0x036892CA,0xD5F9E1E2,0x16084425,0xC099370D,0xDC67902D,0x0AF6E305,
  0x9C49B8CA,0x4AD8CBE2,0x56266CC2,0x80B71FEA,0x4346BA2D,0x95D7C905,0x89296E25,0x5FB81D0D,0xB8574A77,0x6EC6395F,0x72389E7F,0xA4A9ED57,0x67584890,0xB1C93BB8,0xAD379C98,0x7BA6EFB0,
  0x330C5A3B,0xE59D2913,0xF9638E33,0x2FF2FD1B,0xEC0358DC,0x3A922BF4,0x266C8CD4,0xF0FDFFFC,0x1712A886,0xC183DBAE,0xDD7D7C8E,0x0BEC0FA6,0xC81DAA61,0x1E8CD949,0x02727E69,0xD4E30D41,
  0xDE15EE44,0x08849D6C,0x147A3A4C,0xC2EB4964,0x011AECA3,0xD78B9F8B,0xCB7538AB,0x1DE44B83,0xFA0B1CF9,0x2C9A6FD1,0x3064C8F1,0xE6F5BBD9,0x25041E1E,0xF3956D36,0xEF6BCA16,0x39FAB93E,
  0x71500CB5,0xA7C17F9D,0xBB3FD8BD,0x6DAEAB95,0xAE5F0E52,0x78CE7D7A,0x6430DA5A,0xB2A1A972,0x554EFE08,0x83DF8D20,0x9F212A00,0x49B05928,0x8A41FCEF,0x5CD08FC7,0x402E28E7,0x96BF5BCF,
  0x7BD49A39,0xAD45E911,0xB1BB4E31,0x672A3D19,0xA4DB98DE,0x724AEBF6,0x6EB44CD6,0xB8253FFE,0x5FCA6884,0x895B1BAC,0x95A5BC8C,0x4334CFA4,0x80C56A63,0x5654194B,0x4AAABE6B,0x9C3BCD43,
  0xD49178C8,0x02000BE0,0x1EFEACC0,0xC86FDFE8,0x0B9E7A2F,0xDD0F0907,0xC1F1AE27,0x1760DD0F,0xF08F8A75,0x261EF95D,0x3AE05E7D,0xEC712D55,0x2F808892,0xF911FBBA,0xE5EF5C9A,0x337E2FB2,
  0x3988CCB7,0xEF19BF9F,0xF3E718BF,0x25766B97,0xE687CE50,0x3016BD78,0x2CE81A58,0xFA796970,0x1D963E0A,0xCB074D22,0xD7F9EA02,0x0168992A,0xC2993CED,0x14084FC5,0x08F6E8E5,0xDE679BCD,
  0x96CD2E46,0x405C5D6E,0x5CA2FA4E,0x8A338966,0x49C22CA1,0x9F535F89,0x83ADF8A9,0x553C8B81,0xB2D3DCFB,0x6442AFD3,0x78BC08F3,0xAE2D7BDB,0x6DDCDE1C,0xBB4DAD34,0xA7B30A14,0x7122793C,
  0xE79D22F3,0x310C51DB,0x2DF2F6FB,0xFB6385D3,0x38922014,0xEE03533C,0xF2FDF41C,0x246C8734,0xC383D04E,0x1512A366,0x09EC0446,0xDF7D776E,0x1C8CD2A9,0xCA1DA181,0xD6E306A1,0x00727589,
  0x48D8C002,0x9E49B32A,0x82B7140A,0x54266722,0x97D7C2E5,0x4146B1CD,0x5DB816ED,0x8B2965C5,0x6CC632BF,0xBA574197,0xA6A9E6B7,0x7038959F,0xB3C93058,0x65584370,0x79A6E450,0xAF379778,
  0xA5C1747D,0x73500755,0x6FAEA075,0xB93FD35D,0x7ACE769A,0xAC5F05B2,0xB0A1A292,0x6630D1BA,0x81DF86C0,0x574EF5E8,0x4BB052C8,0x9D2121E0,0x5ED08427,0x8841F70F,0x94BF502F,0x422E2307,
  0x0A84968C,0xDC15E5A4,0xC0EB4284,0x167A31AC,0xD58B946B,0x031AE743,0x1FE44063,0xC975334B,0x2E9A6431,0xF80B1719,0xE4F5B039,0x3264C311,0xF19566D6,0x270415FE,0x3BFAB2DE,0xED6BC1F6,
  0x00000000,0x08871A42,0x30FAF06C,0x387DEA2E,0x59BF2925,0x51383367,0x6945D949,0x61C2C30B,0x1C30B6FD,0x14B7ACBF,0x2CCA4691,0x244D5CD3,0x458F9FD8,0x4D08859A,0x75756FB4,0x7DF275F6,
  0xA0A09E0B,0xA8278449,0x905A6E67,0x98DD7425,0xF91FB72E,0xF198AD6C,0xC9E54742,0xC1625D00,0xBC9028F6,0xB41732B4,0x8C6AD89A,0x84EDC2D8,0xE52F01D3,0xEDA81B91,0xD5D5F1BF,0xDD52EBFD,
  0x22FDF4D8,0x2A7AEE9A,0x120704B4,0x1A801EF6,0x7B42DDFD,0x73C5C7BF,0x4BB82D91,0x433F37D3,0x3ECD4225,0x364A5867,0x0E37B249,0x06B0A80B,0x67726B00,0x6FF57142,0x57889B6C,0x5F0F812E,
  0x825D6AD3,0x8ADA7091,0xB2A79ABF,0xBA2080FD,0xDBE243F6,0xD36559B4,0xEB18B39A,0xE39FA9D8,0x9E6DDC2E,0x96EAC66C,0xAE972C42,0xA6103600,0xC7D2F50B,0xCF55EF49,0xF7280567,0xFFAF1F25,
  0x6B7F79BE,0x63F863FC,0x5B8589D2,0x53029390,0x32C0509B,0x3A474AD9,0x023AA0F7,0x0ABDBAB5,0x774FCF43,0x7FC8D501,0x47B53F2F,0x4F32256D,0x2EF0E666,0x2677FC24,0x1E0A160A,0x168D0C48,
  0xCBDFE7B5,0xC358FDF7,0xFB2517D9,0xF3A20D9B,0x9260CE90,0x9AE7D4D2,0xA29A3EFC,0xAA1D24BE,0xD7EF5148,0xDF684B0A,0xE715A124,0xEF92BB66,0x8E50786D,0x86D7622F,0xBEAA8801,0xB62D9243,
  0x49828D66,0x41059724,0x79787D0A,0x71FF6748,0x103DA443,0x18BABE01,0x20C7542F,0x28404E6D,0x55B23B9B,0x5D3521D9,0x6548CBF7,0x6DCFD1B5,0x0C0D12BE,0x048A08FC,0x3CF7E2D2,0x3470F890,
  0xE922136D,0xE1A5092F,0xD9D8E301,0xD15FF943,0xB09D3A48,0xB81A200A,0x8067CA24,0x88E0D066,0xF512A590,0xFD95BFD2,0xC5E855FC,0xCD6F4FBE,0xACAD8CB5,0xA42A96F7,0x9C577CD9,0x94D0669B,
  0xF6262765,0xFEA13D27,0xC6DCD709,0xCE5BCD4B,0xAF990E40,0xA71E1402,0x9F63FE2C,0x97E4E46E,0xEA169198,0xE2918BDA,0xDAEC61F4,0xD26B7BB6,0xB3A9B8BD,0xBB2EA2FF,0x835348D1,0x8BD45293,
  0x5686B96E,0x5E01A32C,0x667C4902,0x6EFB5340,0x0F39904B,0x07BE8A09,0x3FC36027,0x37447A65,0x4AB60F93,0x423115D1,0x7A4CFFFF,0x72CBE5BD,0x130926B6,0x1B8E3CF4,0x23F3D6DA,0x2B74CC98,
  0xD4DBD3BD,0xDC5CC9FF,0xE42123D1,0xECA63993,0x8D64FA98,0x85E3E0DA,0xBD9E0AF4,0xB51910B6,0xC8EB6540,0xC06C7F02,0xF811952C,0xF0968F6E,0x91544C65,0x99D35627,0xA1AEBC09,0xA929A64B,
  0x747B4DB6,0x7CFC57F4,0x4481BDDA,0x4C06A798,0x2DC46493,0x25437ED1,0x1D3E94FF,0x15B98EBD,0x684BFB4B,0x60CCE109,0x58B10B27,0x50361165,0x31F4D26E,0x3973C82C,0x010E2202,0x09893840,
  0x9D595EDB,0x95DE4499,0xADA3AEB7,0xA524B4F5,0xC4E677FE,0xCC616DBC,0xF41C8792,0xFC9B9DD0,0x8169E826,0x89EEF264,0xB193184A,0xB9140208,0xD8D6C103,0xD051DB41,0xE82C316F,0xE0AB2B2D,
  0x3DF9C0D0,0x357EDA92,0x0D0330BC,0x05842AFE,0x6446E9F5,0x6CC1F3B7,0x54BC1999,0x5C3B03DB,0x21C9762D,0x294E6C6F,0x11338641,0x19B49C03,0x78765F08,0x70F1454A,0x488CAF64,0x400BB526,
  0xBFA4AA03,0xB723B041,0x8F5E5A6F,0x87D9402D,0xE61B8326,0xEE9C9964,0xD6E1734A,0xDE666908,0xA3941CFE,0xAB1306BC,0x936EEC92,0x9BE9F6D0,0xFA2B35DB,0xF2AC2F99,0xCAD1C5B7,0xC256DFF5,
  0x1F043408,0x17832E4A,0x2FFEC464,0x2779DE26,0x46BB1D2D,0x4E3C076F,0x7641ED41,0x7EC6F703,0x033482F5,0x0BB398B7,0x33CE7299,0x3B4968DB,0x5A8BABD0,0x520CB192,0x6A715BBC,0x62F641FE,
  0x00000000,0xE53CFB62,0x4A2AB0E9,0xAF164B8B,0x66A922D7,0x8395D9B5,0x2C83923E,0xC9BF695C,0x79C1DFFE,0x9CFD249C,0x33EB6F17,0xD6D79475,0x1F68FD29,0xFA54064B,0x55424DC0,0xB07EB6A2,
  0x21C08FF8,0xC4FC749A,0x6BEA3F11,0x8ED6C473,0x4769AD2F,0xA255564D,0x0D431DC6,0xE87FE6A4,0x58015006,0xBD3DAB64,0x122BE0EF,0xF7171B8D,0x3EA872D1,0xDB9489B3,0x7482C238,0x91BE395A,
  0x39628B0E,0xDC5E706C,0x73483BE7,0x9674C085,0x5FCBA9D9,0xBAF752BB,0x15E11930,0xF0DDE252,0x40A354F0,0xA59FAF92,0x0A89E419,0xEFB51F7B,0x260A7627,0xC3368D45,0x6C20C6CE,0x891C3DAC,
  0x18A204F6,0xFD9EFF94,0x5288B41F,0xB7B44F7D,0x7E0B2621,0x9B37DD43,0x342196C8,0xD11D6DAA,0x6163DB08,0x845F206A,0x2B496BE1,0xCE759083,0x07CAF9DF,0xE2F602BD,0x4DE04936,0xA8DCB254,
  0x58EF8E88,0xBDD375EA,0x12C53E61,0xF7F9C503,0x3E46AC5F,0xDB7A573D,0x746C1CB6,0x9150E7D4,0x212E5176,0xC412AA14,0x6B04E19F,0x8E381AFD,0x478773A1,0xA2BB88C3,0x0DADC348,0xE891382A,
  0x792F0170,0x9C13FA12,0x3305B199,0xD6394AFB,0x1F8623A7,0xFABAD8C5,0x55AC934E,0xB090682C,0x00EEDE8E,0xE5D225EC,0x4AC46E67,0xAFF89505,0x6647FC59,0x837B073B,0x2C6D4CB0,0xC951B7D2,
  0x618D0586,0x84B1FEE4,0x2BA7B56F,0xCE9B4E0D,0x07242751,0xE218DC33,0x4D0E97B8,0xA8326CDA,0x184CDA78,0xFD70211A,0x52666A91,0xB75A91F3,0x7EE5F8AF,0x9BD903CD,0x34CF4846,0xD1F3B324,
  0x404D8A7E,0xA571711C,0x0A673A97,0xEF5BC1F5,0x26E4A8A9,0xC3D853CB,0x6CCE1840,0x89F2E322,0x398C5580,0xDCB0AEE2,0x73A6E569,0x969A1E0B,0x5F257757,0xBA198C35,0x150FC7BE,0xF0333CDC,
  0xE1803DC4,0x04BCC6A6,0xABAA8D2D,0x4E96764F,0x87291F13,0x6215E471,0xCD03AFFA,0x283F5498,0x9841E23A,0x7D7D1958,0xD26B52D3,0x3757A9B1,0xFEE8C0ED,0x1BD43B8F,0xB4C27004,0x51FE8B66,
  0xC040B23C,0x257C495E,0x8A6A02D5,0x6F56F9B7,0xA6E990EB,0x43D56B89,0xECC32002,0x09FFDB60,0xB9816DC2,0x5CBD96A0,0xF3ABDD2B,0x16972649,0xDF284F15,0x3A14B477,0x9502FFFC,0x703E049E,
  0xD8E2B6CA,0x3DDE4DA8,0x92C80623,0x77F4FD41,0xBE4B941D,0x5B776F7F,0xF46124F4,0x115DDF96,0xA1236934,0x441F9256,0xEB09D9DD,0x0E3522BF,0xC78A4BE3,0x22B6B081,0x8DA0FB0A,0x689C0068,
  0xF9223932,0x1C1EC250,0xB30889DB,0x563472B9,0x9F8B1BE5,0x7AB7E087,0xD5A1AB0C,0x309D506E,0x80E3E6CC,0x65DF1DAE,0xCAC95625,0x2FF5AD47,0xE64AC41B,0x03763F79,0xAC6074F2,0x495C8F90,
  0xB96FB34C,0x5C53482E,0xF34503A5,0x1679F8C7,0xDFC6919B,0x3AFA6AF9,0x95EC2172,0x70D0DA10,0xC0AE6CB2,0x259297D0,0x8A84DC5B,0x6FB82739,0xA6074E65,0x433BB507,0xEC2DFE8C,0x091105EE,
  0x98AF3CB4,0x7D93C7D6,0xD2858C5D,0x37B9773F,0xFE061E63,0x1B3AE501,0xB42CAE8A,0x511055E8,0xE16EE34A,0x04521828,0xAB4453A3,0x4E78A8C1,0x87C7C19D,0x62FB3AFF,0xCDED7174,0x28D18A16,
  0x800D3842,0x6531C320,0xCA2788AB,0x2F1B73C9,0xE6A41A95,0x0398E1F7,0xAC8EAA7C,0x49B2511E,0xF9CCE7BC,0x1CF01CDE,0xB3E65755,0x56DAAC37,0x9F65C56B,0x7A593E09,0xD54F7582,0x30738EE0,
  0xA1CDB7BA,0x44F14CD8,0xEBE70753,0x0EDBFC31,0xC764956D,0x22586E0F,0x8D4E2584,0x6872DEE6,0xD80C6844,0x3D309326,0x9226D8AD,0x771A23CF,0xBEA54A93,0x5B99B1F1,0xF48FFA7A,0x11B30118,
  0x00000000,0x6708BD0C,0x6519CBCE,0x021176C2,0xA9932F4F,0xCE9B9243,0xCC8AE481,0xAB82598D,0xCC859E61,0xAB8D236D,0xA99C55AF,0xCE94E8A3,0x6516B12E,0x021E0C22,0x000F7AE0,0x6707C7EC,
  0x2E0BACEF,0x490311E3,0x4B126721,0x2C1ADA2D,0x879883A0,0xE0903EAC,0xE281486E,0x8589F562,0xE28E328E,0x85868F82,0x8797F940,0xE09F444C,0x4B1D1DC1,0x2C15A0CD,0x2E04D60F,0x490C6B03,
  0x2B9090B3,0x4C982DBF,0x4E895B7D,0x2981E671,0x8203BFFC,0xE50B02F0,0xE71A7432,0x8012C93E,0xE7150ED2,0x801DB3DE,0x820CC51C,0xE5047810,0x4E86219D,0x298E9C91,0x2B9FEA53,0x4C97575F,
  0x059B3C5C,0x62938150,0x6082F792,0x078A4A9E,0xAC081313,0xCB00AE1F,0xC911D8DD,0xAE1965D1,0xC91EA23D,0xAE161F31,0xAC0769F3,0xCB0FD4FF,0x608D8D72,0x0785307E,0x059446BC,0x629CFBB0,
  0xB63824F4,0xD13099F8,0xD321EF3A,0xB4295236,0x1FAB0BBB,0x78A3B6B7,0x7AB2C075,0x1DBA7D79,0x7ABDBA95,0x1DB50799,0x1FA4715B,0x78ACCC57,0xD32E95DA,0xB42628D6,0xB6375E14,0xD13FE318,
  0x9833881B,0xFF3B3517,0xFD2A43D5,0x9A22FED9,0x31A0A754,0x56A81A58,0x54B96C9A,0x33B1D196,0x54B6167A,0x33BEAB76,0x31AFDDB4,0x56A760B8,0xFD253935,0x9A2D8439,0x983CF2FB,0xFF344FF7,
  0x9DA8B447,0xFAA0094B,0xF8B17F89,0x9FB9C285,0x343B9B08,0x53332604,0x512250C6,0x362AEDCA,0x512D2A26,0x3625972A,0x3434E1E8,0x533C5CE4,0xF8BE0569,0x9FB6B865,0x9DA7CEA7,0xFAAF73AB,
  0xB3A318A8,0xD4ABA5A4,0xD6BAD366,0xB1B26E6A,0x1A3037E7,0x7D388AEB,0x7F29FC29,0x18214125,0x7F2686C9,0x182E3BC5,0x1A3F4D07,0x7D37F00B,0xD6B5A986,0xB1BD148A,0xB3AC6248,0xD4A4DF44,
  0xE167CB45,0x866F7649,0x847E008B,0xE376BD87,0x48F4E40A,0x2FFC5906,0x2DED2FC4,0x4AE592C8,0x2DE25524,0x4AEAE828,0x48FB9EEA,0x2FF323E6,0x84717A6B,0xE379C767,0xE168B1A5,0x86600CA9,
  0xCF6C67AA,0xA864DAA6,0xAA75AC64,0xCD7D1168,0x66FF48E5,0x01F7F5E9,0x03E6832B,0x64EE3E27,0x03E9F9CB,0x64E144C7,0x66F03205,0x01F88F09,0xAA7AD684,0xCD726B88,0xCF631D4A,0xA86BA046,
  0xCAF75BF6,0xADFFE6FA,0xAFEE9038,0xC8E62D34,0x636474B9,0x046CC9B5,0x067DBF77,0x6175027B,0x0672C597,0x617A789B,0x636B0E59,0x0463B355,0xAFE1EAD8,0xC8E957D4,0xCAF82116,0xADF09C1A,
  0xE4FCF719,0x83F44A15,0x81E53CD7,0xE6ED81DB,0x4D6FD856,0x2A67655A,0x28761398,0x4F7EAE94,0x28796978,0x4F71D474,0x4D60A2B6,0x2A681FBA,0x81EA4637,0xE6E2FB3B,0xE4F38DF9,0x83FB30F5,
  0x575FEFB1,0x305752BD,0x3246247F,0x554E9973,0xFECCC0FE,0x99C47DF2,0x9BD50B30,0xFCDDB63C,0x9BDA71D0,0xFCD2CCDC,0xFEC3BA1E,0x99CB0712,0x32495E9F,0x5541E393,0x57509551,0x3058285D,
  0x7954435E,0x1E5CFE52,0x1C4D8890,0x7B45359C,0xD0C76C11,0xB7CFD11D,0xB5DEA7DF,0xD2D61AD3,0xB5D1DD3F,0xD2D96033,0xD0C816F1,0xB7C0ABFD,0x1C42F270,0x7B4A4F7C,0x795B39BE,0x1E5384B2,
  0x7CCF7F02,0x1BC7C20E,0x19D6B4CC,0x7EDE09C0,0xD55C504D,0xB254ED41,0xB0459B83,0xD74D268F,0xB04AE163,0xD7425C6F,0xD5532AAD,0xB25B97A1,0x19D9CE2C,0x7ED17320,0x7CC005E2,0x1BC8B8EE,
  0x52C4D3ED,0x35CC6EE1,0x37DD1823,0x50D5A52F,0xFB57FCA2,0x9C5F41AE,0x9E4E376C,0xF9468A60,0x9E414D8C,0xF949F080,0xFB588642,0x9C503B4E,0x37D262C3,0x50DADFCF,0x52CBA90D,0x35C31401,
  0x00000000,0x4322B012,0x496CB9DD,0x0A4E09CF,0x939D8046,0xD0BF3054,0xDAF1399B,0x99D38989,0x4E1BA08F,0x0D39109D,0x07771952,0x4455A940,0xDD8620C9,0x9EA490DB,0x94EA9914,0xD7C82906,
  0x7CD0B3E8,0x3FF203FA,0x35BC0A35,0x769EBA27,0xEF4D33AE,0xAC6F83BC,0xA6218A73,0xE5033A61,0x32CB1367,0x71E9A375,0x7BA7AABA,0x38851AA8,0xA1569321,0xE2742333,0xE83A2AFC,0xAB189AEE,
  0xD97F6135,0x9A5DD127,0x9013D8E8,0xD33168FA,0x4AE2E173,0x09C05161,0x038E58AE,0x40ACE8BC,0x9764C1BA,0xD44671A8,0xDE087867,0x9D2AC875,0x04F941FC,0x47DBF1EE,0x4D95F821,0x0EB74833,
  0xA5AFD2DD,0xE68D62CF,0xECC36B00,0xAFE1DB12,0x3632529B,0x7510E289,0x7F5EEB46,0x3C7C5B54,0xEBB47252,0xA896C240,0xA2D8CB8F,0xE1FA7B9D,0x7829F214,0x3B0B4206,0x31454BC9,0x7267FBDB,
  0x3557D81A,0x76756808,0x7C3B61C7,0x3F19D1D5,0xA6CA585C,0xE5E8E84E,0xEFA6E181,0xAC845193,0x7B4C7895,0x386EC887,0x3220C148,0x7102715A,0xE8D1F8D3,0xABF348C1,0xA1BD410E,0xE29FF11C,
  0x49876BF2,0x0AA5DBE0,0x00EBD22F,0x43C9623D,0xDA1AEBB4,0x99385BA6,0x93765269,0xD054E27B,0x079CCB7D,0x44BE7B6F,0x4EF072A0,0x0DD2C2B2,0x94014B3B,0xD723FB29,0xDD6DF2E6,0x9E4F42F4,
  0xEC28B92F,0xAF0A093D,0xA54400F2,0xE666B0E0,0x7FB53969,0x3C97897B,0x36D980B4,0x75FB30A6,0xA23319A0,0xE111A9B2,0xEB5FA07D,0xA87D106F,0x31AE99E6,0x728C29F4,0x78C2203B,0x3BE09029,
  0x90F80AC7,0xD3DABAD5,0xD994B31A,0x9AB60308,0x03658A81,0x40473A93,0x4A09335C,0x092B834E,0xDEE3AA48,0x9DC11A5A,0x978F1395,0xD4ADA387,0x4D7E2A0E,0x0E5C9A1C,0x041293D3,0x473023C1,
  0x0C161DBB,0x4F34ADA9,0x457AA466,0x06581474,0x9F8B9DFD,0xDCA92DEF,0xD6E72420,0x95C59432,0x420DBD34,0x012F0D26,0x0B6104E9,0x4843B4FB,0xD1903D72,0x92B28D60,0x98FC84AF,0xDBDE34BD,
  0x70C6AE53,0x33E41E41,0x39AA178E,0x7A88A79C,0xE35B2E15,0xA0799E07,0xAA3797C8,0xE91527DA,0x3EDD0EDC,0x7DFFBECE,0x77B1B701,0x34930713,0xAD408E9A,0xEE623E88,0xE42C3747,0xA70E8755,
  0xD5697C8E,0x964BCC9C,0x9C05C553,0xDF277541,0x46F4FCC8,0x05D64CDA,0x0F984515,0x4CBAF507,0x9B72DC01,0xD8506C13,0xD21E65DC,0x913CD5CE,0x08EF5C47,0x4BCDEC55,0x4183E59A,0x02A15588,
  0xA9B9CF66,0xEA9B7F74,0xE0D576BB,0xA3F7C6A9,0x3A244F20,0x7906FF32,0x7348F6FD,0x306A46EF,0xE7A26FE9,0xA480DFFB,0xAECED634,0xEDEC6626,0x743FEFAF,0x371D5FBD,0x3D535672,0x7E71E660,
  0x3941C5A1,0x7A6375B3,0x702D7C7C,0x330FCC6E,0xAADC45E7,0xE9FEF5F5,0xE3B0FC3A,0xA0924C28,0x775A652E,0x3478D53C,0x3E36DCF3,0x7D146CE1,0xE4C7E568,0xA7E5557A,0xADAB5CB5,0xEE89ECA7,
  0x45917649,0x06B3C65B,0x0CFDCF94,0x4FDF7F86,0xD60CF60F,0x952E461D,0x9F604FD2,0xDC42FFC0,0x0B8AD6C6,0x48A866D4,0x42E66F1B,0x01C4DF09,0x98175680,0xDB35E692,0xD17BEF5D,0x92595F4F,
  0xE03EA494,0xA31C1486,0xA9521D49,0xEA70AD5B,0x73A324D2,0x308194C0,0x3ACF9D0F,0x79ED2D1D,0xAE25041B,0xED07B409,0xE749BDC6,0xA46B0DD4,0x3DB8845D,0x7E9A344F,0x74D43D80,0x37F68D92,
  0x9CEE177C,0xDFCCA76E,0xD582AEA1,0x96A01EB3,0x0F73973A,0x4C512728,0x461F2EE7,0x053D9EF5,0xD2F5B7F3,0x91D707E1,0x9B990E2E,0xD8BBBE3C,0x416837B5,0x024A87A7,0x08048E68,0x4B263E7A,
  0x00000000,0x06EA2602,0xADBD90FA,0xAB57B6F8,0xF7A6F731,0xF14CD133,0x5A1B67CB,0x5CF141C9,0x84AC0A25,0x82462C27,0x29119ADF,0x2FFBBCDD,0x730AFD14,0x75E0DB16,0xDEB76DEE,0xD85D4BEC,
  0x5F961108,0x597C370A,0xF22B81F2,0xF4C1A7F0,0xA830E639,0xAEDAC03B,0x058D76C3,0x036750C1,0xDB3A1B2D,0xDDD03D2F,0x76878BD7,0x706DADD5,0x2C9CEC1C,0x2A76CA1E,0x81217CE6,0x87CB5AE4,
  0x27C9A08D,0x2123868F,0x8A743077,0x8C9E1675,0xD06F57BC,0xD68571BE,0x7DD2C746,0x7B38E144,0xA365AAA8,0xA58F8CAA,0x0ED83A52,0x08321C50,0x54C35D99,0x52297B9B,0xF97ECD63,0xFF94EB61,
  0x785FB185,0x7EB59787,0xD5E2217F,0xD308077D,0x8FF946B4,0x891360B6,0x2244D64E,0x24AEF04C,0xFCF3BBA0,0xFA199DA2,0x514E2B5A,0x57A40D58,0x0B554C91,0x0DBF6A93,0xA6E8DC6B,0xA002FA69,
  0xA7E4C960,0xA10EEF62,0x0A59599A,0x0CB37F98,0x50423E51,0x56A81853,0xFDFFAEAB,0xFB1588A9,0x2348C345,0x25A2E547,0x8EF553BF,0x881F75BD,0xD4EE3474,0xD2041276,0x7953A48E,0x7FB9828C,
  0xF872D868,0xFE98FE6A,0x55CF4892,0x53256E90,0x0FD42F59,0x093E095B,0xA269BFA3,0xA48399A1,0x7CDED24D,0x7A34F44F,0xD16342B7,0xD78964B5,0x8B78257C,0x8D92037E,0x26C5B586,0x202F9384,
  0x802D69ED,0x86C74FEF,0x2D90F917,0x2B7ADF15,0x778B9EDC,0x7161B8DE,0xDA360E26,0xDCDC2824,0x048163C8,0x026B45CA,0xA93CF332,0xAFD6D530,0xF32794F9,0xF5CDB2FB,0x5E9A0403,0x58702201,
  0xDFBB78E5,0xD9515EE7,0x7206E81F,0x74ECCE1D,0x281D8FD4,0x2EF7A9D6,0x85A01F2E,0x834A392C,0x5B1772C0,0x5DFD54C2,0xF6AAE23A,0xF040C438,0xACB185F1,0xAA5BA3F3,0x010C150B,0x07E63309,
  0xB198F24B,0xB772D449,0x1C2562B1,0x1ACF44B3,0x463E057A,0x40D42378,0xEB839580,0xED69B382,0x3534F86E,0x33DEDE6C,0x98896894,0x9E634E96,0xC2920F5F,0xC478295D,0x6F2F9FA5,0x69C5B9A7,
  0xEE0EE343,0xE8E4C541,0x43B373B9,0x455955BB,0x19A81472,0x1F423270,0xB4158488,0xB2FFA28A,0x6AA2E966,0x6C48CF64,0xC71F799C,0xC1F55F9E,0x9D041E57,0x9BEE3855,0x30B98EAD,0x3653A8AF,
  0x965152C6,0x90BB74C4,0x3BECC23C,0x3D06E43E,0x61F7A5F7,0x671D83F5,0xCC4A350D,0xCAA0130F,0x12FD58E3,0x14177EE1,0xBF40C819,0xB9AAEE1B,0xE55BAFD2,0xE3B189D0,0x48E63F28,0x4E0C192A,
  0xC9C743CE,0xCF2D65CC,0x647AD334,0x6290F536,0x3E61B4FF,0x388B92FD,0x93DC2405,0x95360207,0x4D6B49EB,0x4B816FE9,0xE0D6D911,0xE63CFF13,0xBACDBEDA,0xBC2798D8,0x17702E20,0x119A0822,
  0x167C3B2B,0x10961D29,0xBBC1ABD1,0xBD2B8DD3,0xE1DACC1A,0xE730EA18,0x4C675CE0,0x4A8D7AE2,0x92D0310E,0x943A170C,0x3F6DA1F4,0x398787F6,0x6576C63F,0x639CE03D,0xC8CB56C5,0xCE2170C7,
  0x49EA2A23,0x4F000C21,0xE457BAD9,0xE2BD9CDB,0xBE4CDD12,0xB8A6FB10,0x13F14DE8,0x151B6BEA,0xCD462006,0xCBAC0604,0x60FBB0FC,0x661196FE,0x3AE0D737,0x3C0AF135,0x975D47CD,0x91B761CF,
  0x31B59BA6,0x375FBDA4,0x9C080B5C,0x9AE22D5E,0xC6136C97,0xC0F94A95,0x6BAEFC6D,0x6D44DA6F,0xB5199183,0xB3F3B781,0x18A40179,0x1E4E277B,0x42BF66B2,0x445540B0,0xEF02F648,0xE9E8D04A,
  0x6E238AAE,0x68C9ACAC,0xC39E1A54,0xC5743C56,0x99857D9F,0x9F6F5B9D,0x3438ED65,0x32D2CB67,0xEA8F808B,0xEC65A689,0x47321071,0x41D83673,0x1D2977BA,0x1BC351B8,0xB094E740,0xB67EC142,
  0x00000000,0xF2C4A9AA,0x14F26478,0xE636CDD2,0x7340460D,0x8184EFA7,0x67B22275,0x95768BDF,0x27D200D0,0xD516A97A,0x332064A8,0xC1E4CD02,0x549246DD,0xA656EF77,0x406022A5,0xB2A48B0F,
  0xF1792404,0x03BD8DAE,0xE58B407C,0x174FE9D6,0x82396209,0x70FDCBA3,0x96CB0671,0x640FAFDB,0xD6AB24D4,0x246F8D7E,0xC25940AC,0x309DE906,0xA5EB62D9,0x572FCB73,0xB11906A1,0x43DDAF0B,
  0xE56602D4,0x17A2AB7E,0xF19466AC,0x0350CF06,0x962644D9,0x64E2ED73,0x82D420A1,0x7010890B,0xC2B40204,0x3070ABAE,0xD646667C,0x2482CFD6,0xB1F44409,0x4330EDA3,0xA5062071,0x57C289DB,
  0x141F26D0,0xE6DB8F7A,0x00ED42A8,0xF229EB02,0x675F60DD,0x959BC977,0x73AD04A5,0x8169AD0F,0x33CD2600,0xC1098FAA,0x273F4278,0xD5FBEBD2,0x408D600D,0xB249C9A7,0x547F0475,0xA6BBADDF,
  0xC7573237,0x35939B9D,0xD3A5564F,0x2161FFE5,0xB417743A,0x46D3DD90,0xA0E51042,0x5221B9E8,0xE08532E7,0x12419B4D,0xF477569F,0x06B3FF35,0x93C574EA,0x6101DD40,0x87371092,0x75F3B938,
  0x362E1633,0xC4EABF99,0x22DC724B,0xD018DBE1,0x456E503E,0xB7AAF994,0x519C3446,0xA3589DEC,0x11FC16E3,0xE338BF49,0x050E729B,0xF7CADB31,0x62BC50EE,0x9078F944,0x764E3496,0x848A9D3C,
  0x223130E3,0xD0F59949,0x36C3549B,0xC407FD31,0x517176EE,0xA3B5DF44,0x45831296,0xB747BB3C,0x05E33033,0xF7279999,0x1111544B,0xE3D5FDE1,0x76A3763E,0x8467DF94,0x62511246,0x9095BBEC,
  0xD34814E7,0x218CBD4D,0xC7BA709F,0x357ED935,0xA00852EA,0x52CCFB40,0xB4FA3692,0x463E9F38,0xF49A1437,0x065EBD9D,0xE068704F,0x12ACD9E5,0x87DA523A,0x751EFB90,0x93283642,0x61EC9FE8,
  0xB2FB5E47,0x403FF7ED,0xA6093A3F,0x54CD9395,0xC1BB184A,0x337FB1E0,0xD5497C32,0x278DD598,0x95295E97,0x67EDF73D,0x81DB3AEF,0x731F9345,0xE669189A,0x14ADB130,0xF29B7CE2,0x005FD548,
  0x43827A43,0xB146D3E9,0x57701E3B,0xA5B4B791,0x30C23C4E,0xC20695E4,0x24305836,0xD6F4F19C,0x64507A93,0x9694D339,0x70A21EEB,0x8266B741,0x17103C9E,0xE5D49534,0x03E258E6,0xF126F14C,
  0x579D5C93,0xA559F539,0x436F38EB,0xB1AB9141,0x24DD1A9E,0xD619B334,0x302F7EE6,0xC2EBD74C,0x704F5C43,0x828BF5E9,0x64BD383B,0x96799191,0x030F1A4E,0xF1CBB3E4,0x17FD7E36,0xE539D79C,
  0xA6E47897,0x5420D13D,0xB2161CEF,0x40D2B545,0xD5A43E9A,0x27609730,0xC1565AE2,0x3392F348,0x81367847,0x73F2D1ED,0x95C41C3F,0x6700B595,0xF2763E4A,0x00B297E0,0xE6845A32,0x1440F398,
  0x75AC6C70,0x8768C5DA,0x615E0808,0x939AA1A2,0x06EC2A7D,0xF42883D7,0x121E4E05,0xE0DAE7AF,0x527E6CA0,0xA0BAC50A,0x468C08D8,0xB448A172,0x213E2AAD,0xD3FA8307,0x35CC4ED5,0xC708E77F,
  0x84D54874,0x7611E1DE,0x90272C0C,0x62E385A6,0xF7950E79,0x0551A7D3,0xE3676A01,0x11A3C3AB,0xA30748A4,0x51C3E10E,0xB7F52CDC,0x45318576,0xD0470EA9,0x2283A703,0xC4B56AD1,0x3671C37B,
  0x90CA6EA4,0x620EC70E,0x84380ADC,0x76FCA376,0xE38A28A9,0x114E8103,0xF7784CD1,0x05BCE57B,0xB7186E74,0x45DCC7DE,0xA3EA0A0C,0x512EA3A6,0xC4582879,0x369C81D3,0xD0AA4C01,0x226EE5AB,
  0x61B34AA0,0x9377E30A,0x75412ED8,0x87858772,0x12F30CAD,0xE037A507,0x060168D5,0xF4C5C17F,0x46614A70,0xB4A5E3DA,0x52932E08,0xA05787A2,0x35210C7D,0xC7E5A5D7,0x21D36805,0xD317C1AF,
  0x00000000,0xAFAB07F8,0x471561A0,0xE8BE6658,0x99C81B78,0x36631C80,0xDEDD7AD8,0x71767D20,0xB82B3B72,0x17803C8A,0xFF3E5AD2,0x50955D2A,0x21E3200A,0x8E4827F2,0x66F641AA,0xC95D4652,
  0x15FDAE45,0xBA56A9BD,0x52E8CFE5,0xFD43C81D,0x8C35B53D,0x239EB2C5,0xCB20D49D,0x648BD365,0xADD69537,0x027D92CF,0xEAC3F497,0x4568F36F,0x341E8E4F,0x9BB589B7,0x730BEFEF,0xDCA0E817,
  0x8C889660,0x23239198,0xCB9DF7C0,0x6436F038,0x15408D18,0xBAEB8AE0,0x5255ECB8,0xFDFEEB40,0x34A3AD12,0x9B08AAEA,0x73B6CCB2,0xDC1DCB4A,0xAD6BB66A,0x02C0B192,0xEA7ED7CA,0x45D5D032,
  0x99753825,0x36DE3FDD,0xDE605985,0x71CB5E7D,0x00BD235D,0xAF1624A5,0x47A842FD,0xE8034505,0x215E0357,0x8EF504AF,0x664B62F7,0xC9E0650F,0xB896182F,0x173D1FD7,0xFF83798F,0x50287E77,
  0x7AE16C9C,0xD54A6B64,0x3DF40D3C,0x925F0AC4,0xE32977E4,0x4C82701C,0xA43C1644,0x0B9711BC,0xC2CA57EE,0x6D615016,0x85DF364E,0x2A7431B6,0x5B024C96,0xF4A94B6E,0x1C172D36,0xB3BC2ACE,
  0x6F1CC2D9,0xC0B7C521,0x2809A379,0x87A2A481,0xF6D4D9A1,0x597FDE59,0xB1C1B801,0x1E6ABFF9,0xD737F9AB,0x789CFE53,0x9022980B,0x3F899FF3,0x4EFFE2D3,0xE154E52B,0x09EA8373,0xA641848B,
  0xF669FAFC,0x59C2FD04,0xB17C9B5C,0x1ED79CA4,0x6FA1E184,0xC00AE67C,0x28B48024,0x871F87DC,0x4E42C18E,0xE1E9C676,0x0957A02E,0xA6FCA7D6,0xD78ADAF6,0x7821DD0E,0x909FBB56,0x3F34BCAE,
  0xE39454B9,0x4C3F5341,0xA4813519,0x0B2A32E1,0x7A5C4FC1,0xD5F74839,0x3D492E61,0x92E22999,0x5BBF6FCB,0xF4146833,0x1CAA0E6B,0xB3010993,0xC27774B3,0x6DDC734B,0x85621513,0x2AC912EB,
  0xB11F752A,0x1EB472D2,0xF60A148A,0x59A11372,0x28D76E52,0x877C69AA,0x6FC20FF2,0xC069080A,0x09344E58,0xA69F49A0,0x4E212FF8,0xE18A2800,0x90FC5520,0x3F5752D8,0xD7E93480,0x78423378,
  0xA4E2DB6F,0x0B49DC97,0xE3F7BACF,0x4C5CBD37,0x3D2AC017,0x9281C7EF,0x7A3FA1B7,0xD594A64F,0x1CC9E01D,0xB362E7E5,0x5BDC81BD,0xF4778645,0x8501FB65,0x2AAAFC9D,0xC2149AC5,0x6DBF9D3D,
  0x3D97E34A,0x923CE4B2,0x7A8282EA,0xD5298512,0xA45FF832,0x0BF4FFCA,0xE34A9992,0x4CE19E6A,0x85BCD838,0x2A17DFC0,0xC2A9B998,0x6D02BE60,0x1C74C340,0xB3DFC4B8,0x5B61A2E0,0xF4CAA518,
  0x286A4D0F,0x87C14AF7,0x6F7F2CAF,0xC0D42B57,0xB1A25677,0x1E09518F,0xF6B737D7,0x591C302F,0x9041767D,0x3FEA7185,0xD75417DD,0x78FF1025,0x09896D05,0xA6226AFD,0x4E9C0CA5,0xE1370B5D,
  0xCBFE19B6,0x64551E4E,0x8CEB7816,0x23407FEE,0x523602CE,0xFD9D0536,0x1523636E,0xBA886496,0x73D522C4,0xDC7E253C,0x34C04364,0x9B6B449C,0xEA1D39BC,0x45B63E44,0xAD08581C,0x02A35FE4,
  0xDE03B7F3,0x71A8B00B,0x9916D653,0x36BDD1AB,0x47CBAC8B,0xE860AB73,0x00DECD2B,0xAF75CAD3,0x66288C81,0xC9838B79,0x213DED21,0x8E96EAD9,0xFFE097F9,0x504B9001,0xB8F5F659,0x175EF1A1,
  0x47768FD6,0xE8DD882E,0x0063EE76,0xAFC8E98E,0xDEBE94AE,0x71159356,0x99ABF50E,0x3600F2F6,0xFF5DB4A4,0x50F6B35C,0xB848D504,0x17E3D2FC,0x6695AFDC,0xC93EA824,0x2180CE7C,0x8E2BC984,
  0x528B2193,0xFD20266B,0x159E4033,0xBA3547CB,0xCB433AEB,0x64E83D13,0x8C565B4B,0x23FD5CB3,0xEAA01AE1,0x450B1D19,0xADB57B41,0x021E7CB9,0x73680199,0xDCC30661,0x347D6039,0x9BD667C1,
  0x00000000,0x1FD3B0ED,0xA2203A1E,0xBDF38AF3,0xF72A13A6,0xE8F9A34B,0x550A29B8,0x4AD99955,0x2C10DFE3,0x33C36F0E,0x8E30E5FD,0x91E35510,0xDB3ACC45,0xC4E97CA8,0x791AF65B,0x66C946B6,
  0x2FE25B06,0x3031EBEB,0x8DC26118,0x9211D1F5,0xD8C848A0,0xC71BF84D,0x7AE872BE,0x653BC253,0x03F284E5,0x1C213408,0xA1D2BEFB,0xBE010E16,0xF4D89743,0xEB0B27AE,0x56F8AD5D,0x492B1DB0,
  0x8721DD8C,0x98F26D61,0x2501E792,0x3AD2577F,0x700BCE2A,0x6FD87EC7,0xD22BF434,0xCDF844D9,0xAB31026F,0xB4E2B282,0x09113871,0x16C2889C,0x5C1B11C9,0x43C8A124,0xFE3B2BD7,0xE1E89B3A,
  0xA8C3868A,0xB7103667,0x0AE3BC94,0x15300C79,0x5FE9952C,0x403A25C1,0xFDC9AF32,0xE21A1FDF,0x84D35969,0x9B00E984,0x26F36377,0x3920D39A,0x73F94ACF,0x6C2AFA22,0xD1D970D1,0xCE0AC03C,
  0x937A871B,0x8CA937F6,0x315ABD05,0x2E890DE8,0x645094BD,0x7B832450,0xC670AEA3,0xD9A31E4E,0xBF6A58F8,0xA0B9E815,0x1D4A62E6,0x0299D20B,0x48404B5E,0x5793FBB3,0xEA607140,0xF5B3C1AD,
  0xBC98DC1D,0xA34B6CF0,0x1EB8E603,0x016B56EE,0x4BB2CFBB,0x54617F56,0xE992F5A5,0xF6414548,0x908803FE,0x8F5BB313,0x32A839E0,0x2D7B890D,0x67A21058,0x7871A0B5,0xC5822A46,0xDA519AAB,
  0x145B5A97,0x0B88EA7A,0xB67B6089,0xA9A8D064,0xE3714931,0xFCA2F9DC,0x4151732F,0x5E82C3C2,0x384B8574,0x27983599,0x9A6BBF6A,0x85B80F87,0xCF6196D2,0xD0B2263F,0x6D41ACCC,0x72921C21,
  0x3BB90191,0x246AB17C,0x99993B8F,0x864A8B62,0xCC931237,0xD340A2DA,0x6EB32829,0x716098C4,0x17A9DE72,0x087A6E9F,0xB589E46C,0xAA5A5481,0xE083CDD4,0xFF507D39,0x42A3F7CA,0x5D704727,
  0xFBB524EF,0xE4669402,0x59951EF1,0x4646AE1C,0x0C9F3749,0x134C87A4,0xAEBF0D57,0xB16CBDBA,0xD7A5FB0C,0xC8764BE1,0x7585C112,0x6A5671FF,0x208FE8AA,0x3F5C5847,0x82AFD2B4,0x9D7C6259,
  0xD4577FE9,0xCB84CF04,0x767745F7,0x69A4F51A,0x237D6C4F,0x3CAEDCA2,0x815D5651,0x9E8EE6BC,0xF847A00A,0xE79410E7,0x5A679A14,0x45B42AF9,0x0F6DB3AC,0x10BE0341,0xAD4D89B2,0xB29E395F,
  0x7C94F963,0x6347498E,0xDEB4C37D,0xC1677390,0x8BBEEAC5,0x946D5A28,0x299ED0DB,0x364D6036,0x50842680,0x4F57966D,0xF2A41C9E,0xED77AC73,0xA7AE3526,0xB87D85CB,0x058E0F38,0x1A5DBFD5,
  0x5376A265,0x4CA51288,0xF156987B,0xEE852896,0xA45CB1C3,0xBB8F012E,0x067C8BDD,0x19AF3B30,0x7F667D86,0x60B5CD6B,0xDD464798,0xC295F775,0x884C6E20,0x979FDECD,0x2A6C543E,0x35BFE4D3,
  0x68CFA3F4,0x771C1319,0xCAEF99EA,0xD53C2907,0x9FE5B052,0x803600BF,0x3DC58A4C,0x22163AA1,0x44DF7C17,0x5B0CCCFA,0xE6FF4609,0xF92CF6E4,0xB3F56FB1,0xAC26DF5C,0x11D555AF,0x0E06E542,
  0x472DF8F2,0x58FE481F,0xE50DC2EC,0xFADE7201,0xB007EB54,0xAFD45BB9,0x1227D14A,0x0DF461A7,0x6B3D2711,0x74EE97FC,0xC91D1D0F,0xD6CEADE2,0x9C1734B7,0x83C4845A,0x3E370EA9,0x21E4BE44,
  0xEFEE7E78,0xF03DCE95,0x4DCE4466,0x521DF48B,0x18C46DDE,0x0717DD33,0xBAE457C0,0xA537E72D,0xC3FEA19B,0xDC2D1176,0x61DE9B85,0x7E0D2B68,0x34D4B23D,0x2B0702D0,0x96F48823,0x892738CE,
  0xC00C257E,0xDFDF9593,0x622C1F60,0x7DFFAF8D,0x372636D8,0x28F58635,0x95060CC6,0x8AD5BC2B,0xEC1CFA9D,0xF3CF4A70,0x4E3CC083,0x51EF706E,0x1B36E93B,0x04E559D6,0xB916D325,0xA6C563C8,
  0x00000000,0x73372E3C,0x68B43501,0x1B831B3D,0x5AF0638F,0x29C74DB3,0x3244568E,0x417378B2,0x44979401,0x37A0BA3D,0x2C23A100,0x5F148F3C,0x1E67F78E,0x6D50D9B2,0x76D3C28F,0x05E4ECB3,
  0x34F82370,0x47CF0D4C,0x5C4C1671,0x2F7B384D,0x6E0840FF,0x1D3F6EC3,0x06BC75FE,0x758B5BC2,0x706FB771,0x0358994D,0x18DB8270,0x6BECAC4C,0x2A9FD4FE,0x59A8FAC2,0x422BE1FF,0x311CCFC3,
  0xACD07F4C,0xDFE75170,0xC4644A4D,0xB7536471,0xF6201CC3,0x851732FF,0x9E9429C2,0xEDA307FE,0xE847EB4D,0x9B70C571,0x80F3DE4C,0xF3C4F070,0xB2B788C2,0xC180A6FE,0xDA03BDC3,0xA93493FF,
  0x98285C3C,0xEB1F7200,0xF09C693D,0x83AB4701,0xC2D83FB3,0xB1EF118F,0xAA6C0AB2,0xD95B248E,0xDCBFC83D,0xAF88E601,0xB40BFD3C,0xC73CD300,0x864FABB2,0xF578858E,0xEEFB9EB3,0x9DCCB08F,
  0x692FCDE9,0x1A18E3D5,0x019BF8E8,0x72ACD6D4,0x33DFAE66,0x40E8805A,0x5B6B9B67,0x285CB55B,0x2DB859E8,0x5E8F77D4,0x450C6CE9,0x363B42D5,0x77483A67,0x047F145B,0x1FFC0F66,0x6CCB215A,
  0x5DD7EE99,0x2EE0C0A5,0x3563DB98,0x4654F5A4,0x07278D16,0x7410A32A,0x6F93B817,0x1CA4962B,0x19407A98,0x6A7754A4,0x71F44F99,0x02C361A5,0x43B01917,0x3087372B,0x2B042C16,0x5833022A,
  0xC5FFB2A5,0xB6C89C99,0xAD4B87A4,0xDE7CA998,0x9F0FD12A,0xEC38FF16,0xF7BBE42B,0x848CCA17,0x816826A4,0xF25F0898,0xE9DC13A5,0x9AEB3D99,0xDB98452B,0xA8AF6B17,0xB32C702A,0xC01B5E16,
  0xF10791D5,0x8230BFE9,0x99B3A4D4,0xEA848AE8,0xABF7F25A,0xD8C0DC66,0xC343C75B,0xB074E967,0xB59005D4,0xC6A72BE8,0xDD2430D5,0xAE131EE9,0xEF60665B,0x9C574867,0x87D4535A,0xF4E37D66,
  0x8FECF9A7,0xFCDBD79B,0xE758CCA6,0x946FE29A,0xD51C9A28,0xA62BB414,0xBDA8AF29,0xCE9F8115,0xCB7B6DA6,0xB84C439A,0xA3CF58A7,0xD0F8769B,0x918B0E29,0xE2BC2015,0xF93F3B28,0x8A081514,
  0xBB14DAD7,0xC823F4EB,0xD3A0EFD6,0xA097C1EA,0xE1E4B958,0x92D39764,0x89508C59,0xFA67A265,0xFF834ED6,0x8CB460EA,0x97377BD7,0xE40055EB,0xA5732D59,0xD6440365,0xCDC71858,0xBEF03664,
  0x233C86EB,0x500BA8D7,0x4B88B3EA,0x38BF9DD6,0x79CCE564,0x0AFBCB58,0x1178D065,0x624FFE59,0x67AB12EA,0x149C3CD6,0x0F1F27EB,0x7C2809D7,0x3D5B7165,0x4E6C5F59,0x55EF4464,0x26D86A58,
  0x17C4A59B,0x64F38BA7,0x7F70909A,0x0C47BEA6,0x4D34C614,0x3E03E828,0x2580F315,0x56B7DD29,0x5353319A,0x20641FA6,0x3BE7049B,0x48D02AA7,0x09A35215,0x7A947C29,0x61176714,0x12204928,
  0xE6C3344E,0x95F41A72,0x8E77014F,0xFD402F73,0xBC3357C1,0xCF0479FD,0xD48762C0,0xA7B04CFC,0xA254A04F,0xD1638E73,0xCAE0954E,0xB9D7BB72,0xF8A4C3C0,0x8B93EDFC,0x9010F6C1,0xE327D8FD,
  0xD23B173E,0xA10C3902,0xBA8F223F,0xC9B80C03,0x88CB74B1,0xFBFC5A8D,0xE07F41B0,0x93486F8C,0x96AC833F,0xE59BAD03,0xFE18B63E,0x8D2F9802,0xCC5CE0B0,0xBF6BCE8C,0xA4E8D5B1,0xD7DFFB8D,
  0x4A134B02,0x3924653E,0x22A77E03,0x5190503F,0x10E3288D,0x63D406B1,0x78571D8C,0x0B6033B0,0x0E84DF03,0x7DB3F13F,0x6630EA02,0x1507C43E,0x5474BC8C,0x274392B0,0x3CC0898D,0x4FF7A7B1,
  0x7EEB6872,0x0DDC464E,0x165F5D73,0x6568734F,0x241B0BFD,0x572C25C1,0x4CAF3EFC,0x3F9810C0,0x3A7CFC73,0x494BD24F,0x52C8C972,0x21FFE74E,0x608C9FFC,0x13BBB1C0,0x0838AAFD,0x7B0F84C1,
  0x00000000,0x2BE652F1,0x02C14CC5,0x29271E34,0x5CF558AA,0x77130A5B,0x5E34146F,0x75D2469E,0x4E3CE25E,0x65DAB0AF,0x4CFDAE9B,0x671BFC6A,0x12C9BAF4,0x392FE805,0x1008F631,0x3BEEA4C0,
  0x148C4B57,0x3F6A19A6,0x164D0792,0x3DAB5563,0x487913FD,0x639F410C,0x4AB85F38,0x615E0DC9,0x5AB0A909,0x7156FBF8,0x5871E5CC,0x7397B73D,0x0645F1A3,0x2DA3A352,0x0484BD66,0x2F62EF97,
  0x1B742D07,0x30927FF6,0x19B561C2,0x32533333,0x478175AD,0x6C67275C,0x45403968,0x6EA66B99,0x5548CF59,0x7EAE9DA8,0x5789839C,0x7C6FD16D,0x09BD97F3,0x225BC502,0x0B7CDB36,0x209A89C7,
  0x0FF86650,0x241E34A1,0x0D392A95,0x26DF7864,0x530D3EFA,0x78EB6C0B,0x51CC723F,0x7A2A20CE,0x41C4840E,0x6A22D6FF,0x4305C8CB,0x68E39A3A,0x1D31DCA4,0x36D78E55,0x1FF09061,0x3416C290,
  0x50E20D61,0x7B045F90,0x522341A4,0x79C51355,0x0C1755CB,0x27F1073A,0x0ED6190E,0x25304BFF,0x1EDEEF3F,0x3538BDCE,0x1C1FA3FA,0x37F9F10B,0x422BB795,0x69CDE564,0x40EAFB50,0x6B0CA9A1,
  0x446E4636,0x6F8814C7,0x46AF0AF3,0x6D495802,0x189B1E9C,0x337D4C6D,0x1A5A5259,0x31BC00A8,0x0A52A468,0x21B4F699,0x0893E8AD,0x2375BA5C,0x56A7FCC2,0x7D41AE33,0x5466B007,0x7F80E2F6,
  0x4B962066,0x60707297,0x49576CA3,0x62B13E52,0x176378CC,0x3C852A3D,0x15A23409,0x3E4466F8,0x05AAC238,0x2E4C90C9,0x076B8EFD,0x2C8DDC0C,0x595F9A92,0x72B9C863,0x5B9ED657,0x707884A6,
  0x5F1A6B31,0x74FC39C0,0x5DDB27F4,0x763D7505,0x03EF339B,0x2809616A,0x012E7F5E,0x2AC82DAF,0x1126896F,0x3AC0DB9E,0x13E7C5AA,0x3801975B,0x4DD3D1C5,0x66358334,0x4F129D00,0x64F4CFF1,
  0xCED280BD,0xE534D24C,0xCC13CC78,0xE7F59E89,0x9227D817,0xB9C18AE6,0x90E694D2,0xBB00C623,0x80EE62E3,0xAB083012,0x822F2E26,0xA9C97CD7,0xDC1B3A49,0xF7FD68B8,0xDEDA768C,0xF53C247D,
  0xDA5ECBEA,0xF1B8991B,0xD89F872F,0xF379D5DE,0x86AB9340,0xAD4DC1B1,0x846ADF85,0xAF8C8D74,0x946229B4,0xBF847B45,0x96A36571,0xBD453780,0xC897711E,0xE37123EF,0xCA563DDB,0xE1B06F2A,
  0xD5A6ADBA,0xFE40FF4B,0xD767E17F,0xFC81B38E,0x8953F510,0xA2B5A7E1,0x8B92B9D5,0xA074EB24,0x9B9A4FE4,0xB07C1D15,0x995B0321,0xB2BD51D0,0xC76F174E,0xEC8945BF,0xC5AE5B8B,0xEE48097A,
  0xC12AE6ED,0xEACCB41C,0xC3EBAA28,0xE80DF8D9,0x9DDFBE47,0xB639ECB6,0x9F1EF282,0xB4F8A073,0x8F1604B3,0xA4F05642,0x8DD74876,0xA6311A87,0xD3E35C19,0xF8050EE8,0xD12210DC,0xFAC4422D,
  0x9E308DDC,0xB5D6DF2D,0x9CF1C119,0xB71793E8,0xC2C5D576,0xE9238787,0xC00499B3,0xEBE2CB42,0xD00C6F82,0xFBEA3D73,0xD2CD2347,0xF92B71B6,0x8CF93728,0xA71F65D9,0x8E387BED,0xA5DE291C,
  0x8ABCC68B,0xA15A947A,0x887D8A4E,0xA39BD8BF,0xD6499E21,0xFDAFCCD0,0xD488D2E4,0xFF6E8015,0xC48024D5,0xEF667624,0xC6416810,0xEDA73AE1,0x98757C7F,0xB3932E8E,0x9AB430BA,0xB152624B,
  0x8544A0DB,0xAEA2F22A,0x8785EC1E,0xAC63BEEF,0xD9B1F871,0xF257AA80,0xDB70B4B4,0xF096E645,0xCB784285,0xE09E1074,0xC9B90E40,0xE25F5CB1,0x978D1A2F,0xBC6B48DE,0x954C56EA,0xBEAA041B,
  0x91C8EB8C,0xBA2EB97D,0x9309A749,0xB8EFF5B8,0xCD3DB326,0xE6DBE1D7,0xCFFCFFE3,0xE41AAD12,0xDFF409D2,0xF4125B23,0xDD354517,0xF6D317E6,0x83015178,0xA8E70389,0x81C01DBD,0xAA264F4C,
  0x00000000,0xE69F25D3,0xC9848E73,0x2F1BABA0,0x5101FB9F,0xB79EDE4C,0x988575EC,0x7E1A503F,0x1BF93FFC,0xFD661A2F,0xD27DB18F,0x34E2945C,0x4AF8C463,0xAC67E1B0,0x837C4A10,0x65E36FC3,
  0x255E2632,0xC3C103E1,0xECDAA841,0x0A458D92,0x745FDDAD,0x92C0F87E,0xBDDB53DE,0x5B44760D,0x3EA719CE,0xD8383C1D,0xF72397BD,0x11BCB26E,0x6FA6E251,0x8939C782,0xA6226C22,0x40BD49F1,
  0xE1854500,0x071A60D3,0x2801CB73,0xCE9EEEA0,0xB084BE9F,0x561B9B4C,0x790030EC,0x9F9F153F,0xFA7C7AFC,0x1CE35F2F,0x33F8F48F,0xD567D15C,0xAB7D8163,0x4DE2A4B0,0x62F90F10,0x84662AC3,
  0xC4DB6332,0x224446E1,0x0D5FED41,0xEBC0C892,0x95DA98AD,0x7345BD7E,0x5C5E16DE,0xBAC1330D,0xDF225CCE,0x39BD791D,0x16A6D2BD,0xF039F76E,0x8E23A751,0x68BC8282,0x47A72922,0xA1380CF1,
  0x20A83286,0xC6371755,0xE92CBCF5,0x0FB39926,0x71A9C919,0x9736ECCA,0xB82D476A,0x5EB262B9,0x3B510D7A,0xDDCE28A9,0xF2D58309,0x144AA6DA,0x6A50F6E5,0x8CCFD336,0xA3D47896,0x454B5D45,
  0x05F614B4,0xE3693167,0xCC729AC7,0x2AEDBF14,0x54F7EF2B,0xB268CAF8,0x9D736158,0x7BEC448B,0x1E0F2B48,0xF8900E9B,0xD78BA53B,0x311480E8,0x4F0ED0D7,0xA991F504,0x868A5EA4,0x60157B77,
  0xC12D7786,0x27B25255,0x08A9F9F5,0xEE36DC26,0x902C8C19,0x76B3A9CA,0x59A8026A,0xBF3727B9,0xDAD4487A,0x3C4B6DA9,0x1350C609,0xF5CFE3DA,0x8BD5B3E5,0x6D4A9636,0x42513D96,0xA4CE1845,
  0xE47351B4,0x02EC7467,0x2DF7DFC7,0xCB68FA14,0xB572AA2B,0x53ED8FF8,0x7CF62458,0x9A69018B,0xFF8A6E48,0x19154B9B,0x360EE03B,0xD091C5E8,0xAE8B95D7,0x4814B004,0x670F1BA4,0x81903E77,
  0x4A60756D,0xACFF50BE,0x83E4FB1E,0x657BDECD,0x1B618EF2,0xFDFEAB21,0xD2E50081,0x347A2552,0x51994A91,0xB7066F42,0x981DC4E2,0x7E82E131,0x0098B10E,0xE60794DD,0xC91C3F7D,0x2F831AAE,
  0x6F3E535F,0x89A1768C,0xA6BADD2C,0x4025F8FF,0x3E3FA8C0,0xD8A08D13,0xF7BB26B3,0x11240360,0x74C76CA3,0x92584970,0xBD43E2D0,0x5BDCC703,0x25C6973C,0xC359B2EF,0xEC42194F,0x0ADD3C9C,
  0xABE5306D,0x4D7A15BE,0x6261BE1E,0x84FE9BCD,0xFAE4CBF2,0x1C7BEE21,0x33604581,0xD5FF6052,0xB01C0F91,0x56832A42,0x799881E2,0x9F07A431,0xE11DF40E,0x0782D1DD,0x28997A7D,0xCE065FAE,
  0x8EBB165F,0x6824338C,0x473F982C,0xA1A0BDFF,0xDFBAEDC0,0x3925C813,0x163E63B3,0xF0A14660,0x954229A3,0x73DD0C70,0x5CC6A7D0,0xBA598203,0xC443D23C,0x22DCF7EF,0x0DC75C4F,0xEB58799C,
  0x6AC847EB,0x8C576238,0xA34CC998,0x45D3EC4B,0x3BC9BC74,0xDD5699A7,0xF24D3207,0x14D217D4,0x71317817,0x97AE5DC4,0xB8B5F664,0x5E2AD3B7,0x20308388,0xC6AFA65B,0xE9B40DFB,0x0F2B2828,
  0x4F9661D9,0xA909440A,0x8612EFAA,0x608DCA79,0x1E979A46,0xF808BF95,0xD7131435,0x318C31E6,0x546F5E25,0xB2F07BF6,0x9DEBD056,0x7B74F585,0x056EA5BA,0xE3F18069,0xCCEA2BC9,0x2A750E1A,
  0x8B4D02EB,0x6DD22738,0x42C98C98,0xA456A94B,0xDA4CF974,0x3CD3DCA7,0x13C87707,0xF55752D4,0x90B43D17,0x762B18C4,0x5930B364,0xBFAF96B7,0xC1B5C688,0x272AE35B,0x083148FB,0xEEAE6D28,
  0xAE1324D9,0x488C010A,0x6797AAAA,0x81088F79,0xFF12DF46,0x198DFA95,0x36965135,0xD00974E6,0xB5EA1B25,0x53753EF6,0x7C6E9556,0x9AF1B085,0xE4EBE0BA,0x0274C569,0x2D6F6EC9,0xCBF04B1A,
  0x00000000,0xC6B891D3,0x7FE2A8A7,0xB95A3974,0xA0A4D763,0x661C46B0,0xDF467FC4,0x19FEEE17,0xE3C9E7E9,0x2571763A,0x9C2B4F4E,0x5A93DE9D,0x436D308A,0x85D5A159,0x3C8F982D,0xFA3709FE,
  0x454DA6F8,0x83F5372B,0x3AAF0E5F,0xFC179F8C,0xE5E9719B,0x2351E048,0x9A0BD93C,0x5CB348EF,0xA6844111,0x603CD0C2,0xD966E9B6,0x1FDE7865,0x06209672,0xC09807A1,0x79C23ED5,0xBF7AAF06,
  0x339AFD70,0xF5226CA3,0x4C7855D7,0x8AC0C404,0x933E2A13,0x5586BBC0,0xECDC82B4,0x2A641367,0xD0531A99,0x16EB8B4A,0xAFB1B23E,0x690923ED,0x70F7CDFA,0xB64F5C29,0x0F15655D,0xC9ADF48E,
  0x76D75B88,0xB06FCA5B,0x0935F32F,0xCF8D62FC,0xD6738CEB,0x10CB1D38,0xA991244C,0x6F29B59F,0x951EBC61,0x53A62DB2,0xEAFC14C6,0x2C448515,0x35BA6B02,0xF302FAD1,0x4A58C3A5,0x8CE05276,
  0x9FDE1E73,0x59668FA0,0xE03CB6D4,0x26842707,0x3F7AC910,0xF9C258C3,0x409861B7,0x8620F064,0x7C17F99A,0xBAAF6849,0x03F5513D,0xC54DC0EE,0xDCB32EF9,0x1A0BBF2A,0xA351865E,0x65E9178D,
  0xDA93B88B,0x1C2B2958,0xA571102C,0x63C981FF,0x7A376FE8,0xBC8FFE3B,0x05D5C74F,0xC36D569C,0x395A5F62,0xFFE2CEB1,0x46B8F7C5,0x80006616,0x99FE8801,0x5F4619D2,0xE61C20A6,0x20A4B175,
  0xAC44E303,0x6AFC72D0,0xD3A64BA4,0x151EDA77,0x0CE03460,0xCA58A5B3,0x73029CC7,0xB5BA0D14,0x4F8D04EA,0x89359539,0x306FAC4D,0xF6D73D9E,0xEF29D389,0x2991425A,0x90CB7B2E,0x5673EAFD,
  0xE90945FB,0x2FB1D428,0x96EBED5C,0x50537C8F,0x49AD9298,0x8F15034B,0x364F3A3F,0xF0F7ABEC,0x0AC0A212,0xCC7833C1,0x75220AB5,0xB39A9B66,0xAA647571,0x6CDCE4A2,0xD586DDD6,0x133E4C05,
  0xC891BE76,0x0E292FA5,0xB77316D1,0x71CB8702,0x68356915,0xAE8DF8C6,0x17D7C1B2,0xD16F5061,0x2B58599F,0xEDE0C84C,0x54BAF138,0x920260EB,0x8BFC8EFC,0x4D441F2F,0xF41E265B,0x32A6B788,
  0x8DDC188E,0x4B64895D,0xF23EB029,0x348621FA,0x2D78CFED,0xEBC05E3E,0x529A674A,0x9422F699,0x6E15FF67,0xA8AD6EB4,0x11F757C0,0xD74FC613,0xCEB12804,0x0809B9D7,0xB15380A3,0x77EB1170,
  0xFB0B4306,0x3DB3D2D5,0x84E9EBA1,0x42517A72,0x5BAF9465,0x9D1705B6,0x244D3CC2,0xE2F5AD11,0x18C2A4EF,0xDE7A353C,0x67200C48,0xA1989D9B,0xB866738C,0x7EDEE25F,0xC784DB2B,0x013C4AF8,
  0xBE46E5FE,0x78FE742D,0xC1A44D59,0x071CDC8A,0x1EE2329D,0xD85AA34E,0x61009A3A,0xA7B80BE9,0x5D8F0217,0x9B3793C4,0x226DAAB0,0xE4D53B63,0xFD2BD574,0x3B9344A7,0x82C97DD3,0x4471EC00,
  0x574FA005,0x91F731D6,0x28AD08A2,0xEE159971,0xF7EB7766,0x3153E6B5,0x8809DFC1,0x4EB14E12,0xB48647EC,0x723ED63F,0xCB64EF4B,0x0DDC7E98,0x1422908F,0xD29A015C,0x6BC03828,0xAD78A9FB,
  0x120206FD,0xD4BA972E,0x6DE0AE5A,0xAB583F89,0xB2A6D19E,0x741E404D,0xCD447939,0x0BFCE8EA,0xF1CBE114,0x377370C7,0x8E2949B3,0x4891D860,0x516F3677,0x97D7A7A4,0x2E8D9ED0,0xE8350F03,
  0x64D55D75,0xA26DCCA6,0x1B37F5D2,0xDD8F6401,0xC4718A16,0x02C91BC5,0xBB9322B1,0x7D2BB362,0x871CBA9C,0x41A42B4F,0xF8FE123B,0x3E4683E8,0x27B86DFF,0xE100FC2C,0x585AC558,0x9EE2548B,
  0x2198FB8D,0xE7206A5E,0x5E7A532A,0x98C2C2F9,0x813C2CEE,0x4784BD3D,0xFEDE8449,0x3866159A,0xC2511C64,0x04E98DB7,0xBDB3B4C3,0x7B0B2510,0x62F5CB07,0xA44D5AD4,0x1D1763A0,0xDBAFF273,
  0x00000000,0x570CF5B0,0x8F99D2BC,0xD895270C,0xCAE762A3,0x9DEB9713,0x457EB01F,0x127245AF,0x1FD8936F,0x48D466DF,0x904141D3,0xC74DB463,0xD53FF1CC,0x8233047C,0x5AA62370,0x0DAAD6C0,
  0xF8B8E276,0xAFB417C6,0x772130CA,0x202DC57A,0x325F80D5,0x65537565,0xBDC65269,0xEACAA7D9,0xE7607119,0xB06C84A9,0x68F9A3A5,0x3FF55615,0x2D8713BA,0x7A8BE60A,0xA21EC106,0xF51234B6,
  0xE3A09718,0xB4AC62A8,0x6C3945A4,0x3B35B014,0x2947F5BB,0x7E4B000B,0xA6DE2707,0xF1D2D2B7,0xFC780477,0xAB74F1C7,0x73E1D6CB,0x24ED237B,0x369F66D4,0x61939364,0xB906B468,0xEE0A41D8,
  0x1B18756E,0x4C1480DE,0x9481A7D2,0xC38D5262,0xD1FF17CD,0x86F3E27D,0x5E66C571,0x096A30C1,0x04C0E601,0x53CC13B1,0x8B5934BD,0xDC55C10D,0xCE2784A2,0x992B7112,0x41BE561E,0x16B2A3AE,
  0x328ADFD9,0x65862A69,0xBD130D65,0xEA1FF8D5,0xF86DBD7A,0xAF6148CA,0x77F46FC6,0x20F89A76,0x2D524CB6,0x7A5EB906,0xA2CB9E0A,0xF5C76BBA,0xE7B52E15,0xB0B9DBA5,0x682CFCA9,0x3F200919,
  0xCA323DAF,0x9D3EC81F,0x45ABEF13,0x12A71AA3,0x00D55F0C,0x57D9AABC,0x8F4C8DB0,0xD8407800,0xD5EAAEC0,0x82E65B70,0x5A737C7C,0x0D7F89CC,0x1F0DCC63,0x480139D3,0x90941EDF,0xC798EB6F,
  0xD12A48C1,0x8626BD71,0x5EB39A7D,0x09BF6FCD,0x1BCD2A62,0x4CC1DFD2,0x9454F8DE,0xC3580D6E,0xCEF2DBAE,0x99FE2E1E,0x416B0912,0x1667FCA2,0x0415B90D,0x53194CBD,0x8B8C6BB1,0xDC809E01,
  0x2992AAB7,0x7E9E5F07,0xA60B780B,0xF1078DBB,0xE375C814,0xB4793DA4,0x6CEC1AA8,0x3BE0EF18,0x364A39D8,0x6146CC68,0xB9D3EB64,0xEEDF1ED4,0xFCAD5B7B,0xABA1AECB,0x733489C7,0x24387C77,
  0xB7A7FA4D,0xE0AB0FFD,0x383E28F1,0x6F32DD41,0x7D4098EE,0x2A4C6D5E,0xF2D94A52,0xA5D5BFE2,0xA87F6922,0xFF739C92,0x27E6BB9E,0x70EA4E2E,0x62980B81,0x3594FE31,0xED01D93D,0xBA0D2C8D,
  0x4F1F183B,0x1813ED8B,0xC086CA87,0x978A3F37,0x85F87A98,0xD2F48F28,0x0A61A824,0x5D6D5D94,0x50C78B54,0x07CB7EE4,0xDF5E59E8,0x8852AC58,0x9A20E9F7,0xCD2C1C47,0x15B93B4B,0x42B5CEFB,
  0x54076D55,0x030B98E5,0xDB9EBFE9,0x8C924A59,0x9EE00FF6,0xC9ECFA46,0x1179DD4A,0x467528FA,0x4BDFFE3A,0x1CD30B8A,0xC4462C86,0x934AD936,0x81389C99,0xD6346929,0x0EA14E25,0x59ADBB95,
  0xACBF8F23,0xFBB37A93,0x23265D9F,0x742AA82F,0x6658ED80,0x31541830,0xE9C13F3C,0xBECDCA8C,0xB3671C4C,0xE46BE9FC,0x3CFECEF0,0x6BF23B40,0x79807EEF,0x2E8C8B5F,0xF619AC53,0xA11559E3,
  0x852D2594,0xD221D024,0x0AB4F728,0x5DB80298,0x4FCA4737,0x18C6B287,0xC053958B,0x975F603B,0x9AF5B6FB,0xCDF9434B,0x156C6447,0x426091F7,0x5012D458,0x071E21E8,0xDF8B06E4,0x8887F354,
  0x7D95C7E2,0x2A993252,0xF20C155E,0xA500E0EE,0xB772A541,0xE07E50F1,0x38EB77FD,0x6FE7824D,0x624D548D,0x3541A13D,0xEDD48631,0xBAD87381,0xA8AA362E,0xFFA6C39E,0x2733E492,0x703F1122,
  0x668DB28C,0x3181473C,0xE9146030,0xBE189580,0xAC6AD02F,0xFB66259F,0x23F30293,0x74FFF723,0x795521E3,0x2E59D453,0xF6CCF35F,0xA1C006EF,0xB3B24340,0xE4BEB6F0,0x3C2B91FC,0x6B27644C,
  0x9E3550FA,0xC939A54A,0x11AC8246,0x46A077F6,0x54D23259,0x03DEC7E9,0xDB4BE0E5,0x8C471555,0x81EDC395,0xD6E13625,0x0E741129,0x5978E499,0x4B0AA136,0x1C065486,0xC493738A,0x939F863A,
  0x00000000,0xF615ECE0,0xACC78444,0x5AD268A4,0x10245110,0xE631BDF0,0xBCE3D554,0x4AF639B4,0xB3D9CC77,0x45CC2097,0x1F1E4833,0xE90BA4D3,0xA3FD9D67,0x55E87187,0x0F3A1923,0xF92FF5C3,
  0xA0DD64BF,0x56C8885F,0x0C1AE0FB,0xFA0F0C1B,0xB0F935AF,0x46ECD94F,0x1C3EB1EB,0xEA2B5D0B,0x1304A8C8,0xE5114428,0xBFC32C8C,0x49D6C06C,0x0320F9D8,0xF5351538,0xAFE77D9C,0x59F2917C,
  0x6E6993B7,0x987C7F57,0xC2AE17F3,0x34BBFB13,0x7E4DC2A7,0x88582E47,0xD28A46E3,0x249FAA03,0xDDB05FC0,0x2BA5B320,0x7177DB84,0x87623764,0xCD940ED0,0x3B81E230,0x61538A94,0x97466674,
  0xCEB4F708,0x38A11BE8,0x6273734C,0x94669FAC,0xDE90A618,0x28854AF8,0x7257225C,0x8442CEBC,0x7D6D3B7F,0x8B78D79F,0xD1AABF3B,0x27BF53DB,0x6D496A6F,0x9B5C868F,0xC18EEE2B,0x379B02CB,
  0x5498BF2B,0xA28D53CB,0xF85F3B6F,0x0E4AD78F,0x44BCEE3B,0xB2A902DB,0xE87B6A7F,0x1E6E869F,0xE741735C,0x11549FBC,0x4B86F718,0xBD931BF8,0xF765224C,0x0170CEAC,0x5BA2A608,0xADB74AE8,
  0xF445DB94,0x02503774,0x58825FD0,0xAE97B330,0xE4618A84,0x12746664,0x48A60EC0,0xBEB3E220,0x479C17E3,0xB189FB03,0xEB5B93A7,0x1D4E7F47,0x57B846F3,0xA1ADAA13,0xFB7FC2B7,0x0D6A2E57,
  0x3AF12C9C,0xCCE4C07C,0x9636A8D8,0x60234438,0x2AD57D8C,0xDCC0916C,0x8612F9C8,0x70071528,0x8928E0EB,0x7F3D0C0B,0x25EF64AF,0xD3FA884F,0x990CB1FB,0x6F195D1B,0x35CB35BF,0xC3DED95F,
  0x9A2C4823,0x6C39A4C3,0x36EBCC67,0xC0FE2087,0x8A081933,0x7C1DF5D3,0x26CF9D77,0xD0DA7197,0x29F58454,0xDFE068B4,0x85320010,0x7327ECF0,0x39D1D544,0xCFC439A4,0x95165100,0x6303BDE0,
  0x53DF2926,0xA5CAC5C6,0xFF18AD62,0x090D4182,0x43FB7836,0xB5EE94D6,0xEF3CFC72,0x19291092,0xE006E551,0x161309B1,0x4CC16115,0xBAD48DF5,0xF022B441,0x063758A1,0x5CE53005,0xAAF0DCE5,
  0xF3024D99,0x0517A179,0x5FC5C9DD,0xA9D0253D,0xE3261C89,0x1533F069,0x4FE198CD,0xB9F4742D,0x40DB81EE,0xB6CE6D0E,0xEC1C05AA,0x1A09E94A,0x50FFD0FE,0xA6EA3C1E,0xFC3854BA,0x0A2DB85A,
  0x3DB6BA91,0xCBA35671,0x91713ED5,0x6764D235,0x2D92EB81,0xDB870761,0x81556FC5,0x77408325,0x8E6F76E6,0x787A9A06,0x22A8F2A2,0xD4BD1E42,0x9E4B27F6,0x685ECB16,0x328CA3B2,0xC4994F52,
  0x9D6BDE2E,0x6B7E32CE,0x31AC5A6A,0xC7B9B68A,0x8D4F8F3E,0x7B5A63DE,0x21880B7A,0xD79DE79A,0x2EB21259,0xD8A7FEB9,0x8275961D,0x74607AFD,0x3E964349,0xC883AFA9,0x9251C70D,0x64442BED,
  0x0747960D,0xF1527AED,0xAB801249,0x5D95FEA9,0x1763C71D,0xE1762BFD,0xBBA44359,0x4DB1AFB9,0xB49E5A7A,0x428BB69A,0x1859DE3E,0xEE4C32DE,0xA4BA0B6A,0x52AFE78A,0x087D8F2E,0xFE6863CE,
  0xA79AF2B2,0x518F1E52,0x0B5D76F6,0xFD489A16,0xB7BEA3A2,0x41AB4F42,0x1B7927E6,0xED6CCB06,0x14433EC5,0xE256D225,0xB884BA81,0x4E915661,0x04676FD5,0xF2728335,0xA8A0EB91,0x5EB50771,
  0x692E05BA,0x9F3BE95A,0xC5E981FE,0x33FC6D1E,0x790A54AA,0x8F1FB84A,0xD5CDD0EE,0x23D83C0E,0xDAF7C9CD,0x2CE2252D,0x76304D89,0x8025A169,0xCAD398DD,0x3CC6743D,0x66141C99,0x9001F079,
  0xC9F36105,0x3FE68DE5,0x6534E541,0x932109A1,0xD9D73015,0x2FC2DCF5,0x7510B451,0x830558B1,0x7A2AAD72,0x8C3F4192,0xD6ED2936,0x20F8C5D6,0x6A0EFC62,0x9C1B1082,0xC6C97826,0x30DC94C6,
  0x00000000,0x0C3727F7,0x2E3D3C36,0x220A1BC1,0xB926D1D5,0xB511F622,0x971BEDE3,0x9B2CCA14,0xDD742A56,0xD1430DA1,0xF3491660,0xFF7E3197,0x6452FB83,0x6865DC74,0x4A6FC7B5,0x4658E042,
  0x01CDFB33,0x0DFADCC4,0x2FF0C705,0x23C7E0F2,0xB8EB2AE6,0xB4DC0D11,0x96D616D0,0x9AE13127,0xDCB9D165,0xD08EF692,0xF284ED53,0xFEB3CAA4,0x659F00B0,0x69A82747,0x4BA23C86,0x47951B71,
  0xD0F80E9B,0xDCCF296C,0xFEC532AD,0xF2F2155A,0x69DEDF4E,0x65E9F8B9,0x47E3E378,0x4BD4C48F,0x0D8C24CD,0x01BB033A,0x23B118FB,0x2F863F0C,0xB4AAF518,0xB89DD2EF,0x9A97C92E,0x96A0EED9,
  0xD135F5A8,0xDD02D25F,0xFF08C99E,0xF33FEE69,0x6813247D,0x6424038A,0x462E184B,0x4A193FBC,0x0C41DFFE,0x0076F809,0x227CE3C8,0x2E4BC43F,0xB5670E2B,0xB95029DC,0x9B5A321D,0x976D15EA,
  0xEACB7CC2,0xE6FC5B35,0xC4F640F4,0xC8C16703,0x53EDAD17,0x5FDA8AE0,0x7DD09121,0x71E7B6D6,0x37BF5694,0x3B887163,0x19826AA2,0x15B54D55,0x8E998741,0x82AEA0B6,0xA0A4BB77,0xAC939C80,
  0xEB0687F1,0xE731A006,0xC53BBBC7,0xC90C9C30,0x52205624,0x5E1771D3,0x7C1D6A12,0x702A4DE5,0x3672ADA7,0x3A458A50,0x184F9191,0x1478B666,0x8F547C72,0x83635B85,0xA1694044,0xAD5E67B3,
  0x3A337259,0x360455AE,0x140E4E6F,0x18396998,0x8315A38C,0x8F22847B,0xAD289FBA,0xA11FB84D,0xE747580F,0xEB707FF8,0xC97A6439,0xC54D43CE,0x5E6189DA,0x5256AE2D,0x705CB5EC,0x7C6B921B,
  0x3BFE896A,0x37C9AE9D,0x15C3B55C,0x19F492AB,0x82D858BF,0x8EEF7F48,0xACE56489,0xA0D2437E,0xE68AA33C,0xEABD84CB,0xC8B79F0A,0xC480B8FD,0x5FAC72E9,0x539B551E,0x71914EDF,0x7DA66928,
  0x5A963081,0x56A11776,0x74AB0CB7,0x789C2B40,0xE3B0E154,0xEF87C6A3,0xCD8DDD62,0xC1BAFA95,0x87E21AD7,0x8BD53D20,0xA9DF26E1,0xA5E80116,0x3EC4CB02,0x32F3ECF5,0x10F9F734,0x1CCED0C3,
  0x5B5BCBB2,0x576CEC45,0x7566F784,0x7951D073,0xE27D1A67,0xEE4A3D90,0xCC402651,0xC07701A6,0x862FE1E4,0x8A18C613,0xA812DDD2,0xA425FA25,0x3F093031,0x333E17C6,0x11340C07,0x1D032BF0,
  0x8A6E3E1A,0x865919ED,0xA453022C,0xA86425DB,0x3348EFCF,0x3F7FC838,0x1D75D3F9,0x1142F40E,0x571A144C,0x5B2D33BB,0x7927287A,0x75100F8D,0xEE3CC599,0xE20BE26E,0xC001F9AF,0xCC36DE58,
  0x8BA3C529,0x8794E2DE,0xA59EF91F,0xA9A9DEE8,0x328514FC,0x3EB2330B,0x1CB828CA,0x108F0F3D,0x56D7EF7F,0x5AE0C888,0x78EAD349,0x74DDF4BE,0xEFF13EAA,0xE3C6195D,0xC1CC029C,0xCDFB256B,
  0xB05D4C43,0xBC6A6BB4,0x9E607075,0x92575782,0x097B9D96,0x054CBA61,0x2746A1A0,0x2B718657,0x6D296615,0x611E41E2,0x43145A23,0x4F237DD4,0xD40FB7C0,0xD8389037,0xFA328BF6,0xF605AC01,
  0xB190B770,0xBDA79087,0x9FAD8B46,0x939AACB1,0x08B666A5,0x04814152,0x268B5A93,0x2ABC7D64,0x6CE49D26,0x60D3BAD1,0x42D9A110,0x4EEE86E7,0xD5C24CF3,0xD9F56B04,0xFBFF70C5,0xF7C85732,
  0x60A542D8,0x6C92652F,0x4E987EEE,0x42AF5919,0xD983930D,0xD5B4B4FA,0xF7BEAF3B,0xFB8988CC,0xBDD1688E,0xB1E64F79,0x93EC54B8,0x9FDB734F,0x04F7B95B,0x08C09EAC,0x2ACA856D,0x26FDA29A,
  0x6168B9EB,0x6D5F9E1C,0x4F5585DD,0x4362A22A,0xD84E683E,0xD4794FC9,0xF6735408,0xFA4473FF,0xBC1C93BD,0xB02BB44A,0x9221AF8B,0x9E16887C,0x053A4268,0x090D659F,0x2B077E5E,0x273059A9,
  0x00000000,0xA6732E61,0xE0D5637E,0x46A64D1F,0xA5B6687A,0x03C5461B,0x45630B04,0xE3102565,0xC3ACA485,0x65DF8AE4,0x2379C7FB,0x850AE99A,0x661ACCFF,0xC069E29E,0x86CFAF81,0x20BC81E0,
  0x053E257E,0xA34D0B1F,0xE5EB4600,0x43986861,0xA0884D04,0x06FB6365,0x405D2E7A,0xE62E001B,0xC69281FB,0x60E1AF9A,0x2647E285,0x8034CCE4,0x6324E981,0xC557C7E0,0x83F18AFF,0x2582A49E,
  0xA1D77136,0x07A45F57,0x41021248,0xE7713C29,0x0461194C,0xA212372D,0xE4B47A32,0x42C75453,0x627BD5B3,0xC408FBD2,0x82AEB6CD,0x24DD98AC,0xC7CDBDC9,0x61BE93A8,0x2718DEB7,0x816BF0D6,
  0xA4E95448,0x029A7A29,0x443C3736,0xE24F1957,0x015F3C32,0xA72C1253,0xE18A5F4C,0x47F9712D,0x6745F0CD,0xC136DEAC,0x879093B3,0x21E3BDD2,0xC2F398B7,0x6480B6D6,0x2226FBC9,0x8455D5A8,
  0xC18076A3,0x67F358C2,0x215515DD,0x87263BBC,0x64361ED9,0xC24530B8,0x84E37DA7,0x229053C6,0x022CD226,0xA45FFC47,0xE2F9B158,0x448A9F39,0xA79ABA5C,0x01E9943D,0x474FD922,0xE13CF743,
  0xC4BE53DD,0x62CD7DBC,0x246B30A3,0x82181EC2,0x61083BA7,0xC77B15C6,0x81DD58D9,0x27AE76B8,0x0712F758,0xA161D939,0xE7C79426,0x41B4BA47,0xA2A49F22,0x04D7B143,0x4271FC5C,0xE402D23D,
  0x60570795,0xC62429F4,0x808264EB,0x26F14A8A,0xC5E16FEF,0x6392418E,0x25340C91,0x834722F0,0xA3FBA310,0x05888D71,0x432EC06E,0xE55DEE0F,0x064DCB6A,0xA03EE50B,0xE698A814,0x40EB8675,
  0x656922EB,0xC31A0C8A,0x85BC4195,0x23CF6FF4,0xC0DF4A91,0x66AC64F0,0x200A29EF,0x8679078E,0xA6C5866E,0x00B6A80F,0x4610E510,0xE063CB71,0x0373EE14,0xA500C075,0xE3A68D6A,0x45D5A30B,
  0x73BE9B58,0xD5CDB539,0x936BF826,0x3518D647,0xD608F322,0x707BDD43,0x36DD905C,0x90AEBE3D,0xB0123FDD,0x166111BC,0x50C75CA3,0xF6B472C2,0x15A457A7,0xB3D779C6,0xF57134D9,0x53021AB8,
  0x7680BE26,0xD0F39047,0x9655DD58,0x3026F339,0xD336D65C,0x7545F83D,0x33E3B522,0x95909B43,0xB52C1AA3,0x135F34C2,0x55F979DD,0xF38A57BC,0x109A72D9,0xB6E95CB8,0xF04F11A7,0x563C3FC6,
  0xD269EA6E,0x741AC40F,0x32BC8910,0x94CFA771,0x77DF8214,0xD1ACAC75,0x970AE16A,0x3179CF0B,0x11C54EEB,0xB7B6608A,0xF1102D95,0x576303F4,0xB4732691,0x120008F0,0x54A645EF,0xF2D56B8E,
  0xD757CF10,0x7124E171,0x3782AC6E,0x91F1820F,0x72E1A76A,0xD492890B,0x9234C414,0x3447EA75,0x14FB6B95,0xB28845F4,0xF42E08EB,0x525D268A,0xB14D03EF,0x173E2D8E,0x51986091,0xF7EB4EF0,
  0xB23EEDFB,0x144DC39A,0x52EB8E85,0xF498A0E4,0x17888581,0xB1FBABE0,0xF75DE6FF,0x512EC89E,0x7192497E,0xD7E1671F,0x91472A00,0x37340461,0xD4242104,0x72570F65,0x34F1427A,0x92826C1B,
  0xB700C885,0x1173E6E4,0x57D5ABFB,0xF1A6859A,0x12B6A0FF,0xB4C58E9E,0xF263C381,0x5410EDE0,0x74AC6C00,0xD2DF4261,0x94790F7E,0x320A211F,0xD11A047A,0x77692A1B,0x31CF6704,0x97BC4965,
  0x13E99CCD,0xB59AB2AC,0xF33CFFB3,0x554FD1D2,0xB65FF4B7,0x102CDAD6,0x568A97C9,0xF0F9B9A8,0xD0453848,0x76361629,0x30905B36,0x96E37557,0x75F35032,0xD3807E53,0x9526334C,0x33551D2D,
  0x16D7B9B3,0xB0A497D2,0xF602DACD,0x5071F4AC,0xB361D1C9,0x1512FFA8,0x53B4B2B7,0xF5C79CD6,0xD57B1D36,0x73083357,0x35AE7E48,0x93DD5029,0x70CD754C,0xD6BE5B2D,0x90181632,0x366B3853,
  0x00000000,0x53FF1F4E,0x0E683D2F,0x5D972261,0xDAE44416,0x891B5B58,0xD48C7939,0x87736677,0x7A46A8F0,0x29B9B7BE,0x742E95DF,0x27D18A91,0xA0A2ECE6,0xF35DF3A8,0xAECAD1C9,0xFD35CE87,
  0x8F78713E,0xDC876E70,0x81104C11,0xD2EF535F,0x559C3528,0x06632A66,0x5BF40807,0x080B1749,0xF53ED9CE,0xA6C1C680,0xFB56E4E1,0xA8A9FBAF,0x2FDA9DD8,0x7C258296,0x21B2A0F7,0x724DBFB9,
  0xBF78F0CB,0xEC87EF85,0xB110CDE4,0xE2EFD2AA,0x659CB4DD,0x3663AB93,0x6BF489F2,0x380B96BC,0xC53E583B,0x96C14775,0xCB566514,0x98A97A5A,0x1FDA1C2D,0x4C250363,0x11B22102,0x424D3E4C,
  0x300081F5,0x63FF9EBB,0x3E68BCDA,0x6D97A394,0xEAE4C5E3,0xB91BDAAD,0xE48CF8CC,0xB773E782,0x4A462905,0x19B9364B,0x442E142A,0x17D10B64,0x90A26D13,0xC35D725D,0x9ECA503C,0xCD354F72,
  0x33EC101D,0x60130F53,0x3D842D32,0x6E7B327C,0xE908540B,0xBAF74B45,0xE7606924,0xB49F766A,0x49AAB8ED,0x1A55A7A3,0x47C285C2,0x143D9A8C,0x934EFCFB,0xC0B1E3B5,0x9D26C1D4,0xCED9DE9A,
  0xBC946123,0xEF6B7E6D,0xB2FC5C0C,0xE1034342,0x66702535,0x358F3A7B,0x6818181A,0x3BE70754,0xC6D2C9D3,0x952DD69D,0xC8BAF4FC,0x9B45EBB2,0x1C368DC5,0x4FC9928B,0x125EB0EA,0x41A1AFA4,
  0x8C94E0D6,0xDF6BFF98,0x82FCDDF9,0xD103C2B7,0x5670A4C0,0x058FBB8E,0x581899EF,0x0BE786A1,0xF6D24826,0xA52D5768,0xF8BA7509,0xAB456A47,0x2C360C30,0x7FC9137E,0x225E311F,0x71A12E51,
  0x03EC91E8,0x50138EA6,0x0D84ACC7,0x5E7BB389,0xD908D5FE,0x8AF7CAB0,0xD760E8D1,0x849FF79F,0x79AA3918,0x2A552656,0x77C20437,0x243D1B79,0xA34E7D0E,0xF0B16240,0xAD264021,0xFED95F6F,
  0xC8FBA103,0x9B04BE4D,0xC6939C2C,0x956C8362,0x121FE515,0x41E0FA5B,0x1C77D83A,0x4F88C774,0xB2BD09F3,0xE14216BD,0xBCD534DC,0xEF2A2B92,0x68594DE5,0x3BA652AB,0x663170CA,0x35CE6F84,
  0x4783D03D,0x147CCF73,0x49EBED12,0x1A14F25C,0x9D67942B,0xCE988B65,0x930FA904,0xC0F0B64A,0x3DC578CD,0x6E3A6783,0x33AD45E2,0x60525AAC,0xE7213CDB,0xB4DE2395,0xE94901F4,0xBAB61EBA,
  0x778351C8,0x247C4E86,0x79EB6CE7,0x2A1473A9,0xAD6715DE,0xFE980A90,0xA30F28F1,0xF0F037BF,0x0DC5F938,0x5E3AE676,0x03ADC417,0x5052DB59,0xD721BD2E,0x84DEA260,0xD9498001,0x8AB69F4F,
  0xF8FB20F6,0xAB043FB8,0xF6931DD9,0xA56C0297,0x221F64E0,0x71E07BAE,0x2C7759CF,0x7F884681,0x82BD8806,0xD1429748,0x8CD5B529,0xDF2AAA67,0x5859CC10,0x0BA6D35E,0x5631F13F,0x05CEEE71,
  0xFB17B11E,0xA8E8AE50,0xF57F8C31,0xA680937F,0x21F3F508,0x720CEA46,0x2F9BC827,0x7C64D769,0x815119EE,0xD2AE06A0,0x8F3924C1,0xDCC63B8F,0x5BB55DF8,0x084A42B6,0x55DD60D7,0x06227F99,
  0x746FC020,0x2790DF6E,0x7A07FD0F,0x29F8E241,0xAE8B8436,0xFD749B78,0xA0E3B919,0xF31CA657,0x0E2968D0,0x5DD6779E,0x004155FF,0x53BE4AB1,0xD4CD2CC6,0x87323388,0xDAA511E9,0x895A0EA7,
  0x446F41D5,0x17905E9B,0x4A077CFA,0x19F863B4,0x9E8B05C3,0xCD741A8D,0x90E338EC,0xC31C27A2,0x3E29E925,0x6DD6F66B,0x3041D40A,0x63BECB44,0xE4CDAD33,0xB732B27D,0xEAA5901C,0xB95A8F52,
  0xCB1730EB,0x98E82FA5,0xC57F0DC4,0x9680128A,0x11F374FD,0x420C6BB3,0x1F9B49D2,0x4C64569C,0xB151981B,0xE2AE8755,0xBF39A534,0xECC6BA7A,0x6BB5DC0D,0x384AC343,0x65DDE122,0x3622FE6C,
  0x00000000,0xF177016C,0x208547E2,0xD1F2468E,0x4E1C5614,0xBF6B5778,0x6E9911F6,0x9FEE109A,0x5EBC316D,0xAFCB3001,0x7E39768F,0x8F4E77E3,0x10A06779,0xE1D76615,0x3025209B,0xC15221F7,
  0xA7D5A548,0x56A2A424,0x8750E2AA,0x7627E3C6,0xE9C9F35C,0x18BEF230,0xC94CB4BE,0x383BB5D2,0xF9699425,0x081E9549,0xD9ECD3C7,0x289BD2AB,0xB775C231,0x4602C35D,0x97F085D3,0x668784BF,
  0x0AD7D12D,0xFBA0D041,0x2A5296CF,0xDB2597A3,0x44CB8739,0xB5BC8655,0x644EC0DB,0x9539C1B7,0x546BE040,0xA51CE12C,0x74EEA7A2,0x8599A6CE,0x1A77B654,0xEB00B738,0x3AF2F1B6,0xCB85F0DA,
  0xAD027465,0x5C757509,0x8D873387,0x7CF032EB,0xE31E2271,0x1269231D,0xC39B6593,0x32EC64FF,0xF3BE4508,0x02C94464,0xD33B02EA,0x224C0386,0xBDA2131C,0x4CD51270,0x9D2754FE,0x6C505592,
  0xF17EC0AD,0x0009C1C1,0xD1FB874F,0x208C8623,0xBF6296B9,0x4E1597D5,0x9FE7D15B,0x6E90D037,0xAFC2F1C0,0x5EB5F0AC,0x8F47B622,0x7E30B74E,0xE1DEA7D4,0x10A9A6B8,0xC15BE036,0x302CE15A,
  0x56AB65E5,0xA7DC6489,0x762E2207,0x8759236B,0x18B733F1,0xE9C0329D,0x38327413,0xC945757F,0x08175488,0xF96055E4,0x2892136A,0xD9E51206,0x460B029C,0xB77C03F0,0x668E457E,0x97F94412,
  0xFBA91180,0x0ADE10EC,0xDB2C5662,0x2A5B570E,0xB5B54794,0x44C246F8,0x95300076,0x6447011A,0xA51520ED,0x54622181,0x8590670F,0x74E76663,0xEB0976F9,0x1A7E7795,0xCB8C311B,0x3AFB3077,
  0x5C7CB4C8,0xAD0BB5A4,0x7CF9F32A,0x8D8EF246,0x1260E2DC,0xE317E3B0,0x32E5A53E,0xC392A452,0x02C085A5,0xF3B784C9,0x2245C247,0xD332C32B,0x4CDCD3B1,0xBDABD2DD,0x6C599453,0x9D2E953F,
  0xCE6500FE,0x3F120192,0xEEE0471C,0x1F974670,0x807956EA,0x710E5786,0xA0FC1108,0x518B1064,0x90D93193,0x61AE30FF,0xB05C7671,0x412B771D,0xDEC56787,0x2FB266EB,0xFE402065,0x0F372109,
  0x69B0A5B6,0x98C7A4DA,0x4935E254,0xB842E338,0x27ACF3A2,0xD6DBF2CE,0x0729B440,0xF65EB52C,0x370C94DB,0xC67B95B7,0x1789D339,0xE6FED255,0x7910C2CF,0x8867C3A3,0x5995852D,0xA8E28441,
  0xC4B2D1D3,0x35C5D0BF,0xE4379631,0x1540975D,0x8AAE87C7,0x7BD986AB,0xAA2BC025,0x5B5CC149,0x9A0EE0BE,0x6B79E1D2,0xBA8BA75C,0x4BFCA630,0xD412B6AA,0x2565B7C6,0xF497F148,0x05E0F024,
  0x6367749B,0x921075F7,0x43E23379,0xB2953215,0x2D7B228F,0xDC0C23E3,0x0DFE656D,0xFC896401,0x3DDB45F6,0xCCAC449A,0x1D5E0214,0xEC290378,0x73C713E2,0x82B0128E,0x53425400,0xA235556C,
  0x3F1BC053,0xCE6CC13F,0x1F9E87B1,0xEEE986DD,0x71079647,0x8070972B,0x5182D1A5,0xA0F5D0C9,0x61A7F13E,0x90D0F052,0x4122B6DC,0xB055B7B0,0x2FBBA72A,0xDECCA646,0x0F3EE0C8,0xFE49E1A4,
  0x98CE651B,0x69B96477,0xB84B22F9,0x493C2395,0xD6D2330F,0x27A53263,0xF65774ED,0x07207581,0xC6725476,0x3705551A,0xE6F71394,0x178012F8,0x886E0262,0x7919030E,0xA8EB4580,0x599C44EC,
  0x35CC117E,0xC4BB1012,0x1549569C,0xE43E57F0,0x7BD0476A,0x8AA74606,0x5B550088,0xAA2201E4,0x6B702013,0x9A07217F,0x4BF567F1,0xBA82669D,0x256C7607,0xD41B776B,0x05E931E5,0xF49E3089,
  0x9219B436,0x636EB55A,0xB29CF3D4,0x43EBF2B8,0xDC05E222,0x2D72E34E,0xFC80A5C0,0x0DF7A4AC,0xCCA5855B,0x3DD28437,0xEC20C2B9,0x1D57C3D5,0x82B9D34F,0x73CED223,0xA23C94AD,0x534B95C1,
  0x00000000,0x84EB300E,0xD0CD22FD,0x542612F3,0xADF93B43,0x29120B4D,0x7D3419BE,0xF9DF29B0,0x6A0271F8,0xEEE941F6,0xBACF5305,0x3E24630B,0xC7FB4ABB,0x43107AB5,0x17366846,0x93DD5848,
  0x4FF1B991,0xCB1A899F,0x9F3C9B6C,0x1BD7AB62,0xE20882D2,0x66E3B2DC,0x32C5A02F,0xB62E9021,0x25F3C869,0xA118F867,0xF53EEA94,0x71D5DA9A,0x880AF32A,0x0CE1C324,0x58C7D1D7,0xDC2CE1D9,
  0x2C52F28C,0xA8B9C282,0xFC9FD071,0x7874E07F,0x81ABC9CF,0x0540F9C1,0x5166EB32,0xD58DDB3C,0x46508374,0xC2BBB37A,0x969DA189,0x12769187,0xEBA9B837,0x6F428839,0x3B649ACA,0xBF8FAAC4,
  0x63A34B1D,0xE7487B13,0xB36E69E0,0x378559EE,0xCE5A705E,0x4AB14050,0x1E9752A3,0x9A7C62AD,0x09A13AE5,0x8D4A0AEB,0xD96C1818,0x5D872816,0xA45801A6,0x20B331A8,0x7495235B,0xF07E1355,
  0x01016234,0x85EA523A,0xD1CC40C9,0x552770C7,0xACF85977,0x28136979,0x7C357B8A,0xF8DE4B84,0x6B0313CC,0xEFE823C2,0xBBCE3131,0x3F25013F,0xC6FA288F,0x42111881,0x16370A72,0x92DC3A7C,
  0x4EF0DBA5,0xCA1BEBAB,0x9E3DF958,0x1AD6C956,0xE309E0E6,0x67E2D0E8,0x33C4C21B,0xB72FF215,0x24F2AA5D,0xA0199A53,0xF43F88A0,0x70D4B8AE,0x890B911E,0x0DE0A110,0x59C6B3E3,0xDD2D83ED,
  0x2D5390B8,0xA9B8A0B6,0xFD9EB245,0x7975824B,0x80AAABFB,0x04419BF5,0x50678906,0xD48CB908,0x4751E140,0xC3BAD14E,0x979CC3BD,0x1377F3B3,0xEAA8DA03,0x6E43EA0D,0x3A65F8FE,0xBE8EC8F0,
  0x62A22929,0xE6491927,0xB26F0BD4,0x36843BDA,0xCF5B126A,0x4BB02264,0x1F963097,0x9B7D0099,0x08A058D1,0x8C4B68DF,0xD86D7A2C,0x5C864A22,0xA5596392,0x21B2539C,0x7594416F,0xF17F7161,
  0x51C290D3,0xD529A0DD,0x810FB22E,0x05E48220,0xFC3BAB90,0x78D09B9E,0x2CF6896D,0xA81DB963,0x3BC0E12B,0xBF2BD125,0xEB0DC3D6,0x6FE6F3D8,0x9639DA68,0x12D2EA66,0x46F4F895,0xC21FC89B,
  0x1E332942,0x9AD8194C,0xCEFE0BBF,0x4A153BB1,0xB3CA1201,0x3721220F,0x630730FC,0xE7EC00F2,0x743158BA,0xF0DA68B4,0xA4FC7A47,0x20174A49,0xD9C863F9,0x5D2353F7,0x09054104,0x8DEE710A,
  0x7D90625F,0xF97B5251,0xAD5D40A2,0x29B670AC,0xD069591C,0x54826912,0x00A47BE1,0x844F4BEF,0x179213A7,0x937923A9,0xC75F315A,0x43B40154,0xBA6B28E4,0x3E8018EA,0x6AA60A19,0xEE4D3A17,
  0x3261DBCE,0xB68AEBC0,0xE2ACF933,0x6647C93D,0x9F98E08D,0x1B73D083,0x4F55C270,0xCBBEF27E,0x5863AA36,0xDC889A38,0x88AE88CB,0x0C45B8C5,0xF59A9175,0x7171A17B,0x2557B388,0xA1BC8386,
  0x50C3F2E7,0xD428C2E9,0x800ED01A,0x04E5E014,0xFD3AC9A4,0x79D1F9AA,0x2DF7EB59,0xA91CDB57,0x3AC1831F,0xBE2AB311,0xEA0CA1E2,0x6EE791EC,0x9738B85C,0x13D38852,0x47F59AA1,0xC31EAAAF,
  0x1F324B76,0x9BD97B78,0xCFFF698B,0x4B145985,0xB2CB7035,0x3620403B,0x620652C8,0xE6ED62C6,0x75303A8E,0xF1DB0A80,0xA5FD1873,0x2116287D,0xD8C901CD,0x5C2231C3,0x08042330,0x8CEF133E,
  0x7C91006B,0xF87A3065,0xAC5C2296,0x28B71298,0xD1683B28,0x55830B26,0x01A519D5,0x854E29DB,0x16937193,0x9278419D,0xC65E536E,0x42B56360,0xBB6A4AD0,0x3F817ADE,0x6BA7682D,0xEF4C5823,
  0x3360B9FA,0xB78B89F4,0xE3AD9B07,0x6746AB09,0x9E9982B9,0x1A72B2B7,0x4E54A044,0xCABF904A,0x5962C802,0xDD89F80C,0x89AFEAFF,0x0D44DAF1,0xF49BF341,0x7070C34F,0x2456D1BC,0xA0BDE1B2,
  0x00000000,0xA3D4C67E,0xD50F8353,0x76DB452D,0xD485C496,0x775102E8,0x018A47C5,0xA25E81BB,0x5F071537,0xFCD3D349,0x8A089664,0x29DC501A,0x8B82D1A1,0x285617DF,0x5E8D52F2,0xFD59948C,
  0x6AEFC8BC,0xC93B0EC2,0xBFE04BEF,0x1C348D91,0xBE6A0C2A,0x1DBECA54,0x6B658F79,0xC8B14907,0x35E8DD8B,0x963C1BF5,0xE0E75ED8,0x433398A6,0xE16D191D,0x42B9DF63,0x34629A4E,0x97B65C30,
  0x73C4C835,0xD0100E4B,0xA6CB4B66,0x051F8D18,0xA7410CA3,0x0495CADD,0x724E8FF0,0xD19A498E,0x2CC3DD02,0x8F171B7C,0xF9CC5E51,0x5A18982F,0xF8461994,0x5B92DFEA,0x2D499AC7,0x8E9D5CB9,
  0x192B0089,0xBAFFC6F7,0xCC2483DA,0x6FF045A4,0xCDAEC41F,0x6E7A0261,0x18A1474C,0xBB758132,0x462C15BE,0xE5F8D3C0,0x932396ED,0x30F75093,0x92A9D128,0x317D1756,0x47A6527B,0xE4729405,
  0x2B19340F,0x88CDF271,0xFE16B75C,0x5DC27122,0xFF9CF099,0x5C4836E7,0x2A9373CA,0x8947B5B4,0x741E2138,0xD7CAE746,0xA111A26B,0x02C56415,0xA09BE5AE,0x034F23D0,0x759466FD,0xD640A083,
  0x41F6FCB3,0xE2223ACD,0x94F97FE0,0x372DB99E,0x95733825,0x36A7FE5B,0x407CBB76,0xE3A87D08,0x1EF1E984,0xBD252FFA,0xCBFE6AD7,0x682AACA9,0xCA742D12,0x69A0EB6C,0x1F7BAE41,0xBCAF683F,
  0x58DDFC3A,0xFB093A44,0x8DD27F69,0x2E06B917,0x8C5838AC,0x2F8CFED2,0x5957BBFF,0xFA837D81,0x07DAE90D,0xA40E2F73,0xD2D56A5E,0x7101AC20,0xD35F2D9B,0x708BEBE5,0x0650AEC8,0xA58468B6,
  0x32323486,0x91E6F2F8,0xE73DB7D5,0x44E971AB,0xE6B7F010,0x4563366E,0x33B87343,0x906CB53D,0x6D3521B1,0xCEE1E7CF,0xB83AA2E2,0x1BEE649C,0xB9B0E527,0x1A642359,0x6CBF6674,0xCF6BA00A,
  0x396B508A,0x9ABF96F4,0xEC64D3D9,0x4FB015A7,0xEDEE941C,0x4E3A5262,0x38E1174F,0x9B35D131,0x666C45BD,0xC5B883C3,0xB363C6EE,0x10B70090,0xB2E9812B,0x113D4755,0x67E60278,0xC432C406,
  0x53849836,0xF0505E48,0x868B1B65,0x255FDD1B,0x87015CA0,0x24D59ADE,0x520EDFF3,0xF1DA198D,0x0C838D01,0xAF574B7F,0xD98C0E52,0x7A58C82C,0xD8064997,0x7BD28FE9,0x0D09CAC4,0xAEDD0CBA,
  0x4AAF98BF,0xE97B5EC1,0x9FA01BEC,0x3C74DD92,0x9E2A5C29,0x3DFE9A57,0x4B25DF7A,0xE8F11904,0x15A88D88,0xB67C4BF6,0xC0A70EDB,0x6373C8A5,0xC12D491E,0x62F98F60,0x1422CA4D,0xB7F60C33,
  0x20405003,0x8394967D,0xF54FD350,0x569B152E,0xF4C59495,0x571152EB,0x21CA17C6,0x821ED1B8,0x7F474534,0xDC93834A,0xAA48C667,0x099C0019,0xABC281A2,0x081647DC,0x7ECD02F1,0xDD19C48F,
  0x12726485,0xB1A6A2FB,0xC77DE7D6,0x64A921A8,0xC6F7A013,0x6523666D,0x13F82340,0xB02CE53E,0x4D7571B2,0xEEA1B7CC,0x987AF2E1,0x3BAE349F,0x99F0B524,0x3A24735A,0x4CFF3677,0xEF2BF009,
  0x789DAC39,0xDB496A47,0xAD922F6A,0x0E46E914,0xAC1868AF,0x0FCCAED1,0x7917EBFC,0xDAC32D82,0x279AB90E,0x844E7F70,0xF2953A5D,0x5141FC23,0xF31F7D98,0x50CBBBE6,0x2610FECB,0x85C438B5,
  0x61B6ACB0,0xC2626ACE,0xB4B92FE3,0x176DE99D,0xB5336826,0x16E7AE58,0x603CEB75,0xC3E82D0B,0x3EB1B987,0x9D657FF9,0xEBBE3AD4,0x486AFCAA,0xEA347D11,0x49E0BB6F,0x3F3BFE42,0x9CEF383C,
  0x0B59640C,0xA88DA272,0xDE56E75F,0x7D822121,0xDFDCA09A,0x7C0866E4,0x0AD323C9,0xA907E5B7,0x545E713B,0xF78AB745,0x8151F268,0x22853416,0x80DBB5AD,0x230F73D3,0x55D436FE,0xF600F080,
  0x00000000,0xBCFEFE30,0x2C72F9F4,0x908C07C4,0x279AB03A,0x9B644E0A,0x0BE849CE,0xB716B7FE,0xC0E0E0E4,0x7C1E1ED4,0xEC921910,0x506CE720,0xE77A50DE,0x5B84AEEE,0xCB08A92A,0x77F6571A,
  0x31059D38,0x8DFB6308,0x1D7764CC,0xA1899AFC,0x169F2D02,0xAA61D332,0x3AEDD4F6,0x86132AC6,0xF1E57DDC,0x4D1B83EC,0xDD978428,0x61697A18,0xD67FCDE6,0x6A8133D6,0xFA0D3412,0x46F3CA22,
  0xFFB18BD7,0x434F75E7,0xD3C37223,0x6F3D8C13,0xD82B3BED,0x64D5C5DD,0xF459C219,0x48A73C29,0x3F516B33,0x83AF9503,0x132392C7,0xAFDD6CF7,0x18CBDB09,0xA4352539,0x34B922FD,0x8847DCCD,
  0xCEB416EF,0x724AE8DF,0xE2C6EF1B,0x5E38112B,0xE92EA6D5,0x55D058E5,0xC55C5F21,0x79A2A111,0x0E54F60B,0xB2AA083B,0x22260FFF,0x9ED8F1CF,0x29CE4631,0x9530B801,0x05BCBFC5,0xB94241F5,
  0x5E2AC47E,0xE2D43A4E,0x72583D8A,0xCEA6C3BA,0x79B07444,0xC54E8A74,0x55C28DB0,0xE93C7380,0x9ECA249A,0x2234DAAA,0xB2B8DD6E,0x0E46235E,0xB95094A0,0x05AE6A90,0x95226D54,0x29DC9364,
  0x6F2F5946,0xD3D1A776,0x435DA0B2,0xFFA35E82,0x48B5E97C,0xF44B174C,0x64C71088,0xD839EEB8,0xAFCFB9A2,0x13314792,0x83BD4056,0x3F43BE66,0x88550998,0x34ABF7A8,0xA427F06C,0x18D90E5C,
  0xA19B4FA9,0x1D65B199,0x8DE9B65D,0x3117486D,0x8601FF93,0x3AFF01A3,0xAA730667,0x168DF857,0x617BAF4D,0xDD85517D,0x4D0956B9,0xF1F7A889,0x46E11F77,0xFA1FE147,0x6A93E683,0xD66D18B3,
  0x909ED291,0x2C602CA1,0xBCEC2B65,0x0012D555,0xB70462AB,0x0BFA9C9B,0x9B769B5F,0x2788656F,0x507E3275,0xEC80CC45,0x7C0CCB81,0xC0F235B1,0x77E4824F,0xCB1A7C7F,0x5B967BBB,0xE768858B,
  0x3816C052,0x84E83E62,0x146439A6,0xA89AC796,0x1F8C7068,0xA3728E58,0x33FE899C,0x8F0077AC,0xF8F620B6,0x4408DE86,0xD484D942,0x687A2772,0xDF6C908C,0x63926EBC,0xF31E6978,0x4FE09748,
  0x09135D6A,0xB5EDA35A,0x2561A49E,0x999F5AAE,0x2E89ED50,0x92771360,0x02FB14A4,0xBE05EA94,0xC9F3BD8E,0x750D43BE,0xE581447A,0x597FBA4A,0xEE690DB4,0x5297F384,0xC21BF440,0x7EE50A70,
  0xC7A74B85,0x7B59B5B5,0xEBD5B271,0x572B4C41,0xE03DFBBF,0x5CC3058F,0xCC4F024B,0x70B1FC7B,0x0747AB61,0xBBB95551,0x2B355295,0x97CBACA5,0x20DD1B5B,0x9C23E56B,0x0CAFE2AF,0xB0511C9F,
  0xF6A2D6BD,0x4A5C288D,0xDAD02F49,0x662ED179,0xD1386687,0x6DC698B7,0xFD4A9F73,0x41B46143,0x36423659,0x8ABCC869,0x1A30CFAD,0xA6CE319D,0x11D88663,0xAD267853,0x3DAA7F97,0x815481A7,
  0x663C042C,0xDAC2FA1C,0x4A4EFDD8,0xF6B003E8,0x41A6B416,0xFD584A26,0x6DD44DE2,0xD12AB3D2,0xA6DCE4C8,0x1A221AF8,0x8AAE1D3C,0x3650E30C,0x814654F2,0x3DB8AAC2,0xAD34AD06,0x11CA5336,
  0x57399914,0xEBC76724,0x7B4B60E0,0xC7B59ED0,0x70A3292E,0xCC5DD71E,0x5CD1D0DA,0xE02F2EEA,0x97D979F0,0x2B2787C0,0xBBAB8004,0x07557E34,0xB043C9CA,0x0CBD37FA,0x9C31303E,0x20CFCE0E,
  0x998D8FFB,0x257371CB,0xB5FF760F,0x0901883F,0xBE173FC1,0x02E9C1F1,0x9265C635,0x2E9B3805,0x596D6F1F,0xE593912F,0x751F96EB,0xC9E168DB,0x7EF7DF25,0xC2092115,0x528526D1,0xEE7BD8E1,
  0xA88812C3,0x1476ECF3,0x84FAEB37,0x38041507,0x8F12A2F9,0x33EC5CC9,0xA3605B0D,0x1F9EA53D,0x6868F227,0xD4960C17,0x441A0BD3,0xF8E4F5E3,0x4FF2421D,0xF30CBC2D,0x6380BBE9,0xDF7E45D9,
  0x00000000,0x5DE8EF3B,0x13399E92,0x4ED171A9,0x35ABF931,0x6843160A,0x269267A3,0x7B7A8898,0x93C50FD8,0xCE2DE0E3,0x80FC914A,0xDD147E71,0xA66EF6E9,0xFB8619D2,0xB557687B,0xE8BF8740,
  0x9E32FBFD,0xC3DA14C6,0x8D0B656F,0xD0E38A54,0xAB9902CC,0xF671EDF7,0xB8A09C5E,0xE5487365,0x0DF7F425,0x501F1B1E,0x1ECE6AB7,0x4326858C,0x385C0D14,0x65B4E22F,0x2B659386,0x768D7CBD,
  0x551C61FA,0x08F48EC1,0x4625FF68,0x1BCD1053,0x60B798CB,0x3D5F77F0,0x738E0659,0x2E66E962,0xC6D96E22,0x9B318119,0xD5E0F0B0,0x88081F8B,0xF3729713,0xAE9A7828,0xE04B0981,0xBDA3E6BA,
  0xCB2E9A07,0x96C6753C,0xD8170495,0x85FFEBAE,0xFE856336,0xA36D8C0D,0xEDBCFDA4,0xB054129F,0x58EB95DF,0x05037AE4,0x4BD20B4D,0x163AE476,0x6D406CEE,0x30A883D5,0x7E79F27C,0x23911D47,
  0xD8635442,0x858BBB79,0xCB5ACAD0,0x96B225EB,0xEDC8AD73,0xB0204248,0xFEF133E1,0xA319DCDA,0x4BA65B9A,0x164EB4A1,0x589FC508,0x05772A33,0x7E0DA2AB,0x23E54D90,0x6D343C39,0x30DCD302,
  0x4651AFBF,0x1BB94084,0x5568312D,0x0880DE16,0x73FA568E,0x2E12B9B5,0x60C3C81C,0x3D2B2727,0xD594A067,0x887C4F5C,0xC6AD3EF5,0x9B45D1CE,0xE03F5956,0xBDD7B66D,0xF306C7C4,0xAEEE28FF,
  0x8D7F35B8,0xD097DA83,0x9E46AB2A,0xC3AE4411,0xB8D4CC89,0xE53C23B2,0xABED521B,0xF605BD20,0x1EBA3A60,0x4352D55B,0x0D83A4F2,0x506B4BC9,0x2B11C351,0x76F92C6A,0x38285DC3,0x65C0B2F8,
  0x134DCE45,0x4EA5217E,0x007450D7,0x5D9CBFEC,0x26E63774,0x7B0ED84F,0x35DFA9E6,0x683746DD,0x8088C19D,0xDD602EA6,0x93B15F0F,0xCE59B034,0xB52338AC,0xE8CBD797,0xA61AA63E,0xFBF24905,
  0x1074A404,0x4D9C4B3F,0x034D3A96,0x5EA5D5AD,0x25DF5D35,0x7837B20E,0x36E6C3A7,0x6B0E2C9C,0x83B1ABDC,0xDE5944E7,0x9088354E,0xCD60DA75,0xB61A52ED,0xEBF2BDD6,0xA523CC7F,0xF8CB2344,
  0x8E465FF9,0xD3AEB0C2,0x9D7FC16B,0xC0972E50,0xBBEDA6C8,0xE60549F3,0xA8D4385A,0xF53CD761,0x1D835021,0x406BBF1A,0x0EBACEB3,0x53522188,0x2828A910,0x75C0462B,0x3B113782,0x66F9D8B9,
  0x4568C5FE,0x18802AC5,0x56515B6C,0x0BB9B457,0x70C33CCF,0x2D2BD3F4,0x63FAA25D,0x3E124D66,0xD6ADCA26,0x8B45251D,0xC59454B4,0x987CBB8F,0xE3063317,0xBEEEDC2C,0xF03FAD85,0xADD742BE,
  0xDB5A3E03,0x86B2D138,0xC863A091,0x958B4FAA,0xEEF1C732,0xB3192809,0xFDC859A0,0xA020B69B,0x489F31DB,0x1577DEE0,0x5BA6AF49,0x064E4072,0x7D34C8EA,0x20DC27D1,0x6E0D5678,0x33E5B943,
  0xC817F046,0x95FF1F7D,0xDB2E6ED4,0x86C681EF,0xFDBC0977,0xA054E64C,0xEE8597E5,0xB36D78DE,0x5BD2FF9E,0x063A10A5,0x48EB610C,0x15038E37,0x6E7906AF,0x3391E994,0x7D40983D,0x20A87706,
  0x56250BBB,0x0BCDE480,0x451C9529,0x18F47A12,0x638EF28A,0x3E661DB1,0x70B76C18,0x2D5F8323,0xC5E00463,0x9808EB58,0xD6D99AF1,0x8B3175CA,0xF04BFD52,0xADA31269,0xE37263C0,0xBE9A8CFB,
  0x9D0B91BC,0xC0E37E87,0x8E320F2E,0xD3DAE015,0xA8A0688D,0xF54887B6,0xBB99F61F,0xE6711924,0x0ECE9E64,0x5326715F,0x1DF700F6,0x401FEFCD,0x3B656755,0x668D886E,0x285CF9C7,0x75B416FC,
  0x03396A41,0x5ED1857A,0x1000F4D3,0x4DE81BE8,0x36929370,0x6B7A7C4B,0x25AB0DE2,0x7843E2D9,0x90FC6599,0xCD148AA2,0x83C5FB0B,0xDE2D1430,0xA5579CA8,0xF8BF7393,0xB66E023A,0xEB86ED01,
  0x00000000,0xD610DC94,0x5116BEB1,0x87066225,0xD338010A,0x0528DD9E,0x822EBFBB,0x543E632F,0x128ED4C4,0xC49E0850,0x43986A75,0x9588B6E1,0xC1B6D5CE,0x17A6095A,0x90A06B7F,0x46B0B7EB,
  0x7DC413D8,0xABD4CF4C,0x2CD2AD69,0xFAC271FD,0xAEFC12D2,0x78ECCE46,0xFFEAAC63,0x29FA70F7,0x6F4AC71C,0xB95A1B88,0x3E5C79AD,0xE84CA539,0xBC72C616,0x6A621A82,0xED6478A7,0x3B74A433,
  0x4F1CE06F,0x990C3CFB,0x1E0A5EDE,0xC81A824A,0x9C24E165,0x4A343DF1,0xCD325FD4,0x1B228340,0x5D9234AB,0x8B82E83F,0x0C848A1A,0xDA94568E,0x8EAA35A1,0x58BAE935,0xDFBC8B10,0x09AC5784,
  0x32D8F3B7,0xE4C82F23,0x63CE4D06,0xB5DE9192,0xE1E0F2BD,0x37F02E29,0xB0F64C0C,0x66E69098,0x20562773,0xF646FBE7,0x714099C2,0xA7504556,0xF36E2679,0x257EFAED,0xA27898C8,0x7468445C,
  0xD1787888,0x0768A41C,0x806EC639,0x567E1AAD,0x02407982,0xD450A516,0x5356C733,0x85461BA7,0xC3F6AC4C,0x15E670D8,0x92E012FD,0x44F0CE69,0x10CEAD46,0xC6DE71D2,0x41D813F7,0x97C8CF63,
  0xACBC6B50,0x7AACB7C4,0xFDAAD5E1,0x2BBA0975,0x7F846A5A,0xA994B6CE,0x2E92D4EB,0xF882087F,0xBE32BF94,0x68226300,0xEF240125,0x3934DDB1,0x6D0ABE9E,0xBB1A620A,0x3C1C002F,0xEA0CDCBB,
  0x9E6498E7,0x48744473,0xCF722656,0x1962FAC2,0x4D5C99ED,0x9B4C4579,0x1C4A275C,0xCA5AFBC8,0x8CEA4C23,0x5AFA90B7,0xDDFCF292,0x0BEC2E06,0x5FD24D29,0x89C291BD,0x0EC4F398,0xD8D42F0C,
  0xE3A08B3F,0x35B057AB,0xB2B6358E,0x64A6E91A,0x30988A35,0xE68856A1,0x618E3484,0xB79EE810,0xF12E5FFB,0x273E836F,0xA038E14A,0x76283DDE,0x22165EF1,0xF4068265,0x7300E040,0xA5103CD4,
  0x29EA94B0,0xFFFA4824,0x78FC2A01,0xAEECF695,0xFAD295BA,0x2CC2492E,0xABC42B0B,0x7DD4F79F,0x3B644074,0xED749CE0,0x6A72FEC5,0xBC622251,0xE85C417E,0x3E4C9DEA,0xB94AFFCF,0x6F5A235B,
  0x542E8768,0x823E5BFC,0x053839D9,0xD328E54D,0x87168662,0x51065AF6,0xD60038D3,0x0010E447,0x46A053AC,0x90B08F38,0x17B6ED1D,0xC1A63189,0x959852A6,0x43888E32,0xC48EEC17,0x129E3083,
  0x66F674DF,0xB0E6A84B,0x37E0CA6E,0xE1F016FA,0xB5CE75D5,0x63DEA941,0xE4D8CB64,0x32C817F0,0x7478A01B,0xA2687C8F,0x256E1EAA,0xF37EC23E,0xA740A111,0x71507D85,0xF6561FA0,0x2046C334,
  0x1B326707,0xCD22BB93,0x4A24D9B6,0x9C340522,0xC80A660D,0x1E1ABA99,0x991CD8BC,0x4F0C0428,0x09BCB3C3,0xDFAC6F57,0x58AA0D72,0x8EBAD1E6,0xDA84B2C9,0x0C946E5D,0x8B920C78,0x5D82D0EC,
  0xF892EC38,0x2E8230AC,0xA9845289,0x7F948E1D,0x2BAAED32,0xFDBA31A6,0x7ABC5383,0xACAC8F17,0xEA1C38FC,0x3C0CE468,0xBB0A864D,0x6D1A5AD9,0x392439F6,0xEF34E562,0x68328747,0xBE225BD3,
  0x8556FFE0,0x53462374,0xD4404151,0x02509DC5,0x566EFEEA,0x807E227E,0x0778405B,0xD1689CCF,0x97D82B24,0x41C8F7B0,0xC6CE9595,0x10DE4901,0x44E02A2E,0x92F0F6BA,0x15F6949F,0xC3E6480B,
  0xB78E0C57,0x619ED0C3,0xE698B2E6,0x30886E72,0x64B60D5D,0xB2A6D1C9,0x35A0B3EC,0xE3B06F78,0xA500D893,0x73100407,0xF4166622,0x2206BAB6,0x7638D999,0xA028050D,0x272E6728,0xF13EBBBC,
  0xCA4A1F8F,0x1C5AC31B,0x9B5CA13E,0x4D4C7DAA,0x19721E85,0xCF62C211,0x4864A034,0x9E747CA0,0xD8C4CB4B,0x0ED417DF,0x89D275FA,0x5FC2A96E,0x0BFCCA41,0xDDEC16D5,0x5AEA74F0,0x8CFAA864,
  0x00000000,0x95BCA644,0xDD636F8E,0x48DFC9CA,0x12AA7483,0x8716D2C7,0xCFC91B0D,0x5A75BD49,0x894ED71B,0x1CF2715F,0x542DB895,0xC1911ED1,0x9BE4A398,0x0E5805DC,0x4687CC16,0xD33B6A52,
  0xBC325C56,0x298EFA12,0x615133D8,0xF4ED959C,0xAE9828D5,0x3B248E91,0x73FB475B,0xE647E11F,0x357C8B4D,0xA0C02D09,0xE81FE4C3,0x7DA34287,0x27D6FFCE,0xB26A598A,0xFAB59040,0x6F093604,
  0xDB3B49AD,0x4E87EFE9,0x06582623,0x93E48067,0xC9913D2E,0x5C2D9B6A,0x14F252A0,0x814EF4E4,0x52759EB6,0xC7C938F2,0x8F16F138,0x1AAA577C,0x40DFEA35,0xD5634C71,0x9DBC85BB,0x080023FF,
  0x670915FB,0xF2B5B3BF,0xBA6A7A75,0x2FD6DC31,0x75A36178,0xE01FC73C,0xA8C00EF6,0x3D7CA8B2,0xEE47C2E0,0x7BFB64A4,0x3324AD6E,0xA6980B2A,0xFCEDB663,0x69511027,0x218ED9ED,0xB4327FA9,
  0x31B1274E,0xA40D810A,0xECD248C0,0x796EEE84,0x231B53CD,0xB6A7F589,0xFE783C43,0x6BC49A07,0xB8FFF055,0x2D435611,0x659C9FDB,0xF020399F,0xAA5584D6,0x3FE92292,0x7736EB58,0xE28A4D1C,
  0x8D837B18,0x183FDD5C,0x50E01496,0xC55CB2D2,0x9F290F9B,0x0A95A9DF,0x424A6015,0xD7F6C651,0x04CDAC03,0x91710A47,0xD9AEC38D,0x4C1265C9,0x1667D880,0x83DB7EC4,0xCB04B70E,0x5EB8114A,
  0xEA8A6EE3,0x7F36C8A7,0x37E9016D,0xA255A729,0xF8201A60,0x6D9CBC24,0x254375EE,0xB0FFD3AA,0x63C4B9F8,0xF6781FBC,0xBEA7D676,0x2B1B7032,0x716ECD7B,0xE4D26B3F,0xAC0DA2F5,0x39B104B1,
  0x56B832B5,0xC30494F1,0x8BDB5D3B,0x1E67FB7F,0x44124636,0xD1AEE072,0x997129B8,0x0CCD8FFC,0xDFF6E5AE,0x4A4A43EA,0x02958A20,0x97292C64,0xCD5C912D,0x58E03769,0x103FFEA3,0x858358E7,
  0x88D13C70,0x1D6D9A34,0x55B253FE,0xC00EF5BA,0x9A7B48F3,0x0FC7EEB7,0x4718277D,0xD2A48139,0x019FEB6B,0x94234D2F,0xDCFC84E5,0x494022A1,0x13359FE8,0x868939AC,0xCE56F066,0x5BEA5622,
  0x34E36026,0xA15FC662,0xE9800FA8,0x7C3CA9EC,0x264914A5,0xB3F5B2E1,0xFB2A7B2B,0x6E96DD6F,0xBDADB73D,0x28111179,0x60CED8B3,0xF5727EF7,0xAF07C3BE,0x3ABB65FA,0x7264AC30,0xE7D80A74,
  0x53EA75DD,0xC656D399,0x8E891A53,0x1B35BC17,0x4140015E,0xD4FCA71A,0x9C236ED0,0x099FC894,0xDAA4A2C6,0x4F180482,0x07C7CD48,0x927B6B0C,0xC80ED645,0x5DB27001,0x156DB9CB,0x80D11F8F,
  0xEFD8298B,0x7A648FCF,0x32BB4605,0xA707E041,0xFD725D08,0x68CEFB4C,0x20113286,0xB5AD94C2,0x6696FE90,0xF32A58D4,0xBBF5911E,0x2E49375A,0x743C8A13,0xE1802C57,0xA95FE59D,0x3CE343D9,
  0xB9601B3E,0x2CDCBD7A,0x640374B0,0xF1BFD2F4,0xABCA6FBD,0x3E76C9F9,0x76A90033,0xE315A677,0x302ECC25,0xA5926A61,0xED4DA3AB,0x78F105EF,0x2284B8A6,0xB7381EE2,0xFFE7D728,0x6A5B716C,
  0x05524768,0x90EEE12C,0xD83128E6,0x4D8D8EA2,0x17F833EB,0x824495AF,0xCA9B5C65,0x5F27FA21,0x8C1C9073,0x19A03637,0x517FFFFD,0xC4C359B9,0x9EB6E4F0,0x0B0A42B4,0x43D58B7E,0xD6692D3A,
  0x625B5293,0xF7E7F4D7,0xBF383D1D,0x2A849B59,0x70F12610,0xE54D8054,0xAD92499E,0x382EEFDA,0xEB158588,0x7EA923CC,0x3676EA06,0xA3CA4C42,0xF9BFF10B,0x6C03574F,0x24DC9E85,0xB16038C1,
  0xDE690EC5,0x4BD5A881,0x030A614B,0x96B6C70F,0xCCC37A46,0x597FDC02,0x11A015C8,0x841CB38C,0x5727D9DE,0xC29B7F9A,0x8A44B650,0x1FF81014,0x458DAD5D,0xD0310B19,0x98EEC2D3,0x0D526497,
  0x00000000,0x4B3F6445,0x3C37FF77,0x77089B32,0x72B65DFD,0x398939B8,0x4E81A28A,0x05BEC6CF,0xAEC18132,0xE5FEE577,0x92F67E45,0xD9C91A00,0xDC77DCCF,0x9748B88A,0xE04023B8,0xAB7F47FD,
  0xD82C407E,0x9313243B,0xE41BBF09,0xAF24DB4C,0xAA9A1D83,0xE1A579C6,0x96ADE2F4,0xDD9286B1,0x76EDC14C,0x3DD2A509,0x4ADA3E3B,0x01E55A7E,0x045B9CB1,0x4F64F8F4,0x386C63C6,0x73530783,
  0x69ABFD8B,0x229499CE,0x559C02FC,0x1EA366B9,0x1B1DA076,0x5022C433,0x272A5F01,0x6C153B44,0xC76A7CB9,0x8C5518FC,0xFB5D83CE,0xB062E78B,0xB5DC2144,0xFEE34501,0x89EBDE33,0xC2D4BA76,
  0xB187BDF5,0xFAB8D9B0,0x8DB04282,0xC68F26C7,0xC331E008,0x880E844D,0xFF061F7F,0xB4397B3A,0x1F463CC7,0x54795882,0x2371C3B0,0x684EA7F5,0x6DF0613A,0x26CF057F,0x51C79E4D,0x1AF8FA08,
  0x0568062B,0x4E57626E,0x395FF95C,0x72609D19,0x77DE5BD6,0x3CE13F93,0x4BE9A4A1,0x00D6C0E4,0xABA98719,0xE096E35C,0x979E786E,0xDCA11C2B,0xD91FDAE4,0x9220BEA1,0xE5282593,0xAE1741D6,
  0xDD444655,0x967B2210,0xE173B922,0xAA4CDD67,0xAFF21BA8,0xE4CD7FED,0x93C5E4DF,0xD8FA809A,0x7385C767,0x38BAA322,0x4FB23810,0x048D5C55,0x01339A9A,0x4A0CFEDF,0x3D0465ED,0x763B01A8,
  0x6CC3FBA0,0x27FC9FE5,0x50F404D7,0x1BCB6092,0x1E75A65D,0x554AC218,0x2242592A,0x697D3D6F,0xC2027A92,0x893D1ED7,0xFE3585E5,0xB50AE1A0,0xB0B4276F,0xFB8B432A,0x8C83D818,0xC7BCBC5D,
  0xB4EFBBDE,0xFFD0DF9B,0x88D844A9,0xC3E720EC,0xC659E623,0x8D668266,0xFA6E1954,0xB1517D11,0x1A2E3AEC,0x51115EA9,0x2619C59B,0x6D26A1DE,0x68986711,0x23A70354,0x54AF9866,0x1F90FC23,
  0x25B7186A,0x6E887C2F,0x1980E71D,0x52BF8358,0x57014597,0x1C3E21D2,0x6B36BAE0,0x2009DEA5,0x8B769958,0xC049FD1D,0xB741662F,0xFC7E026A,0xF9C0C4A5,0xB2FFA0E0,0xC5F73BD2,0x8EC85F97,
  0xFD9B5814,0xB6A43C51,0xC1ACA763,0x8A93C326,0x8F2D05E9,0xC41261AC,0xB31AFA9E,0xF8259EDB,0x535AD926,0x1865BD63,0x6F6D2651,0x24524214,0x21EC84DB,0x6AD3E09E,0x1DDB7BAC,0x56E41FE9,
  0x4C1CE5E1,0x072381A4,0x702B1A96,0x3B147ED3,0x3EAAB81C,0x7595DC59,0x029D476B,0x49A2232E,0xE2DD64D3,0xA9E20096,0xDEEA9BA4,0x95D5FFE1,0x906B392E,0xDB545D6B,0xAC5CC659,0xE763A21C,
  0x9430A59F,0xDF0FC1DA,0xA8075AE8,0xE3383EAD,0xE686F862,0xADB99C27,0xDAB10715,0x918E6350,0x3AF124AD,0x71CE40E8,0x06C6DBDA,0x4DF9BF9F,0x48477950,0x03781D15,0x74708627,0x3F4FE262,
  0x20DF1E41,0x6BE07A04,0x1CE8E136,0x57D78573,0x526943BC,0x195627F9,0x6E5EBCCB,0x2561D88E,0x8E1E9F73,0xC521FB36,0xB2296004,0xF9160441,0xFCA8C28E,0xB797A6CB,0xC09F3DF9,0x8BA059BC,
  0xF8F35E3F,0xB3CC3A7A,0xC4C4A148,0x8FFBC50D,0x8A4503C2,0xC17A6787,0xB672FCB5,0xFD4D98F0,0x5632DF0D,0x1D0DBB48,0x6A05207A,0x213A443F,0x248482F0,0x6FBBE6B5,0x18B37D87,0x538C19C2,
  0x4974E3CA,0x024B878F,0x75431CBD,0x3E7C78F8,0x3BC2BE37,0x70FDDA72,0x07F54140,0x4CCA2505,0xE7B562F8,0xAC8A06BD,0xDB829D8F,0x90BDF9CA,0x95033F05,0xDE3C5B40,0xA934C072,0xE20BA437,
  0x9158A3B4,0xDA67C7F1,0xAD6F5CC3,0xE6503886,0xE3EEFE49,0xA8D19A0C,0xDFD9013E,0x94E6657B,0x3F992286,0x74A646C3,0x03AEDDF1,0x4891B9B4,0x4D2F7F7B,0x06101B3E,0x7118800C,0x3A27E449,
  0x00000000,0xFE431425,0x2FF27448,0xD1B1606D,0x7C577EE0,0x82146AC5,0x53A50AA8,0xADE61E8D,0x7E5DE3D3,0x801EF7F6,0x51AF979B,0xAFEC83BE,0x020A9D33,0xFC498916,0x2DF8E97B,0xD3BBFD5E,
  0xDFE6C59B,0x21A5D1BE,0xF014B1D3,0x0E57A5F6,0xA3B1BB7B,0x5DF2AF5E,0x8C43CF33,0x7200DB16,0xA1BB2648,0x5FF8326D,0x8E495200,0x700A4625,0xDDEC58A8,0x23AF4C8D,0xF21E2CE0,0x0C5D38C5,
  0xD4FF57DF,0x2ABC43FA,0xFB0D2397,0x054E37B2,0xA8A8293F,0x56EB3D1A,0x875A5D77,0x79194952,0xAAA2B40C,0x54E1A029,0x8550C044,0x7B13D461,0xD6F5CAEC,0x28B6DEC9,0xF907BEA4,0x0744AA81,
  0x0B199244,0xF55A8661,0x24EBE60C,0xDAA8F229,0x774EECA4,0x890DF881,0x58BC98EC,0xA6FF8CC9,0x75447197,0x8B0765B2,0x5AB605DF,0xA4F511FA,0x09130F77,0xF7501B52,0x26E17B3F,0xD8A26F1A,
  0x4A79E2FF,0xB43AF6DA,0x658B96B7,0x9BC88292,0x362E9C1F,0xC86D883A,0x19DCE857,0xE79FFC72,0x3424012C,0xCA671509,0x1BD67564,0xE5956141,0x48737FCC,0xB6306BE9,0x67810B84,0x99C21FA1,
  0x959F2764,0x6BDC3341,0xBA6D532C,0x442E4709,0xE9C85984,0x178B4DA1,0xC63A2DCC,0x387939E9,0xEBC2C4B7,0x1581D092,0xC430B0FF,0x3A73A4DA,0x9795BA57,0x69D6AE72,0xB867CE1F,0x4624DA3A,
  0x9E86B520,0x60C5A105,0xB174C168,0x4F37D54D,0xE2D1CBC0,0x1C92DFE5,0xCD23BF88,0x3360ABAD,0xE0DB56F3,0x1E9842D6,0xCF2922BB,0x316A369E,0x9C8C2813,0x62CF3C36,0xB37E5C5B,0x4D3D487E,
  0x416070BB,0xBF23649E,0x6E9204F3,0x90D110D6,0x3D370E5B,0xC3741A7E,0x12C57A13,0xEC866E36,0x3F3D9368,0xC17E874D,0x10CFE720,0xEE8CF305,0x436AED88,0xBD29F9AD,0x6C9899C0,0x92DB8DE5,
  0x29935963,0xD7D04D46,0x06612D2B,0xF822390E,0x55C42783,0xAB8733A6,0x7A3653CB,0x847547EE,0x57CEBAB0,0xA98DAE95,0x783CCEF8,0x867FDADD,0x2B99C450,0xD5DAD075,0x046BB018,0xFA28A43D,
  0xF6759CF8,0x083688DD,0xD987E8B0,0x27C4FC95,0x8A22E218,0x7461F63D,0xA5D09650,0x5B938275,0x88287F2B,0x766B6B0E,0xA7DA0B63,0x59991F46,0xF47F01CB,0x0A3C15EE,0xDB8D7583,0x25CE61A6,
  0xFD6C0EBC,0x032F1A99,0xD29E7AF4,0x2CDD6ED1,0x813B705C,0x7F786479,0xAEC90414,0x508A1031,0x8331ED6F,0x7D72F94A,0xACC39927,0x52808D02,0xFF66938F,0x012587AA,0xD094E7C7,0x2ED7F3E2,
  0x228ACB27,0xDCC9DF02,0x0D78BF6F,0xF33BAB4A,0x5EDDB5C7,0xA09EA1E2,0x712FC18F,0x8F6CD5AA,0x5CD728F4,0xA2943CD1,0x73255CBC,0x8D664899,0x20805614,0xDEC34231,0x0F72225C,0xF1313679,
  0x63EABB9C,0x9DA9AFB9,0x4C18CFD4,0xB25BDBF1,0x1FBDC57C,0xE1FED159,0x304FB134,0xCE0CA511,0x1DB7584F,0xE3F44C6A,0x32452C07,0xCC063822,0x61E026AF,0x9FA3328A,0x4E1252E7,0xB05146C2,
  0xBC0C7E07,0x424F6A22,0x93FE0A4F,0x6DBD1E6A,0xC05B00E7,0x3E1814C2,0xEFA974AF,0x11EA608A,0xC2519DD4,0x3C1289F1,0xEDA3E99C,0x13E0FDB9,0xBE06E334,0x4045F711,0x91F4977C,0x6FB78359,
  0xB715EC43,0x4956F866,0x98E7980B,0x66A48C2E,0xCB4292A3,0x35018686,0xE4B0E6EB,0x1AF3F2CE,0xC9480F90,0x370B1BB5,0xE6BA7BD8,0x18F96FFD,0xB51F7170,0x4B5C6555,0x9AED0538,0x64AE111D,
  0x68F329D8,0x96B03DFD,0x47015D90,0xB94249B5,0x14A45738,0xEAE7431D,0x3B562370,0xC5153755,0x16AECA0B,0xE8EDDE2E,0x395CBE43,0xC71FAA66,0x6AF9B4EB,0x94BAA0CE,0x450BC0A3,0xBB48D486,
  0x00000000,0x6E901D7C,0x671E2382,0x098E3EFE,0xE0F9B519,0x8E69A865,0x87E7969B,0xE9778BE7,0xEE72E201,0x80E2FF7D,0x896CC183,0xE7FCDCFF,0x0E8B5718,0x601B4A64,0x6995749A,0x070569E6,
  0x42C7219B,0x2C573CE7,0x25D90219,0x4B491F65,0xA23E9482,0xCCAE89FE,0xC520B700,0xABB0AA7C,0xACB5C39A,0xC225DEE6,0xCBABE018,0xA53BFD64,0x4C4C7683,0x22DC6BFF,0x2B525501,0x45C2487D,
  0x1EFCF239,0x706CEF45,0x79E2D1BB,0x1772CCC7,0xFE054720,0x90955A5C,0x991B64A2,0xF78B79DE,0xF08E1038,0x9E1E0D44,0x979033BA,0xF9002EC6,0x1077A521,0x7EE7B85D,0x776986A3,0x19F99BDF,
  0x5C3BD3A2,0x32ABCEDE,0x3B25F020,0x55B5ED5C,0xBCC266BB,0xD2527BC7,0xDBDC4539,0xB54C5845,0xB24931A3,0xDCD92CDF,0xD5571221,0xBBC70F5D,0x52B084BA,0x3C2099C6,0x35AEA738,0x5B3EBA44,
  0x98CDB898,0xF65DA5E4,0xFFD39B1A,0x91438666,0x78340D81,0x16A410FD,0x1F2A2E03,0x71BA337F,0x76BF5A99,0x182F47E5,0x11A1791B,0x7F316467,0x9646EF80,0xF8D6F2FC,0xF158CC02,0x9FC8D17E,
  0xDA0A9903,0xB49A847F,0xBD14BA81,0xD384A7FD,0x3AF32C1A,0x54633166,0x5DED0F98,0x337D12E4,0x34787B02,0x5AE8667E,0x53665880,0x3DF645FC,0xD481CE1B,0xBA11D367,0xB39FED99,0xDD0FF0E5,
  0x86314AA1,0xE8A157DD,0xE12F6923,0x8FBF745F,0x66C8FFB8,0x0858E2C4,0x01D6DC3A,0x6F46C146,0x6843A8A0,0x06D3B5DC,0x0F5D8B22,0x61CD965E,0x88BA1DB9,0xE62A00C5,0xEFA43E3B,0x81342347,
  0xC4F66B3A,0xAA667646,0xA3E848B8,0xCD7855C4,0x240FDE23,0x4A9FC35F,0x4311FDA1,0x2D81E0DD,0x2A84893B,0x44149447,0x4D9AAAB9,0x230AB7C5,0xCA7D3C22,0xA4ED215E,0xAD631FA0,0xC3F302DC,
  0xF270F470,0x9CE0E90C,0x956ED7F2,0xFBFECA8E,0x12894169,0x7C195C15,0x759762EB,0x1B077F97,0x1C021671,0x72920B0D,0x7B1C35F3,0x158C288F,0xFCFBA368,0x926BBE14,0x9BE580EA,0xF5759D96,
  0xB0B7D5EB,0xDE27C897,0xD7A9F669,0xB939EB15,0x504E60F2,0x3EDE7D8E,0x37504370,0x59C05E0C,0x5EC537EA,0x30552A96,0x39DB1468,0x574B0914,0xBE3C82F3,0xD0AC9F8F,0xD922A171,0xB7B2BC0D,
  0xEC8C0649,0x821C1B35,0x8B9225CB,0xE50238B7,0x0C75B350,0x62E5AE2C,0x6B6B90D2,0x05FB8DAE,0x02FEE448,0x6C6EF934,0x65E0C7CA,0x0B70DAB6,0xE2075151,0x8C974C2D,0x851972D3,0xEB896FAF,
  0xAE4B27D2,0xC0DB3AAE,0xC9550450,0xA7C5192C,0x4EB292CB,0x20228FB7,0x29ACB149,0x473CAC35,0x4039C5D3,0x2EA9D8AF,0x2727E651,0x49B7FB2D,0xA0C070CA,0xCE506DB6,0xC7DE5348,0xA94E4E34,
  0x6ABD4CE8,0x042D5194,0x0DA36F6A,0x63337216,0x8A44F9F1,0xE4D4E48D,0xED5ADA73,0x83CAC70F,0x84CFAEE9,0xEA5FB395,0xE3D18D6B,0x8D419017,0x64361BF0,0x0AA6068C,0x03283872,0x6DB8250E,
  0x287A6D73,0x46EA700F,0x4F644EF1,0x21F4538D,0xC883D86A,0xA613C516,0xAF9DFBE8,0xC10DE694,0xC6088F72,0xA898920E,0xA116ACF0,0xCF86B18C,0x26F13A6B,0x48612717,0x41EF19E9,0x2F7F0495,
  0x7441BED1,0x1AD1A3AD,0x135F9D53,0x7DCF802F,0x94B80BC8,0xFA2816B4,0xF3A6284A,0x9D363536,0x9A335CD0,0xF4A341AC,0xFD2D7F52,0x93BD622E,0x7ACAE9C9,0x145AF4B5,0x1DD4CA4B,0x7344D737,
  0x36869F4A,0x58168236,0x5198BCC8,0x3F08A1B4,0xD67F2A53,0xB8EF372F,0xB16109D1,0xDFF114AD,0xD8F47D4B,0xB6646037,0xBFEA5EC9,0xD17A43B5,0x380DC852,0x569DD52E,0x5F13EBD0,0x3183F6AC,
  0x00000000,0x40F0F08A,0x45175106,0x05E7A18C,0x1C0059A6,0x5CF0A92C,0x591708A0,0x19E7F82A,0x6F291605,0x2FD9E68F,0x2A3E4703,0x6ACEB789,0x73294FA3,0x33D9BF29,0x363E1EA5,0x76CEEE2F,
  0x783C4244,0x38CCB2CE,0x3D2B1342,0x7DDBE3C8,0x643C1BE2,0x24CCEB68,0x212B4AE4,0x61DBBA6E,0x17155441,0x57E5A4CB,0x52020547,0x12F2F5CD,0x0B150DE7,0x4BE5FD6D,0x4E025CE1,0x0EF2AC6B,
  0xACDFB4C3,0xEC2F4449,0xE9C8E5C5,0xA938154F,0xB0DFED65,0xF02F1DEF,0xF5C8BC63,0xB5384CE9,0xC3F6A2C6,0x8306524C,0x86E1F3C0,0xC611034A,0xDFF6FB60,0x9F060BEA,0x9AE1AA66,0xDA115AEC,
  0xD4E3F687,0x9413060D,0x91F4A781,0xD104570B,0xC8E3AF21,0x88135FAB,0x8DF4FE27,0xCD040EAD,0xBBCAE082,0xFB3A1008,0xFEDDB184,0xBE2D410E,0xA7CAB924,0xE73A49AE,0xE2DDE822,0xA22D18A8,
  0x13A5A46E,0x535554E4,0x56B2F568,0x164205E2,0x0FA5FDC8,0x4F550D42,0x4AB2ACCE,0x0A425C44,0x7C8CB26B,0x3C7C42E1,0x399BE36D,0x796B13E7,0x608CEBCD,0x207C1B47,0x259BBACB,0x656B4A41,
  0x6B99E62A,0x2B6916A0,0x2E8EB72C,0x6E7E47A6,0x7799BF8C,0x37694F06,0x328EEE8A,0x727E1E00,0x04B0F02F,0x444000A5,0x41A7A129,0x015751A3,0x18B0A989,0x58405903,0x5DA7F88F,0x1D570805,
  0xBF7A10AD,0xFF8AE027,0xFA6D41AB,0xBA9DB121,0xA37A490B,0xE38AB981,0xE66D180D,0xA69DE887,0xD05306A8,0x90A3F622,0x954457AE,0xD5B4A724,0xCC535F0E,0x8CA3AF84,0x89440E08,0xC9B4FE82,
  0xC74652E9,0x87B6A263,0x825103EF,0xC2A1F365,0xDB460B4F,0x9BB6FBC5,0x9E515A49,0xDEA1AAC3,0xA86F44EC,0xE89FB466,0xED7815EA,0xAD88E560,0xB46F1D4A,0xF49FEDC0,0xF1784C4C,0xB188BCC6,
  0xFCCF4D59,0xBC3FBDD3,0xB9D81C5F,0xF928ECD5,0xE0CF14FF,0xA03FE475,0xA5D845F9,0xE528B573,0x93E65B5C,0xD316ABD6,0xD6F10A5A,0x9601FAD0,0x8FE602FA,0xCF16F270,0xCAF153FC,0x8A01A376,
  0x84F30F1D,0xC403FF97,0xC1E45E1B,0x8114AE91,0x98F356BB,0xD803A631,0xDDE407BD,0x9D14F737,0xEBDA1918,0xAB2AE992,0xAECD481E,0xEE3DB894,0xF7DA40BE,0xB72AB034,0xB2CD11B8,0xF23DE132,
  0x5010F99A,0x10E00910,0x1507A89C,0x55F75816,0x4C10A03C,0x0CE050B6,0x0907F13A,0x49F701B0,0x3F39EF9F,0x7FC91F15,0x7A2EBE99,0x3ADE4E13,0x2339B639,0x63C946B3,0x662EE73F,0x26DE17B5,
  0x282CBBDE,0x68DC4B54,0x6D3BEAD8,0x2DCB1A52,0x342CE278,0x74DC12F2,0x713BB37E,0x31CB43F4,0x4705ADDB,0x07F55D51,0x0212FCDD,0x42E20C57,0x5B05F47D,0x1BF504F7,0x1E12A57B,0x5EE255F1,
  0xEF6AE937,0xAF9A19BD,0xAA7DB831,0xEA8D48BB,0xF36AB091,0xB39A401B,0xB67DE197,0xF68D111D,0x8043FF32,0xC0B30FB8,0xC554AE34,0x85A45EBE,0x9C43A694,0xDCB3561E,0xD954F792,0x99A40718,
  0x9756AB73,0xD7A65BF9,0xD241FA75,0x92B10AFF,0x8B56F2D5,0xCBA6025F,0xCE41A3D3,0x8EB15359,0xF87FBD76,0xB88F4DFC,0xBD68EC70,0xFD981CFA,0xE47FE4D0,0xA48F145A,0xA168B5D6,0xE198455C,
  0x43B55DF4,0x0345AD7E,0x06A20CF2,0x4652FC78,0x5FB50452,0x1F45F4D8,0x1AA25554,0x5A52A5DE,0x2C9C4BF1,0x6C6CBB7B,0x698B1AF7,0x297BEA7D,0x309C1257,0x706CE2DD,0x758B4351,0x357BB3DB,
  0x3B891FB0,0x7B79EF3A,0x7E9E4EB6,0x3E6EBE3C,0x27894616,0x6779B69C,0x629E1710,0x226EE79A,0x54A009B5,0x1450F93F,0x11B758B3,0x5147A839,0x48A05013,0x0850A099,0x0DB70115,0x4D47F19F,
  0x00000000,0x479142F4,0x77A59CF2,0x3034DE06,0x194E446E,0x5EDF069A,0x6EEBD89C,0x297A9A68,0xCFB16FEE,0x88202D1A,0xB814F31C,0xFF85B1E8,0xD6FF2B80,0x916E6974,0xA15AB772,0xE6CBF586,
  0xF8AF3612,0xBF3E74E6,0x8F0AAAE0,0xC89BE814,0xE1E1727C,0xA6703088,0x9644EE8E,0xD1D5AC7A,0x371E59FC,0x708F1B08,0x40BBC50E,0x072A87FA,0x2E501D92,0x69C15F66,0x59F58160,0x1E64C394,
  0x81A4554F,0xC63517BB,0xF601C9BD,0xB1908B49,0x98EA1121,0xDF7B53D5,0xEF4F8DD3,0xA8DECF27,0x4E153AA1,0x09847855,0x39B0A653,0x7E21E4A7,0x575B7ECF,0x10CA3C3B,0x20FEE23D,0x676FA0C9,
  0x790B635D,0x3E9A21A9,0x0EAEFFAF,0x493FBD5B,0x60452733,0x27D465C7,0x17E0BBC1,0x5071F935,0xB6BA0CB3,0xF12B4E47,0xC11F9041,0x868ED2B5,0xAFF448DD,0xE8650A29,0xD851D42F,0x9FC096DB,
  0x865B1A49,0xC1CA58BD,0xF1FE86BB,0xB66FC44F,0x9F155E27,0xD8841CD3,0xE8B0C2D5,0xAF218021,0x49EA75A7,0x0E7B3753,0x3E4FE955,0x79DEABA1,0x50A431C9,0x1735733D,0x2701AD3B,0x6090EFCF,
  0x7EF42C5B,0x39656EAF,0x0951B0A9,0x4EC0F25D,0x67BA6835,0x202B2AC1,0x101FF4C7,0x578EB633,0xB14543B5,0xF6D40141,0xC6E0DF47,0x81719DB3,0xA80B07DB,0xEF9A452F,0xDFAE9B29,0x983FD9DD,
  0x07FF4F06,0x406E0DF2,0x705AD3F4,0x37CB9100,0x1EB10B68,0x5920499C,0x6914979A,0x2E85D56E,0xC84E20E8,0x8FDF621C,0xBFEBBC1A,0xF87AFEEE,0xD1006486,0x96912672,0xA6A5F874,0xE134BA80,
  0xFF507914,0xB8C13BE0,0x88F5E5E6,0xCF64A712,0xE61E3D7A,0xA18F7F8E,0x91BBA188,0xD62AE37C,0x30E116FA,0x7770540E,0x47448A08,0x00D5C8FC,0x29AF5294,0x6E3E1060,0x5E0ACE66,0x199B8C92,
  0x8BA0675F,0xCC3125AB,0xFC05FBAD,0xBB94B959,0x92EE2331,0xD57F61C5,0xE54BBFC3,0xA2DAFD37,0x441108B1,0x03804A45,0x33B49443,0x7425D6B7,0x5D5F4CDF,0x1ACE0E2B,0x2AFAD02D,0x6D6B92D9,
  0x730F514D,0x349E13B9,0x04AACDBF,0x433B8F4B,0x6A411523,0x2DD057D7,0x1DE489D1,0x5A75CB25,0xBCBE3EA3,0xFB2F7C57,0xCB1BA251,0x8C8AE0A5,0xA5F07ACD,0xE2613839,0xD255E63F,0x95C4A4CB,
  0x0A043210,0x4D9570E4,0x7DA1AEE2,0x3A30EC16,0x134A767E,0x54DB348A,0x64EFEA8C,0x237EA878,0xC5B55DFE,0x82241F0A,0xB210C10C,0xF58183F8,0xDCFB1990,0x9B6A5B64,0xAB5E8562,0xECCFC796,
  0xF2AB0402,0xB53A46F6,0x850E98F0,0xC29FDA04,0xEBE5406C,0xAC740298,0x9C40DC9E,0xDBD19E6A,0x3D1A6BEC,0x7A8B2918,0x4ABFF71E,0x0D2EB5EA,0x24542F82,0x63C56D76,0x53F1B370,0x1460F184,
  0x0DFB7D16,0x4A6A3FE2,0x7A5EE1E4,0x3DCFA310,0x14B53978,0x53247B8C,0x6310A58A,0x2481E77E,0xC24A12F8,0x85DB500C,0xB5EF8E0A,0xF27ECCFE,0xDB045696,0x9C951462,0xACA1CA64,0xEB308890,
  0xF5544B04,0xB2C509F0,0x82F1D7F6,0xC5609502,0xEC1A0F6A,0xAB8B4D9E,0x9BBF9398,0xDC2ED16C,0x3AE524EA,0x7D74661E,0x4D40B818,0x0AD1FAEC,0x23AB6084,0x643A2270,0x540EFC76,0x139FBE82,
  0x8C5F2859,0xCBCE6AAD,0xFBFAB4AB,0xBC6BF65F,0x95116C37,0xD2802EC3,0xE2B4F0C5,0xA525B231,0x43EE47B7,0x047F0543,0x344BDB45,0x73DA99B1,0x5AA003D9,0x1D31412D,0x2D059F2B,0x6A94DDDF,
  0x74F01E4B,0x33615CBF,0x035582B9,0x44C4C04D,0x6DBE5A25,0x2A2F18D1,0x1A1BC6D7,0x5D8A8423,0xBB4171A5,0xFCD03351,0xCCE4ED57,0x8B75AFA3,0xA20F35CB,0xE59E773F,0xD5AAA939,0x923BEBCD,
  0x00000000,0x22A10580,0x13A5E5E0,0x3104E060,0x6B9B40D8,0x493A4558,0x783EA538,0x5A9FA0B8,0xB299D0D4,0x9038D554,0xA13C3534,0x839D30B4,0xD902900C,0xFBA3958C,0xCAA775EC,0xE806706C,
  0x99D7C4A2,0xBB76C122,0x8A722142,0xA8D324C2,0xF24C847A,0xD0ED81FA,0xE1E9619A,0xC348641A,0x2B4E1476,0x09EF11F6,0x38EBF196,0x1A4AF416,0x40D554AE,0x6274512E,0x5370B14E,0x71D1B4CE,
  0x3F33870D,0x1D92828D,0x2C9662ED,0x0E37676D,0x54A8C7D5,0x7609C255,0x470D2235,0x65AC27B5,0x8DAA57D9,0xAF0B5259,0x9E0FB239,0xBCAEB7B9,0xE6311701,0xC4901281,0xF594F2E1,0xD735F761,
  0xA6E443AF,0x8445462F,0xB541A64F,0x97E0A3CF,0xCD7F0377,0xEFDE06F7,0xDEDAE697,0xFC7BE317,0x147D937B,0x36DC96FB,0x07D8769B,0x2579731B,0x7FE6D3A3,0x5D47D623,0x6C433643,0x4EE233C3,
  0x0EBDF60E,0x2C1CF38E,0x1D1813EE,0x3FB9166E,0x6526B6D6,0x4787B356,0x76835336,0x542256B6,0xBC2426DA,0x9E85235A,0xAF81C33A,0x8D20C6BA,0xD7BF6602,0xF51E6382,0xC41A83E2,0xE6BB8662,
  0x976A32AC,0xB5CB372C,0x84CFD74C,0xA66ED2CC,0xFCF17274,0xDE5077F4,0xEF549794,0xCDF59214,0x25F3E278,0x0752E7F8,0x36560798,0x14F70218,0x4E68A2A0,0x6CC9A720,0x5DCD4740,0x7F6C42C0,
  0x318E7103,0x132F7483,0x222B94E3,0x008A9163,0x5A1531DB,0x78B4345B,0x49B0D43B,0x6B11D1BB,0x8317A1D7,0xA1B6A457,0x90B24437,0xB21341B7,0xE88CE10F,0xCA2DE48F,0xFB2904EF,0xD988016F,
  0xA859B5A1,0x8AF8B021,0xBBFC5041,0x995D55C1,0xC3C2F579,0xE163F0F9,0xD0671099,0xF2C61519,0x1AC06575,0x386160F5,0x09658095,0x2BC48515,0x715B25AD,0x53FA202D,0x62FEC04D,0x405FC5CD,
  0x2300462D,0x01A143AD,0x30A5A3CD,0x1204A64D,0x489B06F5,0x6A3A0375,0x5B3EE315,0x799FE695,0x919996F9,0xB3389379,0x823C7319,0xA09D7699,0xFA02D621,0xD8A3D3A1,0xE9A733C1,0xCB063641,
  0xBAD7828F,0x9876870F,0xA972676F,0x8BD362EF,0xD14CC257,0xF3EDC7D7,0xC2E927B7,0xE0482237,0x084E525B,0x2AEF57DB,0x1BEBB7BB,0x394AB23B,0x63D51283,0x41741703,0x7070F763,0x52D1F2E3,
  0x1C33C120,0x3E92C4A0,0x0F9624C0,0x2D372140,0x77A881F8,0x55098478,0x640D6418,0x46AC6198,0xAEAA11F4,0x8C0B1474,0xBD0FF414,0x9FAEF194,0xC531512C,0xE79054AC,0xD694B4CC,0xF435B14C,
  0x85E40582,0xA7450002,0x9641E062,0xB4E0E5E2,0xEE7F455A,0xCCDE40DA,0xFDDAA0BA,0xDF7BA53A,0x377DD556,0x15DCD0D6,0x24D830B6,0x06793536,0x5CE6958E,0x7E47900E,0x4F43706E,0x6DE275EE,
  0x2DBDB023,0x0F1CB5A3,0x3E1855C3,0x1CB95043,0x4626F0FB,0x6487F57B,0x5583151B,0x7722109B,0x9F2460F7,0xBD856577,0x8C818517,0xAE208097,0xF4BF202F,0xD61E25AF,0xE71AC5CF,0xC5BBC04F,
  0xB46A7481,0x96CB7101,0xA7CF9161,0x856E94E1,0xDFF13459,0xFD5031D9,0xCC54D1B9,0xEEF5D439,0x06F3A455,0x2452A1D5,0x155641B5,0x37F74435,0x6D68E48D,0x4FC9E10D,0x7ECD016D,0x5C6C04ED,
  0x128E372E,0x302F32AE,0x012BD2CE,0x238AD74E,0x791577F6,0x5BB47276,0x6AB09216,0x48119796,0xA017E7FA,0x82B6E27A,0xB3B2021A,0x9113079A,0xCB8CA722,0xE92DA2A2,0xD82942C2,0xFA884742,
  0x8B59F38C,0xA9F8F60C,0x98FC166C,0xBA5D13EC,0xE0C2B354,0xC263B6D4,0xF36756B4,0xD1C65334,0x39C02358,0x1B6126D8,0x2A65C6B8,0x08C4C338,0x525B6380,0x70FA6600,0x41FE8660,0x635F83E0,
  0x00000000,0xEF95FDF9,0xDF4727CF,0x30D2DA36,0xE3A1E221,0x0C341FD8,0x3CE6C5EE,0xD3733817,0x2BCB7F0C,0xC45E82F5,0xF48C58C3,0x1B19A53A,0xC86A9D2D,0x27FF60D4,0x172DBAE2,0xF8B8471B,
  0x2CA7CB39,0xC33236C0,0xF3E0ECF6,0x1C75110F,0xCF062918,0x2093D4E1,0x10410ED7,0xFFD4F32E,0x076CB435,0xE8F949CC,0xD82B93FA,0x37BE6E03,0xE4CD5614,0x0B58ABED,0x3B8A71DB,0xD41F8C22,
  0xD3627C44,0x3CF781BD,0x0C255B8B,0xE3B0A672,0x30C39E65,0xDF56639C,0xEF84B9AA,0x00114453,0xF8A90348,0x173CFEB1,0x27EE2487,0xC87BD97E,0x1B08E169,0xF49D1C90,0xC44FC6A6,0x2BDA3B5F,
  0xFFC5B77D,0x10504A84,0x208290B2,0xCF176D4B,0x1C64555C,0xF3F1A8A5,0xC3237293,0x2CB68F6A,0xD40EC871,0x3B9B3588,0x0B49EFBE,0xE4DC1247,0x37AF2A50,0xD83AD7A9,0xE8E80D9F,0x077DF066,
  0x29994A18,0xC60CB7E1,0xF6DE6DD7,0x194B902E,0xCA38A839,0x25AD55C0,0x157F8FF6,0xFAEA720F,0x02523514,0xEDC7C8ED,0xDD1512DB,0x3280EF22,0xE1F3D735,0x0E662ACC,0x3EB4F0FA,0xD1210D03,
  0x053E8121,0xEAAB7CD8,0xDA79A6EE,0x35EC5B17,0xE69F6300,0x090A9EF9,0x39D844CF,0xD64DB936,0x2EF5FE2D,0xC16003D4,0xF1B2D9E2,0x1E27241B,0xCD541C0C,0x22C1E1F5,0x12133BC3,0xFD86C63A,
  0xFAFB365C,0x156ECBA5,0x25BC1193,0xCA29EC6A,0x195AD47D,0xF6CF2984,0xC61DF3B2,0x29880E4B,0xD1304950,0x3EA5B4A9,0x0E776E9F,0xE1E29366,0x3291AB71,0xDD045688,0xEDD68CBE,0x02437147,
  0xD65CFD65,0x39C9009C,0x091BDAAA,0xE68E2753,0x35FD1F44,0xDA68E2BD,0xEABA388B,0x052FC572,0xFD978269,0x12027F90,0x22D0A5A6,0xCD45585F,0x1E366048,0xF1A39DB1,0xC1714787,0x2EE4BA7E,
  0xA886F2A0,0x47130F59,0x77C1D56F,0x98542896,0x4B271081,0xA4B2ED78,0x9460374E,0x7BF5CAB7,0x834D8DAC,0x6CD87055,0x5C0AAA63,0xB39F579A,0x60EC6F8D,0x8F799274,0xBFAB4842,0x503EB5BB,
  0x84213999,0x6BB4C460,0x5B661E56,0xB4F3E3AF,0x6780DBB8,0x88152641,0xB8C7FC77,0x5752018E,0xAFEA4695,0x407FBB6C,0x70AD615A,0x9F389CA3,0x4C4BA4B4,0xA3DE594D,0x930C837B,0x7C997E82,
  0x7BE48EE4,0x9471731D,0xA4A3A92B,0x4B3654D2,0x98456CC5,0x77D0913C,0x47024B0A,0xA897B6F3,0x502FF1E8,0xBFBA0C11,0x8F68D627,0x60FD2BDE,0xB38E13C9,0x5C1BEE30,0x6CC93406,0x835CC9FF,
  0x574345DD,0xB8D6B824,0x88046212,0x67919FEB,0xB4E2A7FC,0x5B775A05,0x6BA58033,0x84307DCA,0x7C883AD1,0x931DC728,0xA3CF1D1E,0x4C5AE0E7,0x9F29D8F0,0x70BC2509,0x406EFF3F,0xAFFB02C6,
  0x811FB8B8,0x6E8A4541,0x5E589F77,0xB1CD628E,0x62BE5A99,0x8D2BA760,0xBDF97D56,0x526C80AF,0xAAD4C7B4,0x45413A4D,0x7593E07B,0x9A061D82,0x49752595,0xA6E0D86C,0x9632025A,0x79A7FFA3,
  0xADB87381,0x422D8E78,0x72FF544E,0x9D6AA9B7,0x4E1991A0,0xA18C6C59,0x915EB66F,0x7ECB4B96,0x86730C8D,0x69E6F174,0x59342B42,0xB6A1D6BB,0x65D2EEAC,0x8A471355,0xBA95C963,0x5500349A,
  0x527DC4FC,0xBDE83905,0x8D3AE333,0x62AF1ECA,0xB1DC26DD,0x5E49DB24,0x6E9B0112,0x810EFCEB,0x79B6BBF0,0x96234609,0xA6F19C3F,0x496461C6,0x9A1759D1,0x7582A428,0x45507E1E,0xAAC583E7,
  0x7EDA0FC5,0x914FF23C,0xA19D280A,0x4E08D5F3,0x9D7BEDE4,0x72EE101D,0x423CCA2B,0xADA937D2,0x551170C9,0xBA848D30,0x8A565706,0x65C3AAFF,0xB6B092E8,0x59256F11,0x69F7B527,0x866248DE,
  0x00000000,0xD51DC966,0x4224643E,0x9739AD58,0x02912127,0xD78CE841,0x40B54519,0x95A88C7F,0x345A5937,0xE1479051,0x767E3D09,0xA363F46F,0x36CB7810,0xE3D6B176,0x74EF1C2E,0xA1F2D548,
  0x5FFC6273,0x8AE1AB15,0x1DD8064D,0xC8C5CF2B,0x5D6D4354,0x88708A32,0x1F49276A,0xCA54EE0C,0x6BA63B44,0xBEBBF222,0x29825F7A,0xFC9F961C,0x69371A63,0xBC2AD305,0x2B137E5D,0xFE0EB73B,
  0xB0A7B33E,0x65BA7A58,0xF283D700,0x279E1E66,0xB2369219,0x672B5B7F,0xF012F627,0x250F3F41,0x84FDEA09,0x51E0236F,0xC6D98E37,0x13C44751,0x866CCB2E,0x53710248,0xC448AF10,0x11556676,
  0xEF5BD14D,0x3A46182B,0xAD7FB573,0x78627C15,0xEDCAF06A,0x38D7390C,0xAFEE9454,0x7AF35D32,0xDB01887A,0x0E1C411C,0x9925EC44,0x4C382522,0xD990A95D,0x0C8D603B,0x9BB4CD63,0x4EA90405,
  0x8E770DCC,0x5B6AC4AA,0xCC5369F2,0x194EA094,0x8CE62CEB,0x59FBE58D,0xCEC248D5,0x1BDF81B3,0xBA2D54FB,0x6F309D9D,0xF80930C5,0x2D14F9A3,0xB8BC75DC,0x6DA1BCBA,0xFA9811E2,0x2F85D884,
  0xD18B6FBF,0x0496A6D9,0x93AF0B81,0x46B2C2E7,0xD31A4E98,0x060787FE,0x913E2AA6,0x4423E3C0,0xE5D13688,0x30CCFFEE,0xA7F552B6,0x72E89BD0,0xE74017AF,0x325DDEC9,0xA5647391,0x7079BAF7,
  0x3ED0BEF2,0xEBCD7794,0x7CF4DACC,0xA9E913AA,0x3C419FD5,0xE95C56B3,0x7E65FBEB,0xAB78328D,0x0A8AE7C5,0xDF972EA3,0x48AE83FB,0x9DB34A9D,0x081BC6E2,0xDD060F84,0x4A3FA2DC,0x9F226BBA,
  0x612CDC81,0xB43115E7,0x2308B8BF,0xF61571D9,0x63BDFDA6,0xB6A034C0,0x21999998,0xF48450FE,0x557685B6,0x806B4CD0,0x1752E188,0xC24F28EE,0x57E7A491,0x82FA6DF7,0x15C3C0AF,0xC0DE09C9,
  0xA83297A3,0x7D2F5EC5,0xEA16F39D,0x3F0B3AFB,0xAAA3B684,0x7FBE7FE2,0xE887D2BA,0x3D9A1BDC,0x9C68CE94,0x497507F2,0xDE4CAAAA,0x0B5163CC,0x9EF9EFB3,0x4BE426D5,0xDCDD8B8D,0x09C042EB,
  0xF7CEF5D0,0x22D33CB6,0xB5EA91EE,0x60F75888,0xF55FD4F7,0x20421D91,0xB77BB0C9,0x626679AF,0xC394ACE7,0x16896581,0x81B0C8D9,0x54AD01BF,0xC1058DC0,0x141844A6,0x8321E9FE,0x563C2098,
  0x1895249D,0xCD88EDFB,0x5AB140A3,0x8FAC89C5,0x1A0405BA,0xCF19CCDC,0x58206184,0x8D3DA8E2,0x2CCF7DAA,0xF9D2B4CC,0x6EEB1994,0xBBF6D0F2,0x2E5E5C8D,0xFB4395EB,0x6C7A38B3,0xB967F1D5,
  0x476946EE,0x92748F88,0x054D22D0,0xD050EBB6,0x45F867C9,0x90E5AEAF,0x07DC03F7,0xD2C1CA91,0x73331FD9,0xA62ED6BF,0x31177BE7,0xE40AB281,0x71A23EFE,0xA4BFF798,0x33865AC0,0xE69B93A6,
  0x26459A6F,0xF3585309,0x6461FE51,0xB17C3737,0x24D4BB48,0xF1C9722E,0x66F0DF76,0xB3ED1610,0x121FC358,0xC7020A3E,0x503BA766,0x85266E00,0x108EE27F,0xC5932B19,0x52AA8641,0x87B74F27,
  0x79B9F81C,0xACA4317A,0x3B9D9C22,0xEE805544,0x7B28D93B,0xAE35105D,0x390CBD05,0xEC117463,0x4DE3A12B,0x98FE684D,0x0FC7C515,0xDADA0C73,0x4F72800C,0x9A6F496A,0x0D56E432,0xD84B2D54,
  0x96E22951,0x43FFE037,0xD4C64D6F,0x01DB8409,0x94730876,0x416EC110,0xD6576C48,0x034AA52E,0xA2B87066,0x77A5B900,0xE09C1458,0x3581DD3E,0xA0295141,0x75349827,0xE20D357F,0x3710FC19,
  0xC91E4B22,0x1C038244,0x8B3A2F1C,0x5E27E67A,0xCB8F6A05,0x1E92A363,0x89AB0E3B,0x5CB6C75D,0xFD441215,0x2859DB73,0xBF60762B,0x6A7DBF4D,0xFFD53332,0x2AC8FA54,0xBDF1570C,0x68EC9E6A,
  0x00000000,0xC58B15CF,0x041F98B3,0xC1948D7C,0xE9DB3267,0x2C5027A8,0xEDC4AAD4,0x284FBF1B,0x7C64CF8F,0xB9EFDA40,0x787B573C,0xBDF042F3,0x95BFFDE8,0x5034E827,0x91A0655B,0x542B7094,
  0xA42E6705,0x61A572CA,0xA031FFB6,0x65BAEA79,0x4DF55562,0x887E40AD,0x49EACDD1,0x8C61D81E,0xD84AA88A,0x1DC1BD45,0xDC553039,0x19DE25F6,0x31919AED,0xF41A8F22,0x358E025E,0xF0051791,
  0xEF8DA70D,0x2A06B2C2,0xEB923FBE,0x2E192A71,0x0656956A,0xC3DD80A5,0x02490DD9,0xC7C21816,0x93E96882,0x56627D4D,0x97F6F031,0x527DE5FE,0x7A325AE5,0xBFB94F2A,0x7E2DC256,0xBBA6D799,
  0x4BA3C008,0x8E28D5C7,0x4FBC58BB,0x8A374D74,0xA278F26F,0x67F3E7A0,0xA6676ADC,0x63EC7F13,0x37C70F87,0xF24C1A48,0x33D89734,0xF65382FB,0xDE1C3DE0,0x1B97282F,0xDA03A553,0x1F88B09C,
  0x48715B7F,0x8DFA4EB0,0x4C6EC3CC,0x89E5D603,0xA1AA6918,0x64217CD7,0xA5B5F1AB,0x603EE464,0x341594F0,0xF19E813F,0x300A0C43,0xF581198C,0xDDCEA697,0x1845B358,0xD9D13E24,0x1C5A2BEB,
  0xEC5F3C7A,0x29D429B5,0xE840A4C9,0x2DCBB106,0x05840E1D,0xC00F1BD2,0x019B96AE,0xC4108361,0x903BF3F5,0x55B0E63A,0x94246B46,0x51AF7E89,0x79E0C192,0xBC6BD45D,0x7DFF5921,0xB8744CEE,
  0xA7FCFC72,0x6277E9BD,0xA3E364C1,0x6668710E,0x4E27CE15,0x8BACDBDA,0x4A3856A6,0x8FB34369,0xDB9833FD,0x1E132632,0xDF87AB4E,0x1A0CBE81,0x3243019A,0xF7C81455,0x365C9929,0xF3D78CE6,
  0x03D29B77,0xC6598EB8,0x07CD03C4,0xC246160B,0xEA09A910,0x2F82BCDF,0xEE1631A3,0x2B9D246C,0x7FB654F8,0xBA3D4137,0x7BA9CC4B,0xBE22D984,0x966D669F,0x53E67350,0x9272FE2C,0x57F9EBE3,
  0xF45EBF25,0x31D5AAEA,0xF0412796,0x35CA3259,0x1D858D42,0xD80E988D,0x199A15F1,0xDC11003E,0x883A70AA,0x4DB16565,0x8C25E819,0x49AEFDD6,0x61E142CD,0xA46A5702,0x65FEDA7E,0xA075CFB1,
  0x5070D820,0x95FBCDEF,0x546F4093,0x91E4555C,0xB9ABEA47,0x7C20FF88,0xBDB472F4,0x783F673B,0x2C1417AF,0xE99F0260,0x280B8F1C,0xED809AD3,0xC5CF25C8,0x00443007,0xC1D0BD7B,0x045BA8B4,
  0x1BD31828,0xDE580DE7,0x1FCC809B,0xDA479554,0xF2082A4F,0x37833F80,0xF617B2FC,0x339CA733,0x67B7D7A7,0xA23CC268,0x63A84F14,0xA6235ADB,0x8E6CE5C0,0x4BE7F00F,0x8A737D73,0x4FF868BC,
  0xBFFD7F2D,0x7A766AE2,0xBBE2E79E,0x7E69F251,0x56264D4A,0x93AD5885,0x5239D5F9,0x97B2C036,0xC399B0A2,0x0612A56D,0xC7862811,0x020D3DDE,0x2A4282C5,0xEFC9970A,0x2E5D1A76,0xEBD60FB9,
  0xBC2FE45A,0x79A4F195,0xB8307CE9,0x7DBB6926,0x55F4D63D,0x907FC3F2,0x51EB4E8E,0x94605B41,0xC04B2BD5,0x05C03E1A,0xC454B366,0x01DFA6A9,0x299019B2,0xEC1B0C7D,0x2D8F8101,0xE80494CE,
  0x1801835F,0xDD8A9690,0x1C1E1BEC,0xD9950E23,0xF1DAB138,0x3451A4F7,0xF5C5298B,0x304E3C44,0x64654CD0,0xA1EE591F,0x607AD463,0xA5F1C1AC,0x8DBE7EB7,0x48356B78,0x89A1E604,0x4C2AF3CB,
  0x53A24357,0x96295698,0x57BDDBE4,0x9236CE2B,0xBA797130,0x7FF264FF,0xBE66E983,0x7BEDFC4C,0x2FC68CD8,0xEA4D9917,0x2BD9146B,0xEE5201A4,0xC61DBEBF,0x0396AB70,0xC202260C,0x078933C3,
  0xF78C2452,0x3207319D,0xF393BCE1,0x3618A92E,0x1E571635,0xDBDC03FA,0x1A488E86,0xDFC39B49,0x8BE8EBDD,0x4E63FE12,0x8FF7736E,0x4A7C66A1,0x6233D9BA,0xA7B8CC75,0x662C4109,0xA3A754C6,
  0x00000000,0x34D977F2,0x5533CF2D,0x61EAB8DF,0x85BC1102,0xB16566F0,0xD08FDE2F,0xE456A9DD,0xC549CA70,0xF190BD82,0x907A055D,0xA4A372AF,0x40F5DB72,0x742CAC80,0x15C6145F,0x211F63AD,
  0x5FCBEA14,0x6B129DE6,0x0AF82539,0x3E2152CB,0xDA77FB16,0xEEAE8CE4,0x8F44343B,0xBB9D43C9,0x9A822064,0xAE5B5796,0xCFB1EF49,0xFB6898BB,0x1F3E3166,0x2BE74694,0x4A0DFE4B,0x7ED489B9,
  0x12F91E6C,0x2620699E,0x47CAD141,0x7313A6B3,0x97450F6E,0xA39C789C,0xC276C043,0xF6AFB7B1,0xD7B0D41C,0xE369A3EE,0x82831B31,0xB65A6CC3,0x520CC51E,0x66D5B2EC,0x073F0A33,0x33E67DC1,
  0x4D32F478,0x79EB838A,0x18013B55,0x2CD84CA7,0xC88EE57A,0xFC579288,0x9DBD2A57,0xA9645DA5,0x887B3E08,0xBCA249FA,0xDD48F125,0xE99186D7,0x0DC72F0A,0x391E58F8,0x58F4E027,0x6C2D97D5,
  0xA3F68615,0x972FF1E7,0xF6C54938,0xC21C3ECA,0x264A9717,0x1293E0E5,0x7379583A,0x47A02FC8,0x66BF4C65,0x52663B97,0x338C8348,0x0755F4BA,0xE3035D67,0xD7DA2A95,0xB630924A,0x82E9E5B8,
  0xFC3D6C01,0xC8E41BF3,0xA90EA32C,0x9DD7D4DE,0x79817D03,0x4D580AF1,0x2CB2B22E,0x186BC5DC,0x3974A671,0x0DADD183,0x6C47695C,0x589E1EAE,0xBCC8B773,0x8811C081,0xE9FB785E,0xDD220FAC,
  0xB10F9879,0x85D6EF8B,0xE43C5754,0xD0E520A6,0x34B3897B,0x006AFE89,0x61804656,0x555931A4,0x74465209,0x409F25FB,0x21759D24,0x15ACEAD6,0xF1FA430B,0xC52334F9,0xA4C98C26,0x9010FBD4,
  0xEEC4726D,0xDA1D059F,0xBBF7BD40,0x8F2ECAB2,0x6B78636F,0x5FA1149D,0x3E4BAC42,0x0A92DBB0,0x2B8DB81D,0x1F54CFEF,0x7EBE7730,0x4A6700C2,0xAE31A91F,0x9AE8DEED,0xFB026632,0xCFDB11C0,
  0x34EB2385,0x00325477,0x61D8ECA8,0x55019B5A,0xB1573287,0x858E4575,0xE464FDAA,0xD0BD8A58,0xF1A2E9F5,0xC57B9E07,0xA49126D8,0x9048512A,0x741EF8F7,0x40C78F05,0x212D37DA,0x15F44028,
  0x6B20C991,0x5FF9BE63,0x3E1306BC,0x0ACA714E,0xEE9CD893,0xDA45AF61,0xBBAF17BE,0x8F76604C,0xAE6903E1,0x9AB07413,0xFB5ACCCC,0xCF83BB3E,0x2BD512E3,0x1F0C6511,0x7EE6DDCE,0x4A3FAA3C,
  0x26123DE9,0x12CB4A1B,0x7321F2C4,0x47F88536,0xA3AE2CEB,0x97775B19,0xF69DE3C6,0xC2449434,0xE35BF799,0xD782806B,0xB66838B4,0x82B14F46,0x66E7E69B,0x523E9169,0x33D429B6,0x070D5E44,
  0x79D9D7FD,0x4D00A00F,0x2CEA18D0,0x18336F22,0xFC65C6FF,0xC8BCB10D,0xA95609D2,0x9D8F7E20,0xBC901D8D,0x88496A7F,0xE9A3D2A0,0xDD7AA552,0x392C0C8F,0x0DF57B7D,0x6C1FC3A2,0x58C6B450,
  0x971DA590,0xA3C4D262,0xC22E6ABD,0xF6F71D4F,0x12A1B492,0x2678C360,0x47927BBF,0x734B0C4D,0x52546FE0,0x668D1812,0x0767A0CD,0x33BED73F,0xD7E87EE2,0xE3310910,0x82DBB1CF,0xB602C63D,
  0xC8D64F84,0xFC0F3876,0x9DE580A9,0xA93CF75B,0x4D6A5E86,0x79B32974,0x185991AB,0x2C80E659,0x0D9F85F4,0x3946F206,0x58AC4AD9,0x6C753D2B,0x882394F6,0xBCFAE304,0xDD105BDB,0xE9C92C29,
  0x85E4BBFC,0xB13DCC0E,0xD0D774D1,0xE40E0323,0x0058AAFE,0x3481DD0C,0x556B65D3,0x61B21221,0x40AD718C,0x7474067E,0x159EBEA1,0x2147C953,0xC511608E,0xF1C8177C,0x9022AFA3,0xA4FBD851,
  0xDA2F51E8,0xEEF6261A,0x8F1C9EC5,0xBBC5E937,0x5F9340EA,0x6B4A3718,0x0AA08FC7,0x3E79F835,0x1F669B98,0x2BBFEC6A,0x4A5554B5,0x7E8C2347,0x9ADA8A9A,0xAE03FD68,0xCFE945B7,0xFB303245,
  0x00000000,0xB0F6C5DE,0x998835DA,0x297EF004,0x8858E53A,0x38AE20E4,0x11D0D0E0,0xA126153E,0xA527B568,0x15D170B6,0x3CAF80B2,0x8C59456C,0x2D7F5052,0x9D89958C,0xB4F76588,0x0401A056,
  0xAFFF0495,0x1F09C14B,0x3677314F,0x8681F491,0x27A7E1AF,0x97512471,0xBE2FD475,0x0ED911AB,0x0AD8B1FD,0xBA2E7423,0x93508427,0x23A641F9,0x828054C7,0x32769119,0x1B08611D,0xABFEA4C3,
  0xDB4921FC,0x6BBFE422,0x42C11426,0xF237D1F8,0x5311C4C6,0xE3E70118,0xCA99F11C,0x7A6F34C2,0x7E6E9494,0xCE98514A,0xE7E6A14E,0x57106490,0xF63671AE,0x46C0B470,0x6FBE4474,0xDF4881AA,
  0x74B62569,0xC440E0B7,0xED3E10B3,0x5DC8D56D,0xFCEEC053,0x4C18058D,0x6566F589,0xD5903057,0xD1919001,0x616755DF,0x4819A5DB,0xF8EF6005,0x59C9753B,0xE93FB0E5,0xC04140E1,0x70B7853F,
  0xF5FEC26B,0x450807B5,0x6C76F7B1,0xDC80326F,0x7DA62751,0xCD50E28F,0xE42E128B,0x54D8D755,0x50D97703,0xE02FB2DD,0xC95142D9,0x79A78707,0xD8819239,0x687757E7,0x4109A7E3,0xF1FF623D,
  0x5A01C6FE,0xEAF70320,0xC389F324,0x737F36FA,0xD25923C4,0x62AFE61A,0x4BD1161E,0xFB27D3C0,0xFF267396,0x4FD0B648,0x66AE464C,0xD6588392,0x777E96AC,0xC7885372,0xEEF6A376,0x5E0066A8,
  0x2EB7E397,0x9E412649,0xB73FD64D,0x07C91393,0xA6EF06AD,0x1619C373,0x3F673377,0x8F91F6A9,0x8B9056FF,0x3B669321,0x12186325,0xA2EEA6FB,0x03C8B3C5,0xB33E761B,0x9A40861F,0x2AB643C1,
  0x8148E702,0x31BE22DC,0x18C0D2D8,0xA8361706,0x09100238,0xB9E6C7E6,0x909837E2,0x206EF23C,0x246F526A,0x949997B4,0xBDE767B0,0x0D11A26E,0xAC37B750,0x1CC1728E,0x35BF828A,0x85494754,
  0xB053EB9E,0x00A52E40,0x29DBDE44,0x992D1B9A,0x380B0EA4,0x88FDCB7A,0xA1833B7E,0x1175FEA0,0x15745EF6,0xA5829B28,0x8CFC6B2C,0x3C0AAEF2,0x9D2CBBCC,0x2DDA7E12,0x04A48E16,0xB4524BC8,
  0x1FACEF0B,0xAF5A2AD5,0x8624DAD1,0x36D21F0F,0x97F40A31,0x2702CFEF,0x0E7C3FEB,0xBE8AFA35,0xBA8B5A63,0x0A7D9FBD,0x23036FB9,0x93F5AA67,0x32D3BF59,0x82257A87,0xAB5B8A83,0x1BAD4F5D,
  0x6B1ACA62,0xDBEC0FBC,0xF292FFB8,0x42643A66,0xE3422F58,0x53B4EA86,0x7ACA1A82,0xCA3CDF5C,0xCE3D7F0A,0x7ECBBAD4,0x57B54AD0,0xE7438F0E,0x46659A30,0xF6935FEE,0xDFEDAFEA,0x6F1B6A34,
  0xC4E5CEF7,0x74130B29,0x5D6DFB2D,0xED9B3EF3,0x4CBD2BCD,0xFC4BEE13,0xD5351E17,0x65C3DBC9,0x61C27B9F,0xD134BE41,0xF84A4E45,0x48BC8B9B,0xE99A9EA5,0x596C5B7B,0x7012AB7F,0xC0E46EA1,
  0x45AD29F5,0xF55BEC2B,0xDC251C2F,0x6CD3D9F1,0xCDF5CCCF,0x7D030911,0x547DF915,0xE48B3CCB,0xE08A9C9D,0x507C5943,0x7902A947,0xC9F46C99,0x68D279A7,0xD824BC79,0xF15A4C7D,0x41AC89A3,
  0xEA522D60,0x5AA4E8BE,0x73DA18BA,0xC32CDD64,0x620AC85A,0xD2FC0D84,0xFB82FD80,0x4B74385E,0x4F759808,0xFF835DD6,0xD6FDADD2,0x660B680C,0xC72D7D32,0x77DBB8EC,0x5EA548E8,0xEE538D36,
  0x9EE40809,0x2E12CDD7,0x076C3DD3,0xB79AF80D,0x16BCED33,0xA64A28ED,0x8F34D8E9,0x3FC21D37,0x3BC3BD61,0x8B3578BF,0xA24B88BB,0x12BD4D65,0xB39B585B,0x036D9D85,0x2A136D81,0x9AE5A85F,
  0x311B0C9C,0x81EDC942,0xA8933946,0x1865FC98,0xB943E9A6,0x09B52C78,0x20CBDC7C,0x903D19A2,0x943CB9F4,0x24CA7C2A,0x0DB48C2E,0xBD4249F0,0x1C645CCE,0xAC929910,0x85EC6914,0x351AACCA,
  0x00000000,0xE18FD649,0x72EABC07,0x93656A4E,0x1A0B833D,0xFB845574,0x68E13F3A,0x896EE973,0x1D52DAE9,0xFCDD0CA0,0x6FB866EE,0x8E37B0A7,0x075959D4,0xE6D68F9D,0x75B3E5D3,0x943C339A,
  0xA0DC5F59,0x41538910,0xD236E35E,0x33B93517,0xBAD7DC64,0x5B580A2D,0xC83D6063,0x29B2B62A,0xBD8E85B0,0x5C0153F9,0xCF6439B7,0x2EEBEFFE,0xA785068D,0x460AD0C4,0xD56FBA8A,0x34E06CC3,
  0xBC00E687,0x5D8F30CE,0xCEEA5A80,0x2F658CC9,0xA60B65BA,0x4784B3F3,0xD4E1D9BD,0x356E0FF4,0xA1523C6E,0x40DDEA27,0xD3B88069,0x32375620,0xBB59BF53,0x5AD6691A,0xC9B30354,0x283CD51D,
  0x1CDCB9DE,0xFD536F97,0x6E3605D9,0x8FB9D390,0x06D73AE3,0xE758ECAA,0x743D86E4,0x95B250AD,0x018E6337,0xE001B57E,0x7364DF30,0x92EB0979,0x1B85E00A,0xFA0A3643,0x696F5C0D,0x88E08A44,
  0xBAB786CE,0x5B385087,0xC85D3AC9,0x29D2EC80,0xA0BC05F3,0x4133D3BA,0xD256B9F4,0x33D96FBD,0xA7E55C27,0x466A8A6E,0xD50FE020,0x34803669,0xBDEEDF1A,0x5C610953,0xCF04631D,0x2E8BB554,
  0x1A6BD997,0xFBE40FDE,0x68816590,0x890EB3D9,0x00605AAA,0xE1EF8CE3,0x728AE6AD,0x930530E4,0x0739037E,0xE6B6D537,0x75D3BF79,0x945C6930,0x1D328043,0xFCBD560A,0x6FD83C44,0x8E57EA0D,
  0x06B76049,0xE738B600,0x745DDC4E,0x95D20A07,0x1CBCE374,0xFD33353D,0x6E565F73,0x8FD9893A,0x1BE5BAA0,0xFA6A6CE9,0x690F06A7,0x8880D0EE,0x01EE399D,0xE061EFD4,0x7304859A,0x928B53D3,
  0xA66B3F10,0x47E4E959,0xD4818317,0x350E555E,0xBC60BC2D,0x5DEF6A64,0xCE8A002A,0x2F05D663,0xBB39E5F9,0x5AB633B0,0xC9D359FE,0x285C8FB7,0xA13266C4,0x40BDB08D,0xD3D8DAC3,0x32570C8A,
  0x6E773E0E,0x8FF8E847,0x1C9D8209,0xFD125440,0x747CBD33,0x95F36B7A,0x06960134,0xE719D77D,0x7325E4E7,0x92AA32AE,0x01CF58E0,0xE0408EA9,0x692E67DA,0x88A1B193,0x1BC4DBDD,0xFA4B0D94,
  0xCEAB6157,0x2F24B71E,0xBC41DD50,0x5DCE0B19,0xD4A0E26A,0x352F3423,0xA64A5E6D,0x47C58824,0xD3F9BBBE,0x32766DF7,0xA11307B9,0x409CD1F0,0xC9F23883,0x287DEECA,0xBB188484,0x5A9752CD,
  0xD277D889,0x33F80EC0,0xA09D648E,0x4112B2C7,0xC87C5BB4,0x29F38DFD,0xBA96E7B3,0x5B1931FA,0xCF250260,0x2EAAD429,0xBDCFBE67,0x5C40682E,0xD52E815D,0x34A15714,0xA7C43D5A,0x464BEB13,
  0x72AB87D0,0x93245199,0x00413BD7,0xE1CEED9E,0x68A004ED,0x892FD2A4,0x1A4AB8EA,0xFBC56EA3,0x6FF95D39,0x8E768B70,0x1D13E13E,0xFC9C3777,0x75F2DE04,0x947D084D,0x07186203,0xE697B44A,
  0xD4C0B8C0,0x354F6E89,0xA62A04C7,0x47A5D28E,0xCECB3BFD,0x2F44EDB4,0xBC2187FA,0x5DAE51B3,0xC9926229,0x281DB460,0xBB78DE2E,0x5AF70867,0xD399E114,0x3216375D,0xA1735D13,0x40FC8B5A,
  0x741CE799,0x959331D0,0x06F65B9E,0xE7798DD7,0x6E1764A4,0x8F98B2ED,0x1CFDD8A3,0xFD720EEA,0x694E3D70,0x88C1EB39,0x1BA48177,0xFA2B573E,0x7345BE4D,0x92CA6804,0x01AF024A,0xE020D403,
  0x68C05E47,0x894F880E,0x1A2AE240,0xFBA53409,0x72CBDD7A,0x93440B33,0x0021617D,0xE1AEB734,0x759284AE,0x941D52E7,0x077838A9,0xE6F7EEE0,0x6F990793,0x8E16D1DA,0x1D73BB94,0xFCFC6DDD,
  0xC81C011E,0x2993D757,0xBAF6BD19,0x5B796B50,0xD2178223,0x3398546A,0xA0FD3E24,0x4172E86D,0xD54EDBF7,0x34C10DBE,0xA7A467F0,0x462BB1B9,0xCF4558CA,0x2ECA8E83,0xBDAFE4CD,0x5C203284,
  0x00000000,0x1173C7EF,0x92CBA0F7,0x83B86718,0x0AC2329B,0x1BB1F574,0x9809926C,0x897A5583,0x0FF6CD90,0x1E850A7F,0x9D3D6D67,0x8C4EAA88,0x0534FF0B,0x144738E4,0x97FF5FFC,0x868C9813,
  0xE9256474,0xF856A39B,0x7BEEC483,0x6A9D036C,0xE3E756EF,0xF2949100,0x712CF618,0x605F31F7,0xE6D3A9E4,0xF7A06E0B,0x74180913,0x656BCEFC,0xEC119B7F,0xFD625C90,0x7EDA3B88,0x6FA9FC67,
  0xFD653D73,0xEC16FA9C,0x6FAE9D84,0x7EDD5A6B,0xF7A70FE8,0xE6D4C807,0x656CAF1F,0x741F68F0,0xF293F0E3,0xE3E0370C,0x60585014,0x712B97FB,0xF851C278,0xE9220597,0x6A9A628F,0x7BE9A560,
  0x14405907,0x05339EE8,0x868BF9F0,0x97F83E1F,0x1E826B9C,0x0FF1AC73,0x8C49CB6B,0x9D3A0C84,0x1BB69497,0x0AC55378,0x897D3460,0x980EF38F,0x1174A60C,0x000761E3,0x83BF06FB,0x92CCC114,
  0xB746001C,0xA635C7F3,0x258DA0EB,0x34FE6704,0xBD843287,0xACF7F568,0x2F4F9270,0x3E3C559F,0xB8B0CD8C,0xA9C30A63,0x2A7B6D7B,0x3B08AA94,0xB272FF17,0xA30138F8,0x20B95FE0,0x31CA980F,
  0x5E636468,0x4F10A387,0xCCA8C49F,0xDDDB0370,0x54A156F3,0x45D2911C,0xC66AF604,0xD71931EB,0x5195A9F8,0x40E66E17,0xC35E090F,0xD22DCEE0,0x5B579B63,0x4A245C8C,0xC99C3B94,0xD8EFFC7B,
  0x4A233D6F,0x5B50FA80,0xD8E89D98,0xC99B5A77,0x40E10FF4,0x5192C81B,0xD22AAF03,0xC35968EC,0x45D5F0FF,0x54A63710,0xD71E5008,0xC66D97E7,0x4F17C264,0x5E64058B,0xDDDC6293,0xCCAFA57C,
  0xA306591B,0xB2759EF4,0x31CDF9EC,0x20BE3E03,0xA9C46B80,0xB8B7AC6F,0x3B0FCB77,0x2A7C0C98,0xACF0948B,0xBD835364,0x3E3B347C,0x2F48F393,0xA632A610,0xB74161FF,0x34F906E7,0x258AC108,
  0x1CD3B7EE,0x0DA07001,0x8E181719,0x9F6BD0F6,0x16118575,0x0762429A,0x84DA2582,0x95A9E26D,0x13257A7E,0x0256BD91,0x81EEDA89,0x909D1D66,0x19E748E5,0x08948F0A,0x8B2CE812,0x9A5F2FFD,
  0xF5F6D39A,0xE4851475,0x673D736D,0x764EB482,0xFF34E101,0xEE4726EE,0x6DFF41F6,0x7C8C8619,0xFA001E0A,0xEB73D9E5,0x68CBBEFD,0x79B87912,0xF0C22C91,0xE1B1EB7E,0x62098C66,0x737A4B89,
  0xE1B68A9D,0xF0C54D72,0x737D2A6A,0x620EED85,0xEB74B806,0xFA077FE9,0x79BF18F1,0x68CCDF1E,0xEE40470D,0xFF3380E2,0x7C8BE7FA,0x6DF82015,0xE4827596,0xF5F1B279,0x7649D561,0x673A128E,
  0x0893EEE9,0x19E02906,0x9A584E1E,0x8B2B89F1,0x0251DC72,0x13221B9D,0x909A7C85,0x81E9BB6A,0x07652379,0x1616E496,0x95AE838E,0x84DD4461,0x0DA711E2,0x1CD4D60D,0x9F6CB115,0x8E1F76FA,
  0xAB95B7F2,0xBAE6701D,0x395E1705,0x282DD0EA,0xA1578569,0xB0244286,0x339C259E,0x22EFE271,0xA4637A62,0xB510BD8D,0x36A8DA95,0x27DB1D7A,0xAEA148F9,0xBFD28F16,0x3C6AE80E,0x2D192FE1,
  0x42B0D386,0x53C31469,0xD07B7371,0xC108B49E,0x4872E11D,0x590126F2,0xDAB941EA,0xCBCA8605,0x4D461E16,0x5C35D9F9,0xDF8DBEE1,0xCEFE790E,0x47842C8D,0x56F7EB62,0xD54F8C7A,0xC43C4B95,
  0x56F08A81,0x47834D6E,0xC43B2A76,0xD548ED99,0x5C32B81A,0x4D417FF5,0xCEF918ED,0xDF8ADF02,0x59064711,0x487580FE,0xCBCDE7E6,0xDABE2009,0x53C4758A,0x42B7B265,0xC10FD57D,0xD07C1292,
  0xBFD5EEF5,0xAEA6291A,0x2D1E4E02,0x3C6D89ED,0xB517DC6E,0xA4641B81,0x27DC7C99,0x36AFBB76,0xB0232365,0xA150E48A,0x22E88392,0x339B447D,0xBAE111FE,0xAB92D611,0x282AB109,0x395976E6,
  0x00000000,0x8D497497,0x5F19BBF6,0xD250CF61,0x328F45A8,0xBFC6313F,0x6D96FE5E,0xE0DF8AC9,0x9105E1FE,0x1C4C9569,0xCE1C5A08,0x43552E9F,0xA38AA456,0x2EC3D0C1,0xFC931FA0,0x71DA6B37,
  0xF65EBAA1,0x7B17CE36,0xA9470157,0x240E75C0,0xC4D1FF09,0x49988B9E,0x9BC844FF,0x16813068,0x675B5B5F,0xEA122FC8,0x3842E0A9,0xB50B943E,0x55D41EF7,0xD89D6A60,0x0ACDA501,0x8784D196,
  0xD000AAAD,0x5D49DE3A,0x8F19115B,0x025065CC,0xE28FEF05,0x6FC69B92,0xBD9654F3,0x30DF2064,0x41054B53,0xCC4C3FC4,0x1E1CF0A5,0x93558432,0x738A0EFB,0xFEC37A6C,0x2C93B50D,0xA1DAC19A,
  0x265E100C,0xAB17649B,0x7947ABFA,0xF40EDF6D,0x14D155A4,0x99982133,0x4BC8EE52,0xC6819AC5,0xB75BF1F2,0x3A128565,0xE8424A04,0x650B3E93,0x85D4B45A,0x089DC0CD,0xDACD0FAC,0x57847B3B,
  0xF6FE0C97,0x7BB77800,0xA9E7B761,0x24AEC3F6,0xC471493F,0x49383DA8,0x9B68F2C9,0x1621865E,0x67FBED69,0xEAB299FE,0x38E2569F,0xB5AB2208,0x5574A8C1,0xD83DDC56,0x0A6D1337,0x872467A0,
  0x00A0B636,0x8DE9C2A1,0x5FB90DC0,0xD2F07957,0x322FF39E,0xBF668709,0x6D364868,0xE07F3CFF,0x91A557C8,0x1CEC235F,0xCEBCEC3E,0x43F598A9,0xA32A1260,0x2E6366F7,0xFC33A996,0x717ADD01,
  0x26FEA63A,0xABB7D2AD,0x79E71DCC,0xF4AE695B,0x1471E392,0x99389705,0x4B685864,0xC6212CF3,0xB7FB47C4,0x3AB23353,0xE8E2FC32,0x65AB88A5,0x8574026C,0x083D76FB,0xDA6DB99A,0x5724CD0D,
  0xD0A01C9B,0x5DE9680C,0x8FB9A76D,0x02F0D3FA,0xE22F5933,0x6F662DA4,0xBD36E2C5,0x307F9652,0x41A5FD65,0xCCEC89F2,0x1EBC4693,0x93F53204,0x732AB8CD,0xFE63CC5A,0x2C33033B,0xA17A77AC,
  0x4A5B9322,0xC712E7B5,0x154228D4,0x980B5C43,0x78D4D68A,0xF59DA21D,0x27CD6D7C,0xAA8419EB,0xDB5E72DC,0x5617064B,0x8447C92A,0x090EBDBD,0xE9D13774,0x649843E3,0xB6C88C82,0x3B81F815,
  0xBC052983,0x314C5D14,0xE31C9275,0x6E55E6E2,0x8E8A6C2B,0x03C318BC,0xD193D7DD,0x5CDAA34A,0x2D00C87D,0xA049BCEA,0x7219738B,0xFF50071C,0x1F8F8DD5,0x92C6F942,0x40963623,0xCDDF42B4,
  0x9A5B398F,0x17124D18,0xC5428279,0x480BF6EE,0xA8D47C27,0x259D08B0,0xF7CDC7D1,0x7A84B346,0x0B5ED871,0x8617ACE6,0x54476387,0xD90E1710,0x39D19DD9,0xB498E94E,0x66C8262F,0xEB8152B8,
  0x6C05832E,0xE14CF7B9,0x331C38D8,0xBE554C4F,0x5E8AC686,0xD3C3B211,0x01937D70,0x8CDA09E7,0xFD0062D0,0x70491647,0xA219D926,0x2F50ADB1,0xCF8F2778,0x42C653EF,0x90969C8E,0x1DDFE819,
  0xBCA59FB5,0x31ECEB22,0xE3BC2443,0x6EF550D4,0x8E2ADA1D,0x0363AE8A,0xD13361EB,0x5C7A157C,0x2DA07E4B,0xA0E90ADC,0x72B9C5BD,0xFFF0B12A,0x1F2F3BE3,0x92664F74,0x40368015,0xCD7FF482,
  0x4AFB2514,0xC7B25183,0x15E29EE2,0x98ABEA75,0x787460BC,0xF53D142B,0x276DDB4A,0xAA24AFDD,0xDBFEC4EA,0x56B7B07D,0x84E77F1C,0x09AE0B8B,0xE9718142,0x6438F5D5,0xB6683AB4,0x3B214E23,
  0x6CA53518,0xE1EC418F,0x33BC8EEE,0xBEF5FA79,0x5E2A70B0,0xD3630427,0x0133CB46,0x8C7ABFD1,0xFDA0D4E6,0x70E9A071,0xA2B96F10,0x2FF01B87,0xCF2F914E,0x4266E5D9,0x90362AB8,0x1D7F5E2F,
  0x9AFB8FB9,0x17B2FB2E,0xC5E2344F,0x48AB40D8,0xA874CA11,0x253DBE86,0xF76D71E7,0x7A240570,0x0BFE6E47,0x86B71AD0,0x54E7D5B1,0xD9AEA126,0x39712BEF,0xB4385F78,0x66689019,0xEB21E48E,
  0x00000000,0x6AB7161E,0x266CCA95,0x4CDBDC8B,0xF875DD07,0x92C2CB19,0xDE191792,0xB4AE018C,0x19B7E8F8,0x7300FEE6,0x3FDB226D,0x556C3473,0xE1C235FF,0x8B7523E1,0xC7AEFF6A,0xAD19E974,
  0x9FC16EC1,0xF57678DF,0xB9ADA454,0xD31AB24A,0x67B4B3C6,0x0D03A5D8,0x41D87953,0x2B6F6F4D,0x86768639,0xECC19027,0xA01A4CAC,0xCAAD5AB2,0x7E035B3E,0x14B44D20,0x586F91AB,0x32D887B5,
  0xDB0AF858,0xB1BDEE46,0xFD6632CD,0x97D124D3,0x237F255F,0x49C83341,0x0513EFCA,0x6FA4F9D4,0xC2BD10A0,0xA80A06BE,0xE4D1DA35,0x8E66CC2B,0x3AC8CDA7,0x507FDBB9,0x1CA40732,0x7613112C,
  0x44CB9699,0x2E7C8087,0x62A75C0C,0x08104A12,0xBCBE4B9E,0xD6095D80,0x9AD2810B,0xF0659715,0x5D7C7E61,0x37CB687F,0x7B10B4F4,0x11A7A2EA,0xA509A366,0xCFBEB578,0x836569F3,0xE9D27FED,
  0x4694EC2D,0x2C23FA33,0x60F826B8,0x0A4F30A6,0xBEE1312A,0xD4562734,0x988DFBBF,0xF23AEDA1,0x5F2304D5,0x359412CB,0x794FCE40,0x13F8D85E,0xA756D9D2,0xCDE1CFCC,0x813A1347,0xEB8D0559,
  0xD95582EC,0xB3E294F2,0xFF394879,0x958E5E67,0x21205FEB,0x4B9749F5,0x074C957E,0x6DFB8360,0xC0E26A14,0xAA557C0A,0xE68EA081,0x8C39B69F,0x3897B713,0x5220A10D,0x1EFB7D86,0x744C6B98,
  0x9D9E1475,0xF729026B,0xBBF2DEE0,0xD145C8FE,0x65EBC972,0x0F5CDF6C,0x438703E7,0x293015F9,0x8429FC8D,0xEE9EEA93,0xA2453618,0xC8F22006,0x7C5C218A,0x16EB3794,0x5A30EB1F,0x3087FD01,
  0x025F7AB4,0x68E86CAA,0x2433B021,0x4E84A63F,0xFA2AA7B3,0x909DB1AD,0xDC466D26,0xB6F17B38,0x1BE8924C,0x715F8452,0x3D8458D9,0x57334EC7,0xE39D4F4B,0x892A5955,0xC5F185DE,0xAF4693C0,
  0x54627905,0x3ED56F1B,0x720EB390,0x18B9A58E,0xAC17A402,0xC6A0B21C,0x8A7B6E97,0xE0CC7889,0x4DD591FD,0x276287E3,0x6BB95B68,0x010E4D76,0xB5A04CFA,0xDF175AE4,0x93CC866F,0xF97B9071,
  0xCBA317C4,0xA11401DA,0xEDCFDD51,0x8778CB4F,0x33D6CAC3,0x5961DCDD,0x15BA0056,0x7F0D1648,0xD214FF3C,0xB8A3E922,0xF47835A9,0x9ECF23B7,0x2A61223B,0x40D63425,0x0C0DE8AE,0x66BAFEB0,
  0x8F68815D,0xE5DF9743,0xA9044BC8,0xC3B35DD6,0x771D5C5A,0x1DAA4A44,0x517196CF,0x3BC680D1,0x96DF69A5,0xFC687FBB,0xB0B3A330,0xDA04B52E,0x6EAAB4A2,0x041DA2BC,0x48C67E37,0x22716829,
  0x10A9EF9C,0x7A1EF982,0x36C52509,0x5C723317,0xE8DC329B,0x826B2485,0xCEB0F80E,0xA407EE10,0x091E0764,0x63A9117A,0x2F72CDF1,0x45C5DBEF,0xF16BDA63,0x9BDCCC7D,0xD70710F6,0xBDB006E8,
  0x12F69528,0x78418336,0x349A5FBD,0x5E2D49A3,0xEA83482F,0x80345E31,0xCCEF82BA,0xA65894A4,0x0B417DD0,0x61F66BCE,0x2D2DB745,0x479AA15B,0xF334A0D7,0x9983B6C9,0xD5586A42,0xBFEF7C5C,
  0x8D37FBE9,0xE780EDF7,0xAB5B317C,0xC1EC2762,0x754226EE,0x1FF530F0,0x532EEC7B,0x3999FA65,0x94801311,0xFE37050F,0xB2ECD984,0xD85BCF9A,0x6CF5CE16,0x0642D808,0x4A990483,0x202E129D,
  0xC9FC6D70,0xA34B7B6E,0xEF90A7E5,0x8527B1FB,0x3189B077,0x5B3EA669,0x17E57AE2,0x7D526CFC,0xD04B8588,0xBAFC9396,0xF6274F1D,0x9C905903,0x283E588F,0x42894E91,0x0E52921A,0x64E58404,
  0x563D03B1,0x3C8A15AF,0x7051C924,0x1AE6DF3A,0xAE48DEB6,0xC4FFC8A8,0x88241423,0xE293023D,0x4F8AEB49,0x253DFD57,0x69E621DC,0x035137C2,0xB7FF364E,0xDD482050,0x9193FCDB,0xFB24EAC5,
  0x00000000,0x65D95217,0x1FF27278,0x7A2B206F,0xE27874A2,0x87A126B5,0xFD8A06DA,0x985354CD,0x486B19DD,0x2DB24BCA,0x57996BA5,0x324039B2,0xAA136D7F,0xCFCA3F68,0xB5E11F07,0xD0384D10,
  0xFB7DCAA1,0x9EA498B6,0xE48FB8D9,0x8156EACE,0x1905BE03,0x7CDCEC14,0x06F7CC7B,0x632E9E6C,0xB316D37C,0xD6CF816B,0xACE4A104,0xC93DF313,0x516EA7DE,0x34B7F5C9,0x4E9CD5A6,0x2B4587B1,
  0xC22CCD39,0xA7F59F2E,0xDDDEBF41,0xB807ED56,0x2054B99B,0x458DEB8C,0x3FA6CBE3,0x5A7F99F4,0x8A47D4E4,0xEF9E86F3,0x95B5A69C,0xF06CF48B,0x683FA046,0x0DE6F251,0x77CDD23E,0x12148029,
  0x39510798,0x5C88558F,0x26A375E0,0x437A27F7,0xDB29733A,0xBEF0212D,0xC4DB0142,0xA1025355,0x713A1E45,0x14E34C52,0x6EC86C3D,0x0B113E2A,0x93426AE7,0xF69B38F0,0x8CB0189F,0xE9694A88,
  0xF25D2168,0x9784737F,0xEDAF5310,0x88760107,0x102555CA,0x75FC07DD,0x0FD727B2,0x6A0E75A5,0xBA3638B5,0xDFEF6AA2,0xA5C44ACD,0xC01D18DA,0x584E4C17,0x3D971E00,0x47BC3E6F,0x22656C78,
  0x0920EBC9,0x6CF9B9DE,0x16D299B1,0x730BCBA6,0xEB589F6B,0x8E81CD7C,0xF4AAED13,0x9173BF04,0x414BF214,0x2492A003,0x5EB9806C,0x3B60D27B,0xA33386B6,0xC6EAD4A1,0xBCC1F4CE,0xD918A6D9,
  0x3071EC51,0x55A8BE46,0x2F839E29,0x4A5ACC3E,0xD20998F3,0xB7D0CAE4,0xCDFBEA8B,0xA822B89C,0x781AF58C,0x1DC3A79B,0x67E887F4,0x0231D5E3,0x9A62812E,0xFFBBD339,0x8590F356,0xE049A141,
  0xCB0C26F0,0xAED574E7,0xD4FE5488,0xB127069F,0x29745252,0x4CAD0045,0x3686202A,0x535F723D,0x83673F2D,0xE6BE6D3A,0x9C954D55,0xF94C1F42,0x611F4B8F,0x04C61998,0x7EED39F7,0x1B346BE0,
  0x2F4F8BB4,0x4A96D9A3,0x30BDF9CC,0x5564ABDB,0xCD37FF16,0xA8EEAD01,0xD2C58D6E,0xB71CDF79,0x67249269,0x02FDC07E,0x78D6E011,0x1D0FB206,0x855CE6CB,0xE085B4DC,0x9AAE94B3,0xFF77C6A4,
  0xD4324115,0xB1EB1302,0xCBC0336D,0xAE19617A,0x364A35B7,0x539367A0,0x29B847CF,0x4C6115D8,0x9C5958C8,0xF9800ADF,0x83AB2AB0,0xE67278A7,0x7E212C6A,0x1BF87E7D,0x61D35E12,0x040A0C05,
  0xED63468D,0x88BA149A,0xF29134F5,0x974866E2,0x0F1B322F,0x6AC26038,0x10E94057,0x75301240,0xA5085F50,0xC0D10D47,0xBAFA2D28,0xDF237F3F,0x47702BF2,0x22A979E5,0x5882598A,0x3D5B0B9D,
  0x161E8C2C,0x73C7DE3B,0x09ECFE54,0x6C35AC43,0xF466F88E,0x91BFAA99,0xEB948AF6,0x8E4DD8E1,0x5E7595F1,0x3BACC7E6,0x4187E789,0x245EB59E,0xBC0DE153,0xD9D4B344,0xA3FF932B,0xC626C13C,
  0xDD12AADC,0xB8CBF8CB,0xC2E0D8A4,0xA7398AB3,0x3F6ADE7E,0x5AB38C69,0x2098AC06,0x4541FE11,0x9579B301,0xF0A0E116,0x8A8BC179,0xEF52936E,0x7701C7A3,0x12D895B4,0x68F3B5DB,0x0D2AE7CC,
  0x266F607D,0x43B6326A,0x399D1205,0x5C444012,0xC41714DF,0xA1CE46C8,0xDBE566A7,0xBE3C34B0,0x6E0479A0,0x0BDD2BB7,0x71F60BD8,0x142F59CF,0x8C7C0D02,0xE9A55F15,0x938E7F7A,0xF6572D6D,
  0x1F3E67E5,0x7AE735F2,0x00CC159D,0x6515478A,0xFD461347,0x989F4150,0xE2B4613F,0x876D3328,0x57557E38,0x328C2C2F,0x48A70C40,0x2D7E5E57,0xB52D0A9A,0xD0F4588D,0xAADF78E2,0xCF062AF5,
  0xE443AD44,0x819AFF53,0xFBB1DF3C,0x9E688D2B,0x063BD9E6,0x63E28BF1,0x19C9AB9E,0x7C10F989,0xAC28B499,0xC9F1E68E,0xB3DAC6E1,0xD60394F6,0x4E50C03B,0x2B89922C,0x51A2B243,0x347BE054,
  0x00000000,0x209B48FB,0x9C9675DE,0xBC0D3D25,0x9AB8FB07,0xBA23B3FC,0x062E8ED9,0x26B5C622,0x0BA1C868,0x2B3A8093,0x9737BDB6,0xB7ACF54D,0x9119336F,0xB1827B94,0x0D8F46B1,0x2D140E4A,
  0x941E82A6,0xB485CA5D,0x0888F778,0x2813BF83,0x0EA679A1,0x2E3D315A,0x92300C7F,0xB2AB4484,0x9FBF4ACE,0xBF240235,0x03293F10,0x23B277EB,0x0507B1C9,0x259CF932,0x9991C417,0xB90A8CEC,
  0xDF652AA6,0xFFFE625D,0x43F35F78,0x63681783,0x45DDD1A1,0x6546995A,0xD94BA47F,0xF9D0EC84,0xD4C4E2CE,0xF45FAA35,0x48529710,0x68C9DFEB,0x4E7C19C9,0x6EE75132,0xD2EA6C17,0xF27124EC,
  0x4B7BA800,0x6BE0E0FB,0xD7EDDDDE,0xF7769525,0xD1C35307,0xF1581BFC,0x4D5526D9,0x6DCE6E22,0x40DA6068,0x60412893,0xDC4C15B6,0xFCD75D4D,0xDA629B6F,0xFAF9D394,0x46F4EEB1,0x666FA64A,
  0x4E4594BC,0x6EDEDC47,0xD2D3E162,0xF248A999,0xD4FD6FBB,0xF4662740,0x486B1A65,0x68F0529E,0x45E45CD4,0x657F142F,0xD972290A,0xF9E961F1,0xDF5CA7D3,0xFFC7EF28,0x43CAD20D,0x63519AF6,
  0xDA5B161A,0xFAC05EE1,0x46CD63C4,0x66562B3F,0x40E3ED1D,0x6078A5E6,0xDC7598C3,0xFCEED038,0xD1FADE72,0xF1619689,0x4D6CABAC,0x6DF7E357,0x4B422575,0x6BD96D8E,0xD7D450AB,0xF74F1850,
  0x9120BE1A,0xB1BBF6E1,0x0DB6CBC4,0x2D2D833F,0x0B98451D,0x2B030DE6,0x970E30C3,0xB7957838,0x9A817672,0xBA1A3E89,0x061703AC,0x268C4B57,0x00398D75,0x20A2C58E,0x9CAFF8AB,0xBC34B050,
  0x053E3CBC,0x25A57447,0x99A84962,0xB9330199,0x9F86C7BB,0xBF1D8F40,0x0310B265,0x238BFA9E,0x0E9FF4D4,0x2E04BC2F,0x9209810A,0xB292C9F1,0x94270FD3,0xB4BC4728,0x08B17A0D,0x282A32F6,
  0xCA74FDFE,0xEAEFB505,0x56E28820,0x7679C0DB,0x50CC06F9,0x70574E02,0xCC5A7327,0xECC13BDC,0xC1D53596,0xE14E7D6D,0x5D434048,0x7DD808B3,0x5B6DCE91,0x7BF6866A,0xC7FBBB4F,0xE760F3B4,
  0x5E6A7F58,0x7EF137A3,0xC2FC0A86,0xE267427D,0xC4D2845F,0xE449CCA4,0x5844F181,0x78DFB97A,0x55CBB730,0x7550FFCB,0xC95DC2EE,0xE9C68A15,0xCF734C37,0xEFE804CC,0x53E539E9,0x737E7112,
  0x1511D758,0x358A9FA3,0x8987A286,0xA91CEA7D,0x8FA92C5F,0xAF3264A4,0x133F5981,0x33A4117A,0x1EB01F30,0x3E2B57CB,0x82266AEE,0xA2BD2215,0x8408E437,0xA493ACCC,0x189E91E9,0x3805D912,
  0x810F55FE,0xA1941D05,0x1D992020,0x3D0268DB,0x1BB7AEF9,0x3B2CE602,0x8721DB27,0xA7BA93DC,0x8AAE9D96,0xAA35D56D,0x1638E848,0x36A3A0B3,0x10166691,0x308D2E6A,0x8C80134F,0xAC1B5BB4,
  0x84316942,0xA4AA21B9,0x18A71C9C,0x383C5467,0x1E899245,0x3E12DABE,0x821FE79B,0xA284AF60,0x8F90A12A,0xAF0BE9D1,0x1306D4F4,0x339D9C0F,0x15285A2D,0x35B312D6,0x89BE2FF3,0xA9256708,
  0x102FEBE4,0x30B4A31F,0x8CB99E3A,0xAC22D6C1,0x8A9710E3,0xAA0C5818,0x1601653D,0x369A2DC6,0x1B8E238C,0x3B156B77,0x87185652,0xA7831EA9,0x8136D88B,0xA1AD9070,0x1DA0AD55,0x3D3BE5AE,
  0x5B5443E4,0x7BCF0B1F,0xC7C2363A,0xE7597EC1,0xC1ECB8E3,0xE177F018,0x5D7ACD3D,0x7DE185C6,0x50F58B8C,0x706EC377,0xCC63FE52,0xECF8B6A9,0xCA4D708B,0xEAD63870,0x56DB0555,0x76404DAE,
  0xCF4AC142,0xEFD189B9,0x53DCB49C,0x7347FC67,0x55F23A45,0x756972BE,0xC9644F9B,0xE9FF0760,0xC4EB092A,0xE47041D1,0x587D7CF4,0x78E6340F,0x5E53F22D,0x7EC8BAD6,0xC2C587F3,0xE25ECF08,
  0x00000000,0x3DC597A0,0xA3EA6644,0x9E2FF1E4,0xF2D3F737,0xCF166097,0x51399173,0x6CFC06D3,0xF4B4B9EB,0xC9712E4B,0x575EDFAF,0x6A9B480F,0x06674EDC,0x3BA2D97C,0xA58D2898,0x9848BF38,
  0x8FEF0CEB,0xB22A9B4B,0x2C056AAF,0x11C0FD0F,0x7D3CFBDC,0x40F96C7C,0xDED69D98,0xE3130A38,0x7B5BB500,0x469E22A0,0xD8B1D344,0xE57444E4,0x89884237,0xB44DD597,0x2A622473,0x17A7B3D3,
  0xD1F6A45B,0xEC3333FB,0x721CC21F,0x4FD955BF,0x2325536C,0x1EE0C4CC,0x80CF3528,0xBD0AA288,0x25421DB0,0x18878A10,0x86A87BF4,0xBB6DEC54,0xD791EA87,0xEA547D27,0x747B8CC3,0x49BE1B63,
  0x5E19A8B0,0x63DC3F10,0xFDF3CEF4,0xC0365954,0xACCA5F87,0x910FC827,0x0F2039C3,0x32E5AE63,0xAAAD115B,0x976886FB,0x0947771F,0x3482E0BF,0x587EE66C,0x65BB71CC,0xFB948028,0xC6511788,
  0x1465D321,0x29A04481,0xB78FB565,0x8A4A22C5,0xE6B62416,0xDB73B3B6,0x455C4252,0x7899D5F2,0xE0D16ACA,0xDD14FD6A,0x433B0C8E,0x7EFE9B2E,0x12029DFD,0x2FC70A5D,0xB1E8FBB9,0x8C2D6C19,
  0x9B8ADFCA,0xA64F486A,0x3860B98E,0x05A52E2E,0x695928FD,0x549CBF5D,0xCAB34EB9,0xF776D919,0x6F3E6621,0x52FBF181,0xCCD40065,0xF11197C5,0x9DED9116,0xA02806B6,0x3E07F752,0x03C260F2,
  0xC593777A,0xF856E0DA,0x6679113E,0x5BBC869E,0x3740804D,0x0A8517ED,0x94AAE609,0xA96F71A9,0x3127CE91,0x0CE25931,0x92CDA8D5,0xAF083F75,0xC3F439A6,0xFE31AE06,0x601E5FE2,0x5DDBC842,
  0x4A7C7B91,0x77B9EC31,0xE9961DD5,0xD4538A75,0xB8AF8CA6,0x856A1B06,0x1B45EAE2,0x26807D42,0xBEC8C27A,0x830D55DA,0x1D22A43E,0x20E7339E,0x4C1B354D,0x71DEA2ED,0xEFF15309,0xD234C4A9,
  0xED93561B,0xD056C1BB,0x4E79305F,0x73BCA7FF,0x1F40A12C,0x2285368C,0xBCAAC768,0x816F50C8,0x1927EFF0,0x24E27850,0xBACD89B4,0x87081E14,0xEBF418C7,0xD6318F67,0x481E7E83,0x75DBE923,
  0x627C5AF0,0x5FB9CD50,0xC1963CB4,0xFC53AB14,0x90AFADC7,0xAD6A3A67,0x3345CB83,0x0E805C23,0x96C8E31B,0xAB0D74BB,0x3522855F,0x08E712FF,0x641B142C,0x59DE838C,0xC7F17268,0xFA34E5C8,
  0x3C65F240,0x01A065E0,0x9F8F9404,0xA24A03A4,0xCEB60577,0xF37392D7,0x6D5C6333,0x5099F493,0xC8D14BAB,0xF514DC0B,0x6B3B2DEF,0x56FEBA4F,0x3A02BC9C,0x07C72B3C,0x99E8DAD8,0xA42D4D78,
  0xB38AFEAB,0x8E4F690B,0x106098EF,0x2DA50F4F,0x4159099C,0x7C9C9E3C,0xE2B36FD8,0xDF76F878,0x473E4740,0x7AFBD0E0,0xE4D42104,0xD911B6A4,0xB5EDB077,0x882827D7,0x1607D633,0x2BC24193,
  0xF9F6853A,0xC433129A,0x5A1CE37E,0x67D974DE,0x0B25720D,0x36E0E5AD,0xA8CF1449,0x950A83E9,0x0D423CD1,0x3087AB71,0xAEA85A95,0x936DCD35,0xFF91CBE6,0xC2545C46,0x5C7BADA2,0x61BE3A02,
  0x761989D1,0x4BDC1E71,0xD5F3EF95,0xE8367835,0x84CA7EE6,0xB90FE946,0x272018A2,0x1AE58F02,0x82AD303A,0xBF68A79A,0x2147567E,0x1C82C1DE,0x707EC70D,0x4DBB50AD,0xD394A149,0xEE5136E9,
  0x28002161,0x15C5B6C1,0x8BEA4725,0xB62FD085,0xDAD3D656,0xE71641F6,0x7939B012,0x44FC27B2,0xDCB4988A,0xE1710F2A,0x7F5EFECE,0x429B696E,0x2E676FBD,0x13A2F81D,0x8D8D09F9,0xB0489E59,
  0xA7EF2D8A,0x9A2ABA2A,0x04054BCE,0x39C0DC6E,0x553CDABD,0x68F94D1D,0xF6D6BCF9,0xCB132B59,0x535B9461,0x6E9E03C1,0xF0B1F225,0xCD746585,0xA1886356,0x9C4DF4F6,0x02620512,0x3FA792B2,
  0x00000000,0xC2A7C31A,0xB7798CAA,0x75DE4FB0,0xBA7233F3,0x78D5F0E9,0x0D0BBF59,0xCFAC7C43,0x40B08ECC,0x82174DD6,0xF7C90266,0x356EC17C,0xFAC2BD3F,0x38657E25,0x4DBB3195,0x8F1CF28F,
  0xEA2022C5,0x2887E1DF,0x5D59AE6F,0x9FFE6D75,0x50521136,0x92F5D22C,0xE72B9D9C,0x258C5E86,0xAA90AC09,0x68376F13,0x1DE920A3,0xDF4EE3B9,0x10E29FFA,0xD2455CE0,0xA79B1350,0x653CD04A,
  0x783C3C44,0xBA9BFF5E,0xCF45B0EE,0x0DE273F4,0xC24E0FB7,0x00E9CCAD,0x7537831D,0xB7904007,0x388CB288,0xFA2B7192,0x8FF53E22,0x4D52FD38,0x82FE817B,0x40594261,0x35870DD1,0xF720CECB,
  0x921C1E81,0x50BBDD9B,0x2565922B,0xE7C25131,0x286E2D72,0xEAC9EE68,0x9F17A1D8,0x5DB062C2,0xD2AC904D,0x100B5357,0x65D51CE7,0xA772DFFD,0x68DEA3BE,0xAA7960A4,0xDFA72F14,0x1D00EC0E,
  0x85D9C064,0x477E037E,0x32A04CCE,0xF0078FD4,0x3FABF397,0xFD0C308D,0x88D27F3D,0x4A75BC27,0xC5694EA8,0x07CE8DB2,0x7210C202,0xB0B70118,0x7F1B7D5B,0xBDBCBE41,0xC862F1F1,0x0AC532EB,
  0x6FF9E2A1,0xAD5E21BB,0xD8806E0B,0x1A27AD11,0xD58BD152,0x172C1248,0x62F25DF8,0xA0559EE2,0x2F496C6D,0xEDEEAF77,0x9830E0C7,0x5A9723DD,0x953B5F9E,0x579C9C84,0x2242D334,0xE0E5102E,
  0xFDE5FC20,0x3F423F3A,0x4A9C708A,0x883BB390,0x4797CFD3,0x85300CC9,0xF0EE4379,0x32498063,0xBD5572EC,0x7FF2B1F6,0x0A2CFE46,0xC88B3D5C,0x0727411F,0xC5808205,0xB05ECDB5,0x72F90EAF,
  0x17C5DEE5,0xD5621DFF,0xA0BC524F,0x621B9155,0xADB7ED16,0x6F102E0C,0x1ACE61BC,0xD869A2A6,0x57755029,0x95D29333,0xE00CDC83,0x22AB1F99,0xED0763DA,0x2FA0A0C0,0x5A7EEF70,0x98D92C6A,
  0x82795E7F,0x40DE9D65,0x3500D2D5,0xF7A711CF,0x380B6D8C,0xFAACAE96,0x8F72E126,0x4DD5223C,0xC2C9D0B3,0x006E13A9,0x75B05C19,0xB7179F03,0x78BBE340,0xBA1C205A,0xCFC26FEA,0x0D65ACF0,
  0x68597CBA,0xAAFEBFA0,0xDF20F010,0x1D87330A,0xD22B4F49,0x108C8C53,0x6552C3E3,0xA7F500F9,0x28E9F276,0xEA4E316C,0x9F907EDC,0x5D37BDC6,0x929BC185,0x503C029F,0x25E24D2F,0xE7458E35,
  0xFA45623B,0x38E2A121,0x4D3CEE91,0x8F9B2D8B,0x403751C8,0x829092D2,0xF74EDD62,0x35E91E78,0xBAF5ECF7,0x78522FED,0x0D8C605D,0xCF2BA347,0x0087DF04,0xC2201C1E,0xB7FE53AE,0x755990B4,
  0x106540FE,0xD2C283E4,0xA71CCC54,0x65BB0F4E,0xAA17730D,0x68B0B017,0x1D6EFFA7,0xDFC93CBD,0x50D5CE32,0x92720D28,0xE7AC4298,0x250B8182,0xEAA7FDC1,0x28003EDB,0x5DDE716B,0x9F79B271,
  0x07A09E1B,0xC5075D01,0xB0D912B1,0x727ED1AB,0xBDD2ADE8,0x7F756EF2,0x0AAB2142,0xC80CE258,0x471010D7,0x85B7D3CD,0xF0699C7D,0x32CE5F67,0xFD622324,0x3FC5E03E,0x4A1BAF8E,0x88BC6C94,
  0xED80BCDE,0x2F277FC4,0x5AF93074,0x985EF36E,0x57F28F2D,0x95554C37,0xE08B0387,0x222CC09D,0xAD303212,0x6F97F108,0x1A49BEB8,0xD8EE7DA2,0x174201E1,0xD5E5C2FB,0xA03B8D4B,0x629C4E51,
  0x7F9CA25F,0xBD3B6145,0xC8E52EF5,0x0A42EDEF,0xC5EE91AC,0x074952B6,0x72971D06,0xB030DE1C,0x3F2C2C93,0xFD8BEF89,0x8855A039,0x4AF26323,0x855E1F60,0x47F9DC7A,0x322793CA,0xF08050D0,
  0x95BC809A,0x571B4380,0x22C50C30,0xE062CF2A,0x2FCEB369,0xED697073,0x98B73FC3,0x5A10FCD9,0xD50C0E56,0x17ABCD4C,0x627582FC,0xA0D241E6,0x6F7E3DA5,0xADD9FEBF,0xD807B10F,0x1AA07215,
  0x00000000,0x1527BD2D,0xA346AC11,0xB661113C,0x5BAFEF84,0x4E8852A9,0xF8E94395,0xEDCEFEB8,0x8D14EA64,0x98335749,0x2E524675,0x3B75FB58,0xD6BB05E0,0xC39CB8CD,0x75FDA9F1,0x60DA14DC,
  0xE1D1B717,0xF4F60A3A,0x42971B06,0x57B0A62B,0xBA7E5893,0xAF59E5BE,0x1938F482,0x0C1F49AF,0x6CC55D73,0x79E2E05E,0xCF83F162,0xDAA44C4F,0x376AB2F7,0x224D0FDA,0x942C1EE6,0x810BA3CB,
  0xFA072D45,0xEF209068,0x59418154,0x4C663C79,0xA1A8C2C1,0xB48F7FEC,0x02EE6ED0,0x17C9D3FD,0x7713C721,0x62347A0C,0xD4556B30,0xC172D61D,0x2CBC28A5,0x399B9588,0x8FFA84B4,0x9ADD3999,
  0x1BD69A52,0x0EF1277F,0xB8903643,0xADB78B6E,0x407975D6,0x555EC8FB,0xE33FD9C7,0xF61864EA,0x96C27036,0x83E5CD1B,0x3584DC27,0x20A3610A,0xCD6D9FB2,0xD84A229F,0x6E2B33A3,0x7B0C8E8E,
  0x438B0B05,0x56ACB628,0xE0CDA714,0xF5EA1A39,0x1824E481,0x0D0359AC,0xBB624890,0xAE45F5BD,0xCE9FE161,0xDBB85C4C,0x6DD94D70,0x78FEF05D,0x95300EE5,0x8017B3C8,0x3676A2F4,0x23511FD9,
  0xA25ABC12,0xB77D013F,0x011C1003,0x143BAD2E,0xF9F55396,0xECD2EEBB,0x5AB3FF87,0x4F9442AA,0x2F4E5676,0x3A69EB5B,0x8C08FA67,0x992F474A,0x74E1B9F2,0x61C604DF,0xD7A715E3,0xC280A8CE,
  0xB98C2640,0xACAB9B6D,0x1ACA8A51,0x0FED377C,0xE223C9C4,0xF70474E9,0x416565D5,0x5442D8F8,0x3498CC24,0x21BF7109,0x97DE6035,0x82F9DD18,0x6F3723A0,0x7A109E8D,0xCC718FB1,0xD956329C,
  0x585D9157,0x4D7A2C7A,0xFB1B3D46,0xEE3C806B,0x03F27ED3,0x16D5C3FE,0xA0B4D2C2,0xB5936FEF,0xD5497B33,0xC06EC61E,0x760FD722,0x63286A0F,0x8EE694B7,0x9BC1299A,0x2DA038A6,0x3887858B,
  0x96EBA6CB,0x83CC1BE6,0x35AD0ADA,0x208AB7F7,0xCD44494F,0xD863F462,0x6E02E55E,0x7B255873,0x1BFF4CAF,0x0ED8F182,0xB8B9E0BE,0xAD9E5D93,0x4050A32B,0x55771E06,0xE3160F3A,0xF631B217,
  0x773A11DC,0x621DACF1,0xD47CBDCD,0xC15B00E0,0x2C95FE58,0x39B24375,0x8FD35249,0x9AF4EF64,0xFA2EFBB8,0xEF094695,0x596857A9,0x4C4FEA84,0xA181143C,0xB4A6A911,0x02C7B82D,0x17E00500,
  0x6CEC8B8E,0x79CB36A3,0xCFAA279F,0xDA8D9AB2,0x3743640A,0x2264D927,0x9405C81B,0x81227536,0xE1F861EA,0xF4DFDCC7,0x42BECDFB,0x579970D6,0xBA578E6E,0xAF703343,0x1911227F,0x0C369F52,
  0x8D3D3C99,0x981A81B4,0x2E7B9088,0x3B5C2DA5,0xD692D31D,0xC3B56E30,0x75D47F0C,0x60F3C221,0x0029D6FD,0x150E6BD0,0xA36F7AEC,0xB648C7C1,0x5B863979,0x4EA18454,0xF8C09568,0xEDE72845,
  0xD560ADCE,0xC04710E3,0x762601DF,0x6301BCF2,0x8ECF424A,0x9BE8FF67,0x2D89EE5B,0x38AE5376,0x587447AA,0x4D53FA87,0xFB32EBBB,0xEE155696,0x03DBA82E,0x16FC1503,0xA09D043F,0xB5BAB912,
  0x34B11AD9,0x2196A7F4,0x97F7B6C8,0x82D00BE5,0x6F1EF55D,0x7A394870,0xCC58594C,0xD97FE461,0xB9A5F0BD,0xAC824D90,0x1AE35CAC,0x0FC4E181,0xE20A1F39,0xF72DA214,0x414CB328,0x546B0E05,
  0x2F67808B,0x3A403DA6,0x8C212C9A,0x990691B7,0x74C86F0F,0x61EFD222,0xD78EC31E,0xC2A97E33,0xA2736AEF,0xB754D7C2,0x0135C6FE,0x14127BD3,0xF9DC856B,0xECFB3846,0x5A9A297A,0x4FBD9457,
  0xCEB6379C,0xDB918AB1,0x6DF09B8D,0x78D726A0,0x9519D818,0x803E6535,0x365F7409,0x2378C924,0x43A2DDF8,0x568560D5,0xE0E471E9,0xF5C3CCC4,0x180D327C,0x0D2A8F51,0xBB4B9E6D,0xAE6C2340,
  0x00000000,0xAF48228C,0x018245E4,0xAECA6768,0xD0611FFE,0x7F293D72,0xD1E35A1A,0x7EAB7896,0x3DEFB0FB,0x92A79277,0x3C6DF51F,0x9325D793,0xED8EAF05,0x42C68D89,0xEC0CEAE1,0x4344C86D,
  0x0EE44042,0xA1AC62CE,0x0F6605A6,0xA02E272A,0xDE855FBC,0x71CD7D30,0xDF071A58,0x704F38D4,0x330BF0B9,0x9C43D235,0x3289B55D,0x9DC197D1,0xE36AEF47,0x4C22CDCB,0xE2E8AAA3,0x4DA0882F,
  0xD2499528,0x7D01B7A4,0xD3CBD0CC,0x7C83F240,0x02288AD6,0xAD60A85A,0x03AACF32,0xACE2EDBE,0xEFA625D3,0x40EE075F,0xEE246037,0x416C42BB,0x3FC73A2D,0x908F18A1,0x3E457FC9,0x910D5D45,
  0xDCADD56A,0x73E5F7E6,0xDD2F908E,0x7267B202,0x0CCCCA94,0xA384E818,0x0D4E8F70,0xA206ADFC,0xE1426591,0x4E0A471D,0xE0C02075,0x4F8802F9,0x31237A6F,0x9E6B58E3,0x30A13F8B,0x9FE91D07,
  0xF831549A,0x57797616,0xF9B3117E,0x56FB33F2,0x28504B64,0x871869E8,0x29D20E80,0x869A2C0C,0xC5DEE461,0x6A96C6ED,0xC45CA185,0x6B148309,0x15BFFB9F,0xBAF7D913,0x143DBE7B,0xBB759CF7,
  0xF6D514D8,0x599D3654,0xF757513C,0x581F73B0,0x26B40B26,0x89FC29AA,0x27364EC2,0x887E6C4E,0xCB3AA423,0x647286AF,0xCAB8E1C7,0x65F0C34B,0x1B5BBBDD,0xB4139951,0x1AD9FE39,0xB591DCB5,
  0x2A78C1B2,0x8530E33E,0x2BFA8456,0x84B2A6DA,0xFA19DE4C,0x5551FCC0,0xFB9B9BA8,0x54D3B924,0x17977149,0xB8DF53C5,0x161534AD,0xB95D1621,0xC7F66EB7,0x68BE4C3B,0xC6742B53,0x693C09DF,
  0x249C81F0,0x8BD4A37C,0x251EC414,0x8A56E698,0xF4FD9E0E,0x5BB5BC82,0xF57FDBEA,0x5A37F966,0x1973310B,0xB63B1387,0x18F174EF,0xB7B95663,0xC9122EF5,0x665A0C79,0xC8906B11,0x67D8499D,
  0x4E7C0B4B,0xE13429C7,0x4FFE4EAF,0xE0B66C23,0x9E1D14B5,0x31553639,0x9F9F5151,0x30D773DD,0x7393BBB0,0xDCDB993C,0x7211FE54,0xDD59DCD8,0xA3F2A44E,0x0CBA86C2,0xA270E1AA,0x0D38C326,
  0x40984B09,0xEFD06985,0x411A0EED,0xEE522C61,0x90F954F7,0x3FB1767B,0x917B1113,0x3E33339F,0x7D77FBF2,0xD23FD97E,0x7CF5BE16,0xD3BD9C9A,0xAD16E40C,0x025EC680,0xAC94A1E8,0x03DC8364,
  0x9C359E63,0x337DBCEF,0x9DB7DB87,0x32FFF90B,0x4C54819D,0xE31CA311,0x4DD6C479,0xE29EE6F5,0xA1DA2E98,0x0E920C14,0xA0586B7C,0x0F1049F0,0x71BB3166,0xDEF313EA,0x70397482,0xDF71560E,
  0x92D1DE21,0x3D99FCAD,0x93539BC5,0x3C1BB949,0x42B0C1DF,0xEDF8E353,0x4332843B,0xEC7AA6B7,0xAF3E6EDA,0x00764C56,0xAEBC2B3E,0x01F409B2,0x7F5F7124,0xD01753A8,0x7EDD34C0,0xD195164C,
  0xB64D5FD1,0x19057D5D,0xB7CF1A35,0x188738B9,0x662C402F,0xC96462A3,0x67AE05CB,0xC8E62747,0x8BA2EF2A,0x24EACDA6,0x8A20AACE,0x25688842,0x5BC3F0D4,0xF48BD258,0x5A41B530,0xF50997BC,
  0xB8A91F93,0x17E13D1F,0xB92B5A77,0x166378FB,0x68C8006D,0xC78022E1,0x694A4589,0xC6026705,0x8546AF68,0x2A0E8DE4,0x84C4EA8C,0x2B8CC800,0x5527B096,0xFA6F921A,0x54A5F572,0xFBEDD7FE,
  0x6404CAF9,0xCB4CE875,0x65868F1D,0xCACEAD91,0xB465D507,0x1B2DF78B,0xB5E790E3,0x1AAFB26F,0x59EB7A02,0xF6A3588E,0x58693FE6,0xF7211D6A,0x898A65FC,0x26C24770,0x88082018,0x27400294,
  0x6AE08ABB,0xC5A8A837,0x6B62CF5F,0xC42AEDD3,0xBA819545,0x15C9B7C9,0xBB03D0A1,0x144BF22D,0x570F3A40,0xF84718CC,0x568D7FA4,0xF9C55D28,0x876E25BE,0x28260732,0x86EC605A,0x29A442D6,
  0x00000000,0x7A9D1FB7,0x2119CEBC,0x5B84D10B,0xBBBCAE20,0xC121B197,0x9AA5609C,0xE0387F2B,0x58044615,0x229959A2,0x791D88A9,0x0380971E,0xE3B8E835,0x9925F782,0xC2A12689,0xB83C393E,
  0x21C57326,0x5B586C91,0x00DCBD9A,0x7A41A22D,0x9A79DD06,0xE0E4C2B1,0xBB6013BA,0xC1FD0C0D,0x79C13533,0x035C2A84,0x58D8FB8F,0x2245E438,0xC27D9B13,0xB8E084A4,0xE36455AF,0x99F94A18,
  0x556177C1,0x2FFC6876,0x7478B97D,0x0EE5A6CA,0xEEDDD9E1,0x9440C656,0xCFC4175D,0xB55908EA,0x0D6531D4,0x77F82E63,0x2C7CFF68,0x56E1E0DF,0xB6D99FF4,0xCC448043,0x97C05148,0xED5D4EFF,
  0x74A404E7,0x0E391B50,0x55BDCA5B,0x2F20D5EC,0xCF18AAC7,0xB585B570,0xEE01647B,0x949C7BCC,0x2CA042F2,0x563D5D45,0x0DB98C4E,0x772493F9,0x971CECD2,0xED81F365,0xB605226E,0xCC983DD9,
  0xB1ECE78F,0xCB71F838,0x90F52933,0xEA683684,0x0A5049AF,0x70CD5618,0x2B498713,0x51D498A4,0xE9E8A19A,0x9375BE2D,0xC8F16F26,0xB26C7091,0x52540FBA,0x28C9100D,0x734DC106,0x09D0DEB1,
  0x902994A9,0xEAB48B1E,0xB1305A15,0xCBAD45A2,0x2B953A89,0x5108253E,0x0A8CF435,0x7011EB82,0xC82DD2BC,0xB2B0CD0B,0xE9341C00,0x93A903B7,0x73917C9C,0x090C632B,0x5288B220,0x2815AD97,
  0xE48D904E,0x9E108FF9,0xC5945EF2,0xBF094145,0x5F313E6E,0x25AC21D9,0x7E28F0D2,0x04B5EF65,0xBC89D65B,0xC614C9EC,0x9D9018E7,0xE70D0750,0x0735787B,0x7DA867CC,0x262CB6C7,0x5CB1A970,
  0xC548E368,0xBFD5FCDF,0xE4512DD4,0x9ECC3263,0x7EF44D48,0x046952FF,0x5FED83F4,0x25709C43,0x9D4CA57D,0xE7D1BACA,0xBC556BC1,0xC6C87476,0x26F00B5D,0x5C6D14EA,0x07E9C5E1,0x7D74DA56,
  0x3B9A3474,0x41072BC3,0x1A83FAC8,0x601EE57F,0x80269A54,0xFABB85E3,0xA13F54E8,0xDBA24B5F,0x639E7261,0x19036DD6,0x4287BCDD,0x381AA36A,0xD822DC41,0xA2BFC3F6,0xF93B12FD,0x83A60D4A,
  0x1A5F4752,0x60C258E5,0x3B4689EE,0x41DB9659,0xA1E3E972,0xDB7EF6C5,0x80FA27CE,0xFA673879,0x425B0147,0x38C61EF0,0x6342CFFB,0x19DFD04C,0xF9E7AF67,0x837AB0D0,0xD8FE61DB,0xA2637E6C,
  0x6EFB43B5,0x14665C02,0x4FE28D09,0x357F92BE,0xD547ED95,0xAFDAF222,0xF45E2329,0x8EC33C9E,0x36FF05A0,0x4C621A17,0x17E6CB1C,0x6D7BD4AB,0x8D43AB80,0xF7DEB437,0xAC5A653C,0xD6C77A8B,
  0x4F3E3093,0x35A32F24,0x6E27FE2F,0x14BAE198,0xF4829EB3,0x8E1F8104,0xD59B500F,0xAF064FB8,0x173A7686,0x6DA76931,0x3623B83A,0x4CBEA78D,0xAC86D8A6,0xD61BC711,0x8D9F161A,0xF70209AD,
  0x8A76D3FB,0xF0EBCC4C,0xAB6F1D47,0xD1F202F0,0x31CA7DDB,0x4B57626C,0x10D3B367,0x6A4EACD0,0xD27295EE,0xA8EF8A59,0xF36B5B52,0x89F644E5,0x69CE3BCE,0x13532479,0x48D7F572,0x324AEAC5,
  0xABB3A0DD,0xD12EBF6A,0x8AAA6E61,0xF03771D6,0x100F0EFD,0x6A92114A,0x3116C041,0x4B8BDFF6,0xF3B7E6C8,0x892AF97F,0xD2AE2874,0xA83337C3,0x480B48E8,0x3296575F,0x69128654,0x138F99E3,
  0xDF17A43A,0xA58ABB8D,0xFE0E6A86,0x84937531,0x64AB0A1A,0x1E3615AD,0x45B2C4A6,0x3F2FDB11,0x8713E22F,0xFD8EFD98,0xA60A2C93,0xDC973324,0x3CAF4C0F,0x463253B8,0x1DB682B3,0x672B9D04,
  0xFED2D71C,0x844FC8AB,0xDFCB19A0,0xA5560617,0x456E793C,0x3FF3668B,0x6477B780,0x1EEAA837,0xA6D69109,0xDC4B8EBE,0x87CF5FB5,0xFD524002,0x1D6A3F29,0x67F7209E,0x3C73F195,0x46EEEE22,
  0x00000000,0x559CA332,0x0D8C5F80,0x5810FCB2,0x868524B5,0xD3198787,0x8B097B35,0xDE95D807,0x4F752B95,0x1AE988A7,0x42F97415,0x1765D727,0xC9F00F20,0x9C6CAC12,0xC47C50A0,0x91E0F392,
  0xBB45FADE,0xEED959EC,0xB6C9A55E,0xE355066C,0x3DC0DE6B,0x685C7D59,0x304C81EB,0x65D022D9,0xF430D14B,0xA1AC7279,0xF9BC8ECB,0xAC202DF9,0x72B5F5FE,0x272956CC,0x7F39AA7E,0x2AA5094C,
  0xAA5B8B0E,0xFFC7283C,0xA7D7D48E,0xF24B77BC,0x2CDEAFBB,0x79420C89,0x2152F03B,0x74CE5309,0xE52EA09B,0xB0B203A9,0xE8A2FF1B,0xBD3E5C29,0x63AB842E,0x3637271C,0x6E27DBAE,0x3BBB789C,
  0x111E71D0,0x4482D2E2,0x1C922E50,0x490E8D62,0x979B5565,0xC207F657,0x9A170AE5,0xCF8BA9D7,0x5E6B5A45,0x0BF7F977,0x53E705C5,0x067BA6F7,0xD8EE7EF0,0x8D72DDC2,0xD5622170,0x80FE8242,
  0xF3B29FEC,0xA62E3CDE,0xFE3EC06C,0xABA2635E,0x7537BB59,0x20AB186B,0x78BBE4D9,0x2D2747EB,0xBCC7B479,0xE95B174B,0xB14BEBF9,0xE4D748CB,0x3A4290CC,0x6FDE33FE,0x37CECF4C,0x62526C7E,
  0x48F76532,0x1D6BC600,0x457B3AB2,0x10E79980,0xCE724187,0x9BEEE2B5,0xC3FE1E07,0x9662BD35,0x07824EA7,0x521EED95,0x0A0E1127,0x5F92B215,0x81076A12,0xD49BC920,0x8C8B3592,0xD91796A0,
  0x59E914E2,0x0C75B7D0,0x54654B62,0x01F9E850,0xDF6C3057,0x8AF09365,0xD2E06FD7,0x877CCCE5,0x169C3F77,0x43009C45,0x1B1060F7,0x4E8CC3C5,0x90191BC2,0xC585B8F0,0x9D954442,0xC809E770,
  0xE2ACEE3C,0xB7304D0E,0xEF20B1BC,0xBABC128E,0x6429CA89,0x31B569BB,0x69A59509,0x3C39363B,0xADD9C5A9,0xF845669B,0xA0559A29,0xF5C9391B,0x2B5CE11C,0x7EC0422E,0x26D0BE9C,0x734C1DAE,
  0x8FEA116C,0xDA76B25E,0x82664EEC,0xD7FAEDDE,0x096F35D9,0x5CF396EB,0x04E36A59,0x517FC96B,0xC09F3AF9,0x950399CB,0xCD136579,0x988FC64B,0x461A1E4C,0x1386BD7E,0x4B9641CC,0x1E0AE2FE,
  0x34AFEBB2,0x61334880,0x3923B432,0x6CBF1700,0xB22ACF07,0xE7B66C35,0xBFA69087,0xEA3A33B5,0x7BDAC027,0x2E466315,0x76569FA7,0x23CA3C95,0xFD5FE492,0xA8C347A0,0xF0D3BB12,0xA54F1820,
  0x25B19A62,0x702D3950,0x283DC5E2,0x7DA166D0,0xA334BED7,0xF6A81DE5,0xAEB8E157,0xFB244265,0x6AC4B1F7,0x3F5812C5,0x6748EE77,0x32D44D45,0xEC419542,0xB9DD3670,0xE1CDCAC2,0xB45169F0,
  0x9EF460BC,0xCB68C38E,0x93783F3C,0xC6E49C0E,0x18714409,0x4DEDE73B,0x15FD1B89,0x4061B8BB,0xD1814B29,0x841DE81B,0xDC0D14A9,0x8991B79B,0x57046F9C,0x0298CCAE,0x5A88301C,0x0F14932E,
  0x7C588E80,0x29C42DB2,0x71D4D100,0x24487232,0xFADDAA35,0xAF410907,0xF751F5B5,0xA2CD5687,0x332DA515,0x66B10627,0x3EA1FA95,0x6B3D59A7,0xB5A881A0,0xE0342292,0xB824DE20,0xEDB87D12,
  0xC71D745E,0x9281D76C,0xCA912BDE,0x9F0D88EC,0x419850EB,0x1404F3D9,0x4C140F6B,0x1988AC59,0x88685FCB,0xDDF4FCF9,0x85E4004B,0xD078A379,0x0EED7B7E,0x5B71D84C,0x036124FE,0x56FD87CC,
  0xD603058E,0x839FA6BC,0xDB8F5A0E,0x8E13F93C,0x5086213B,0x051A8209,0x5D0A7EBB,0x0896DD89,0x99762E1B,0xCCEA8D29,0x94FA719B,0xC166D2A9,0x1FF30AAE,0x4A6FA99C,0x127F552E,0x47E3F61C,
  0x6D46FF50,0x38DA5C62,0x60CAA0D0,0x355603E2,0xEBC3DBE5,0xBE5F78D7,0xE64F8465,0xB3D32757,0x2233D4C5,0x77AF77F7,0x2FBF8B45,0x7A232877,0xA4B6F070,0xF12A5342,0xA93AAFF0,0xFCA60CC2,
  0x00000000,0xBD3CA6FD,0x26489324,0x9B7435D9,0x69C43B26,0xD4F89DDB,0x4F8CA802,0xF2B00EFF,0x4AE989BC,0xF7D52F41,0x6CA11A98,0xD19DBC65,0x232DB29A,0x9E111467,0x056521BE,0xB8598743,
  0x11F0A3F7,0xACCC050A,0x37B830D3,0x8A84962E,0x783498D1,0xC5083E2C,0x5E7C0BF5,0xE340AD08,0x5B192A4B,0xE6258CB6,0x7D51B96F,0xC06D1F92,0x32DD116D,0x8FE1B790,0x14958249,0xA9A924B4,
  0x25850D09,0x98B9ABF4,0x03CD9E2D,0xBEF138D0,0x4C41362F,0xF17D90D2,0x6A09A50B,0xD73503F6,0x6F6C84B5,0xD2502248,0x49241791,0xF418B16C,0x06A8BF93,0xBB94196E,0x20E02CB7,0x9DDC8A4A,
  0x3475AEFE,0x89490803,0x123D3DDA,0xAF019B27,0x5DB195D8,0xE08D3325,0x7BF906FC,0xC6C5A001,0x7E9C2742,0xC3A081BF,0x58D4B466,0xE5E8129B,0x17581C64,0xAA64BA99,0x31108F40,0x8C2C29BD,
  0xD4393D29,0x69059BD4,0xF271AE0D,0x4F4D08F0,0xBDFD060F,0x00C1A0F2,0x9BB5952B,0x268933D6,0x9ED0B495,0x23EC1268,0xB89827B1,0x05A4814C,0xF7148FB3,0x4A28294E,0xD15C1C97,0x6C60BA6A,
  0xC5C99EDE,0x78F53823,0xE3810DFA,0x5EBDAB07,0xAC0DA5F8,0x11310305,0x8A4536DC,0x37799021,0x8F201762,0x321CB19F,0xA9688446,0x145422BB,0xE6E42C44,0x5BD88AB9,0xC0ACBF60,0x7D90199D,
  0xF1BC3020,0x4C8096DD,0xD7F4A304,0x6AC805F9,0x98780B06,0x2544ADFB,0xBE309822,0x030C3EDF,0xBB55B99C,0x06691F61,0x9D1D2AB8,0x20218C45,0xD29182BA,0x6FAD2447,0xF4D9119E,0x49E5B763,
  0xE04C93D7,0x5D70352A,0xC60400F3,0x7B38A60E,0x8988A8F1,0x34B40E0C,0xAFC03BD5,0x12FC9D28,0xAAA51A6B,0x1799BC96,0x8CED894F,0x31D12FB2,0xC361214D,0x7E5D87B0,0xE529B269,0x58151494,
  0xFB5D1971,0x4661BF8C,0xDD158A55,0x60292CA8,0x92992257,0x2FA584AA,0xB4D1B173,0x09ED178E,0xB1B490CD,0x0C883630,0x97FC03E9,0x2AC0A514,0xD870ABEB,0x654C0D16,0xFE3838CF,0x43049E32,
  0xEAADBA86,0x57911C7B,0xCCE529A2,0x71D98F5F,0x836981A0,0x3E55275D,0xA5211284,0x181DB479,0xA044333A,0x1D7895C7,0x860CA01E,0x3B3006E3,0xC980081C,0x74BCAEE1,0xEFC89B38,0x52F43DC5,
  0xDED81478,0x63E4B285,0xF890875C,0x45AC21A1,0xB71C2F5E,0x0A2089A3,0x9154BC7A,0x2C681A87,0x94319DC4,0x290D3B39,0xB2790EE0,0x0F45A81D,0xFDF5A6E2,0x40C9001F,0xDBBD35C6,0x6681933B,
  0xCF28B78F,0x72141172,0xE96024AB,0x545C8256,0xA6EC8CA9,0x1BD02A54,0x80A41F8D,0x3D98B970,0x85C13E33,0x38FD98CE,0xA389AD17,0x1EB50BEA,0xEC050515,0x5139A3E8,0xCA4D9631,0x777130CC,
  0x2F642458,0x925882A5,0x092CB77C,0xB4101181,0x46A01F7E,0xFB9CB983,0x60E88C5A,0xDDD42AA7,0x658DADE4,0xD8B10B19,0x43C53EC0,0xFEF9983D,0x0C4996C2,0xB175303F,0x2A0105E6,0x973DA31B,
  0x3E9487AF,0x83A82152,0x18DC148B,0xA5E0B276,0x5750BC89,0xEA6C1A74,0x71182FAD,0xCC248950,0x747D0E13,0xC941A8EE,0x52359D37,0xEF093BCA,0x1DB93535,0xA08593C8,0x3BF1A611,0x86CD00EC,
  0x0AE12951,0xB7DD8FAC,0x2CA9BA75,0x91951C88,0x63251277,0xDE19B48A,0x456D8153,0xF85127AE,0x4008A0ED,0xFD340610,0x664033C9,0xDB7C9534,0x29CC9BCB,0x94F03D36,0x0F8408EF,0xB2B8AE12,
  0x1B118AA6,0xA62D2C5B,0x3D591982,0x8065BF7F,0x72D5B180,0xCFE9177D,0x549D22A4,0xE9A18459,0x51F8031A,0xECC4A5E7,0x77B0903E,0xCA8C36C3,0x383C383C,0x85009EC1,0x1E74AB18,0xA3480DE5,
  0x00000000,0x0CF4E9CC,0x156F116C,0x199BF8A0,0xFA7B3780,0xF68FDE4C,0xEF1426EC,0xE3E0CF20,0x9E0E158C,0x92FAFC40,0x8B6104E0,0x8795ED2C,0x6475220C,0x6881CBC0,0x711A3360,0x7DEEDAAC,
  0x2AA1346D,0x2655DDA1,0x3FCE2501,0x333ACCCD,0xD0DA03ED,0xDC2EEA21,0xC5B51281,0xC941FB4D,0xB4AF21E1,0xB85BC82D,0xA1C0308D,0xAD34D941,0x4ED41661,0x4220FFAD,0x5BBB070D,0x574FEEC1,
  0x7C3BC611,0x70CF2FDD,0x6954D77D,0x65A03EB1,0x8640F191,0x8AB4185D,0x932FE0FD,0x9FDB0931,0xE235D39D,0xEEC13A51,0xF75AC2F1,0xFBAE2B3D,0x184EE41D,0x14BA0DD1,0x0D21F571,0x01D51CBD,
  0x569AF27C,0x5A6E1BB0,0x43F5E310,0x4F010ADC,0xACE1C5FC,0xA0152C30,0xB98ED490,0xB57A3D5C,0xC894E7F0,0xC4600E3C,0xDDFBF69C,0xD10F1F50,0x32EFD070,0x3E1B39BC,0x2780C11C,0x2B7428D0,
  0x795155E7,0x75A5BC2B,0x6C3E448B,0x60CAAD47,0x832A6267,0x8FDE8BAB,0x9645730B,0x9AB19AC7,0xE75F406B,0xEBABA9A7,0xF2305107,0xFEC4B8CB,0x1D2477EB,0x11D09E27,0x084B6687,0x04BF8F4B,
  0x53F0618A,0x5F048846,0x469F70E6,0x4A6B992A,0xA98B560A,0xA57FBFC6,0xBCE44766,0xB010AEAA,0xCDFE7406,0xC10A9DCA,0xD891656A,0xD4658CA6,0x37854386,0x3B71AA4A,0x22EA52EA,0x2E1EBB26,
  0x056A93F6,0x099E7A3A,0x1005829A,0x1CF16B56,0xFF11A476,0xF3E54DBA,0xEA7EB51A,0xE68A5CD6,0x9B64867A,0x97906FB6,0x8E0B9716,0x82FF7EDA,0x611FB1FA,0x6DEB5836,0x7470A096,0x7884495A,
  0x2FCBA79B,0x233F4E57,0x3AA4B6F7,0x36505F3B,0xD5B0901B,0xD94479D7,0xC0DF8177,0xCC2B68BB,0xB1C5B217,0xBD315BDB,0xA4AAA37B,0xA85E4AB7,0x4BBE8597,0x474A6C5B,0x5ED194FB,0x52257D37,
  0xEAE6A8E1,0xE612412D,0xFF89B98D,0xF37D5041,0x109D9F61,0x1C6976AD,0x05F28E0D,0x090667C1,0x74E8BD6D,0x781C54A1,0x6187AC01,0x6D7345CD,0x8E938AED,0x82676321,0x9BFC9B81,0x9708724D,
  0xC0479C8C,0xCCB37540,0xD5288DE0,0xD9DC642C,0x3A3CAB0C,0x36C842C0,0x2F53BA60,0x23A753AC,0x5E498900,0x52BD60CC,0x4B26986C,0x47D271A0,0xA432BE80,0xA8C6574C,0xB15DAFEC,0xBDA94620,
  0x96DD6EF0,0x9A29873C,0x83B27F9C,0x8F469650,0x6CA65970,0x6052B0BC,0x79C9481C,0x753DA1D0,0x08D37B7C,0x042792B0,0x1DBC6A10,0x114883DC,0xF2A84CFC,0xFE5CA530,0xE7C75D90,0xEB33B45C,
  0xBC7C5A9D,0xB088B351,0xA9134BF1,0xA5E7A23D,0x46076D1D,0x4AF384D1,0x53687C71,0x5F9C95BD,0x22724F11,0x2E86A6DD,0x371D5E7D,0x3BE9B7B1,0xD8097891,0xD4FD915D,0xCD6669FD,0xC1928031,
  0x93B7FD06,0x9F4314CA,0x86D8EC6A,0x8A2C05A6,0x69CCCA86,0x6538234A,0x7CA3DBEA,0x70573226,0x0DB9E88A,0x014D0146,0x18D6F9E6,0x1422102A,0xF7C2DF0A,0xFB3636C6,0xE2ADCE66,0xEE5927AA,
  0xB916C96B,0xB5E220A7,0xAC79D807,0xA08D31CB,0x436DFEEB,0x4F991727,0x5602EF87,0x5AF6064B,0x2718DCE7,0x2BEC352B,0x3277CD8B,0x3E832447,0xDD63EB67,0xD19702AB,0xC80CFA0B,0xC4F813C7,
  0xEF8C3B17,0xE378D2DB,0xFAE32A7B,0xF617C3B7,0x15F70C97,0x1903E55B,0x00981DFB,0x0C6CF437,0x71822E9B,0x7D76C757,0x64ED3FF7,0x6819D63B,0x8BF9191B,0x870DF0D7,0x9E960877,0x9262E1BB,
  0xC52D0F7A,0xC9D9E6B6,0xD0421E16,0xDCB6F7DA,0x3F5638FA,0x33A2D136,0x2A392996,0x26CDC05A,0x5B231AF6,0x57D7F33A,0x4E4C0B9A,0x42B8E256,0xA1582D76,0xADACC4BA,0xB4373C1A,0xB8C3D5D6,
  0x00000000,0xA8820F95,0x2AAF13A9,0x822D1C3C,0x4D2038FD,0xE5A23768,0x678F2B54,0xCF0D24C1,0xCDA842D3,0x652A4D46,0xE707517A,0x4F855EEF,0x80887A2E,0x280A75BB,0xAA276987,0x02A56612,
  0xDD9D689D,0x751F6708,0xF7327B34,0x5FB074A1,0x90BD5060,0x383F5FF5,0xBA1243C9,0x12904C5C,0x10352A4E,0xB8B725DB,0x3A9A39E7,0x92183672,0x5D1512B3,0xF5971D26,0x77BA011A,0xDF380E8F,
  0xADD07013,0x05527F86,0x877F63BA,0x2FFD6C2F,0xE0F048EE,0x4872477B,0xCA5F5B47,0x62DD54D2,0x607832C0,0xC8FA3D55,0x4AD72169,0xE2552EFC,0x2D580A3D,0x85DA05A8,0x07F71994,0xAF751601,
  0x704D188E,0xD8CF171B,0x5AE20B27,0xF26004B2,0x3D6D2073,0x95EF2FE6,0x17C233DA,0xBF403C4F,0xBDE55A5D,0x156755C8,0x974A49F4,0x3FC84661,0xF0C562A0,0x58476D35,0xDA6A7109,0x72E87E9C,
  0xE9FA963C,0x417899A9,0xC3558595,0x6BD78A00,0xA4DAAEC1,0x0C58A154,0x8E75BD68,0x26F7B2FD,0x2452D4EF,0x8CD0DB7A,0x0EFDC746,0xA67FC8D3,0x6972EC12,0xC1F0E387,0x43DDFFBB,0xEB5FF02E,
  0x3467FEA1,0x9CE5F134,0x1EC8ED08,0xB64AE29D,0x7947C65C,0xD1C5C9C9,0x53E8D5F5,0xFB6ADA60,0xF9CFBC72,0x514DB3E7,0xD360AFDB,0x7BE2A04E,0xB4EF848F,0x1C6D8B1A,0x9E409726,0x36C298B3,
  0x442AE62F,0xECA8E9BA,0x6E85F586,0xC607FA13,0x090ADED2,0xA188D147,0x23A5CD7B,0x8B27C2EE,0x8982A4FC,0x2100AB69,0xA32DB755,0x0BAFB8C0,0xC4A29C01,0x6C209394,0xEE0D8FA8,0x468F803D,
  0x99B78EB2,0x31358127,0xB3189D1B,0x1B9A928E,0xD497B64F,0x7C15B9DA,0xFE38A5E6,0x56BAAA73,0x541FCC61,0xFC9DC3F4,0x7EB0DFC8,0xD632D05D,0x193FF49C,0xB1BDFB09,0x3390E735,0x9B12E8A0,
  0xD3513CA1,0x7BD33334,0xF9FE2F08,0x517C209D,0x9E71045C,0x36F30BC9,0xB4DE17F5,0x1C5C1860,0x1EF97E72,0xB67B71E7,0x34566DDB,0x9CD4624E,0x53D9468F,0xFB5B491A,0x79765526,0xD1F45AB3,
  0x0ECC543C,0xA64E5BA9,0x24634795,0x8CE14800,0x43EC6CC1,0xEB6E6354,0x69437F68,0xC1C170FD,0xC36416EF,0x6BE6197A,0xE9CB0546,0x41490AD3,0x8E442E12,0x26C62187,0xA4EB3DBB,0x0C69322E,
  0x7E814CB2,0xD6034327,0x542E5F1B,0xFCAC508E,0x33A1744F,0x9B237BDA,0x190E67E6,0xB18C6873,0xB3290E61,0x1BAB01F4,0x99861DC8,0x3104125D,0xFE09369C,0x568B3909,0xD4A62535,0x7C242AA0,
  0xA31C242F,0x0B9E2BBA,0x89B33786,0x21313813,0xEE3C1CD2,0x46BE1347,0xC4930F7B,0x6C1100EE,0x6EB466FC,0xC6366969,0x441B7555,0xEC997AC0,0x23945E01,0x8B165194,0x093B4DA8,0xA1B9423D,
  0x3AABAA9D,0x9229A508,0x1004B934,0xB886B6A1,0x778B9260,0xDF099DF5,0x5D2481C9,0xF5A68E5C,0xF703E84E,0x5F81E7DB,0xDDACFBE7,0x752EF472,0xBA23D0B3,0x12A1DF26,0x908CC31A,0x380ECC8F,
  0xE736C200,0x4FB4CD95,0xCD99D1A9,0x651BDE3C,0xAA16FAFD,0x0294F568,0x80B9E954,0x283BE6C1,0x2A9E80D3,0x821C8F46,0x0031937A,0xA8B39CEF,0x67BEB82E,0xCF3CB7BB,0x4D11AB87,0xE593A412,
  0x977BDA8E,0x3FF9D51B,0xBDD4C927,0x1556C6B2,0xDA5BE273,0x72D9EDE6,0xF0F4F1DA,0x5876FE4F,0x5AD3985D,0xF25197C8,0x707C8BF4,0xD8FE8461,0x17F3A0A0,0xBF71AF35,0x3D5CB309,0x95DEBC9C,
  0x4AE6B213,0xE264BD86,0x6049A1BA,0xC8CBAE2F,0x07C68AEE,0xAF44857B,0x2D699947,0x85EB96D2,0x874EF0C0,0x2FCCFF55,0xADE1E369,0x0563ECFC,0xCA6EC83D,0x62ECC7A8,0xE0C1DB94,0x4843D401,
  0x00000000,0x806FE68A,0x708ADFD3,0xF0E53959,0xB77BDB92,0x37143D18,0xC7F10441,0x479EE2CB,0xF2973DA9,0x72F8DB23,0x821DE27A,0x027204F0,0x45ECE63B,0xC58300B1,0x356639E8,0xB509DF62,
  0x305E6389,0xB0318503,0x40D4BC5A,0xC0BB5AD0,0x8725B81B,0x074A5E91,0xF7AF67C8,0x77C08142,0xC2C95E20,0x42A6B8AA,0xB24381F3,0x322C6779,0x75B285B2,0xF5DD6338,0x05385A61,0x8557BCEB,
  0xC2A20659,0x42CDE0D3,0xB228D98A,0x32473F00,0x75D9DDCB,0xF5B63B41,0x05530218,0x853CE492,0x30353BF0,0xB05ADD7A,0x40BFE423,0xC0D002A9,0x874EE062,0x072106E8,0xF7C43FB1,0x77ABD93B,
  0xF2FC65D0,0x7293835A,0x8276BA03,0x02195C89,0x4587BE42,0xC5E858C8,0x350D6191,0xB562871B,0x006B5879,0x8004BEF3,0x70E187AA,0xF08E6120,0xB71083EB,0x377F6561,0xC79A5C38,0x47F5BAB2,
  0xF4B67792,0x74D99118,0x843CA841,0x04534ECB,0x43CDAC00,0xC3A24A8A,0x334773D3,0xB3289559,0x06214A3B,0x864EACB1,0x76AB95E8,0xF6C47362,0xB15A91A9,0x31357723,0xC1D04E7A,0x41BFA8F0,
  0xC4E8141B,0x4487F291,0xB462CBC8,0x340D2D42,0x7393CF89,0xF3FC2903,0x0319105A,0x8376F6D0,0x367F29B2,0xB610CF38,0x46F5F661,0xC69A10EB,0x8104F220,0x016B14AA,0xF18E2DF3,0x71E1CB79,
  0x361471CB,0xB67B9741,0x469EAE18,0xC6F14892,0x816FAA59,0x01004CD3,0xF1E5758A,0x718A9300,0xC4834C62,0x44ECAAE8,0xB40993B1,0x3466753B,0x73F897F0,0xF397717A,0x03724823,0x831DAEA9,
  0x064A1242,0x8625F4C8,0x76C0CD91,0xF6AF2B1B,0xB131C9D0,0x315E2F5A,0xC1BB1603,0x41D4F089,0xF4DD2FEB,0x74B2C961,0x8457F038,0x043816B2,0x43A6F479,0xC3C912F3,0x332C2BAA,0xB343CD20,
  0x074F7A10,0x87209C9A,0x77C5A5C3,0xF7AA4349,0xB034A182,0x305B4708,0xC0BE7E51,0x40D198DB,0xF5D847B9,0x75B7A133,0x8552986A,0x053D7EE0,0x42A39C2B,0xC2CC7AA1,0x322943F8,0xB246A572,
  0x37111999,0xB77EFF13,0x479BC64A,0xC7F420C0,0x806AC20B,0x00052481,0xF0E01DD8,0x708FFB52,0xC5862430,0x45E9C2BA,0xB50CFBE3,0x35631D69,0x72FDFFA2,0xF2921928,0x02772071,0x8218C6FB,
  0xC5ED7C49,0x45829AC3,0xB567A39A,0x35084510,0x7296A7DB,0xF2F94151,0x021C7808,0x82739E82,0x377A41E0,0xB715A76A,0x47F09E33,0xC79F78B9,0x80019A72,0x006E7CF8,0xF08B45A1,0x70E4A32B,
  0xF5B31FC0,0x75DCF94A,0x8539C013,0x05562699,0x42C8C452,0xC2A722D8,0x32421B81,0xB22DFD0B,0x07242269,0x874BC4E3,0x77AEFDBA,0xF7C11B30,0xB05FF9FB,0x30301F71,0xC0D52628,0x40BAC0A2,
  0xF3F90D82,0x7396EB08,0x8373D251,0x031C34DB,0x4482D610,0xC4ED309A,0x340809C3,0xB467EF49,0x016E302B,0x8101D6A1,0x71E4EFF8,0xF18B0972,0xB615EBB9,0x367A0D33,0xC69F346A,0x46F0D2E0,
  0xC3A76E0B,0x43C88881,0xB32DB1D8,0x33425752,0x74DCB599,0xF4B35313,0x04566A4A,0x84398CC0,0x313053A2,0xB15FB528,0x41BA8C71,0xC1D56AFB,0x864B8830,0x06246EBA,0xF6C157E3,0x76AEB169,
  0x315B0BDB,0xB134ED51,0x41D1D408,0xC1BE3282,0x8620D049,0x064F36C3,0xF6AA0F9A,0x76C5E910,0xC3CC3672,0x43A3D0F8,0xB346E9A1,0x33290F2B,0x74B7EDE0,0xF4D80B6A,0x043D3233,0x8452D4B9,
  0x01056852,0x816A8ED8,0x718FB781,0xF1E0510B,0xB67EB3C0,0x3611554A,0xC6F46C13,0x469B8A99,0xF39255FB,0x73FDB371,0x83188A28,0x03776CA2,0x44E98E69,0xC48668E3,0x346351BA,0xB40CB730,
  0x00000000,0xF3694224,0x3BA6FCD1,0xC8CFBEF5,0xF2AE817C,0x01C7C358,0xC9087DAD,0x3A613F89,0x7D1F3C73,0x8E767E57,0x46B9C0A2,0xB5D08286,0x8FB1BD0F,0x7CD8FF2B,0xB41741DE,0x477E03FA,
  0xA43D5781,0x575415A5,0x9F9BAB50,0x6CF2E974,0x5693D6FD,0xA5FA94D9,0x6D352A2C,0x9E5C6808,0xD9226BF2,0x2A4B29D6,0xE2849723,0x11EDD507,0x2B8CEA8E,0xD8E5A8AA,0x102A165F,0xE343547B,
  0xE32CBB7D,0x1045F959,0xD88A47AC,0x2BE30588,0x11823A01,0xE2EB7825,0x2A24C6D0,0xD94D84F4,0x9E33870E,0x6D5AC52A,0xA5957BDF,0x56FC39FB,0x6C9D0672,0x9FF44456,0x573BFAA3,0xA452B887,
  0x4711ECFC,0xB478AED8,0x7CB7102D,0x8FDE5209,0xB5BF6D80,0x46D62FA4,0x8E199151,0x7D70D375,0x3A0ED08F,0xC96792AB,0x01A82C5E,0xF2C16E7A,0xC8A051F3,0x3BC913D7,0xF306AD22,0x006FEF06,
  0xA2D960CA,0x51B022EE,0x997F9C1B,0x6A16DE3F,0x5077E1B6,0xA31EA392,0x6BD11D67,0x98B85F43,0xDFC65CB9,0x2CAF1E9D,0xE460A068,0x1709E24C,0x2D68DDC5,0xDE019FE1,0x16CE2114,0xE5A76330,
  0x06E4374B,0xF58D756F,0x3D42CB9A,0xCE2B89BE,0xF44AB637,0x0723F413,0xCFEC4AE6,0x3C8508C2,0x7BFB0B38,0x8892491C,0x405DF7E9,0xB334B5CD,0x89558A44,0x7A3CC860,0xB2F37695,0x419A34B1,
  0x41F5DBB7,0xB29C9993,0x7A532766,0x893A6542,0xB35B5ACB,0x403218EF,0x88FDA61A,0x7B94E43E,0x3CEAE7C4,0xCF83A5E0,0x074C1B15,0xF4255931,0xCE4466B8,0x3D2D249C,0xF5E29A69,0x068BD84D,
  0xE5C88C36,0x16A1CE12,0xDE6E70E7,0x2D0732C3,0x17660D4A,0xE40F4F6E,0x2CC0F19B,0xDFA9B3BF,0x98D7B045,0x6BBEF261,0xA3714C94,0x50180EB0,0x6A793139,0x9910731D,0x51DFCDE8,0xA2B68FCC,
  0xBBF054AD,0x48991689,0x8056A87C,0x733FEA58,0x495ED5D1,0xBA3797F5,0x72F82900,0x81916B24,0xC6EF68DE,0x35862AFA,0xFD49940F,0x0E20D62B,0x3441E9A2,0xC728AB86,0x0FE71573,0xFC8E5757,
  0x1FCD032C,0xECA44108,0x246BFFFD,0xD702BDD9,0xED638250,0x1E0AC074,0xD6C57E81,0x25AC3CA5,0x62D23F5F,0x91BB7D7B,0x5974C38E,0xAA1D81AA,0x907CBE23,0x6315FC07,0xABDA42F2,0x58B300D6,
  0x58DCEFD0,0xABB5ADF4,0x637A1301,0x90135125,0xAA726EAC,0x591B2C88,0x91D4927D,0x62BDD059,0x25C3D3A3,0xD6AA9187,0x1E652F72,0xED0C6D56,0xD76D52DF,0x240410FB,0xECCBAE0E,0x1FA2EC2A,
  0xFCE1B851,0x0F88FA75,0xC7474480,0x342E06A4,0x0E4F392D,0xFD267B09,0x35E9C5FC,0xC68087D8,0x81FE8422,0x7297C606,0xBA5878F3,0x49313AD7,0x7350055E,0x8039477A,0x48F6F98F,0xBB9FBBAB,
  0x19293467,0xEA407643,0x228FC8B6,0xD1E68A92,0xEB87B51B,0x18EEF73F,0xD02149CA,0x23480BEE,0x64360814,0x975F4A30,0x5F90F4C5,0xACF9B6E1,0x96988968,0x65F1CB4C,0xAD3E75B9,0x5E57379D,
  0xBD1463E6,0x4E7D21C2,0x86B29F37,0x75DBDD13,0x4FBAE29A,0xBCD3A0BE,0x741C1E4B,0x87755C6F,0xC00B5F95,0x33621DB1,0xFBADA344,0x08C4E160,0x32A5DEE9,0xC1CC9CCD,0x09032238,0xFA6A601C,
  0xFA058F1A,0x096CCD3E,0xC1A373CB,0x32CA31EF,0x08AB0E66,0xFBC24C42,0x330DF2B7,0xC064B093,0x871AB369,0x7473F14D,0xBCBC4FB8,0x4FD50D9C,0x75B43215,0x86DD7031,0x4E12CEC4,0xBD7B8CE0,
  0x5E38D89B,0xAD519ABF,0x659E244A,0x96F7666E,0xAC9659E7,0x5FFF1BC3,0x9730A536,0x6459E712,0x2327E4E8,0xD04EA6CC,0x18811839,0xEBE85A1D,0xD1896594,0x22E027B0,0xEA2F9945,0x1946DB61,
  0x00000000,0x38A340B9,0x2B55B681,0x13F6F638,0x93B9AB7D,0xAB1AEBC4,0xB8EC1DFC,0x804F5D45,0xA9AF9B73,0x910CDBCA,0x82FA2DF2,0xBA596D4B,0x3A16300E,0x02B570B7,0x1143868F,0x29E0C636,
  0x1E641B33,0x26C75B8A,0x3531ADB2,0x0D92ED0B,0x8DDDB04E,0xB57EF0F7,0xA68806CF,0x9E2B4676,0xB7CB8040,0x8F68C0F9,0x9C9E36C1,0xA43D7678,0x24722B3D,0x1CD16B84,0x0F279DBC,0x3784DD05,
  0xA1D17149,0x997231F0,0x8A84C7C8,0xB2278771,0x3268DA34,0x0ACB9A8D,0x193D6CB5,0x219E2C0C,0x087EEA3A,0x30DDAA83,0x232B5CBB,0x1B881C02,0x9BC74147,0xA36401FE,0xB092F7C6,0x8831B77F,
  0xBFB56A7A,0x87162AC3,0x94E0DCFB,0xAC439C42,0x2C0CC107,0x14AF81BE,0x07597786,0x3FFA373F,0x161AF109,0x2EB9B1B0,0x3D4F4788,0x05EC0731,0x85A35A74,0xBD001ACD,0xAEF6ECF5,0x9655AC4C,
  0x9F1BFF13,0xA7B8BFAA,0xB44E4992,0x8CED092B,0x0CA2546E,0x340114D7,0x27F7E2EF,0x1F54A256,0x36B46460,0x0E1724D9,0x1DE1D2E1,0x25429258,0xA50DCF1D,0x9DAE8FA4,0x8E58799C,0xB6FB3925,
  0x817FE420,0xB9DCA499,0xAA2A52A1,0x92891218,0x12C64F5D,0x2A650FE4,0x3993F9DC,0x0130B965,0x28D07F53,0x10733FEA,0x0385C9D2,0x3B26896B,0xBB69D42E,0x83CA9497,0x903C62AF,0xA89F2216,
  0x3ECA8E5A,0x0669CEE3,0x159F38DB,0x2D3C7862,0xAD732527,0x95D0659E,0x862693A6,0xBE85D31F,0x97651529,0xAFC65590,0xBC30A3A8,0x8493E311,0x04DCBE54,0x3C7FFEED,0x2F8908D5,0x172A486C,
  0x20AE9569,0x180DD5D0,0x0BFB23E8,0x33586351,0xB3173E14,0x8BB47EAD,0x98428895,0xA0E1C82C,0x89010E1A,0xB1A24EA3,0xA254B89B,0x9AF7F822,0x1AB8A567,0x221BE5DE,0x31ED13E6,0x094E535F,
  0x1A8D25C6,0x222E657F,0x31D89347,0x097BD3FE,0x89348EBB,0xB197CE02,0xA261383A,0x9AC27883,0xB322BEB5,0x8B81FE0C,0x98770834,0xA0D4488D,0x209B15C8,0x18385571,0x0BCEA349,0x336DE3F0,
  0x04E93EF5,0x3C4A7E4C,0x2FBC8874,0x171FC8CD,0x97509588,0xAFF3D531,0xBC052309,0x84A663B0,0xAD46A586,0x95E5E53F,0x86131307,0xBEB053BE,0x3EFF0EFB,0x065C4E42,0x15AAB87A,0x2D09F8C3,
  0xBB5C548F,0x83FF1436,0x9009E20E,0xA8AAA2B7,0x28E5FFF2,0x1046BF4B,0x03B04973,0x3B1309CA,0x12F3CFFC,0x2A508F45,0x39A6797D,0x010539C4,0x814A6481,0xB9E92438,0xAA1FD200,0x92BC92B9,
  0xA5384FBC,0x9D9B0F05,0x8E6DF93D,0xB6CEB984,0x3681E4C1,0x0E22A478,0x1DD45240,0x257712F9,0x0C97D4CF,0x34349476,0x27C2624E,0x1F6122F7,0x9F2E7FB2,0xA78D3F0B,0xB47BC933,0x8CD8898A,
  0x8596DAD5,0xBD359A6C,0xAEC36C54,0x96602CED,0x162F71A8,0x2E8C3111,0x3D7AC729,0x05D98790,0x2C3941A6,0x149A011F,0x076CF727,0x3FCFB79E,0xBF80EADB,0x8723AA62,0x94D55C5A,0xAC761CE3,
  0x9BF2C1E6,0xA351815F,0xB0A77767,0x880437DE,0x084B6A9B,0x30E82A22,0x231EDC1A,0x1BBD9CA3,0x325D5A95,0x0AFE1A2C,0x1908EC14,0x21ABACAD,0xA1E4F1E8,0x9947B151,0x8AB14769,0xB21207D0,
  0x2447AB9C,0x1CE4EB25,0x0F121D1D,0x37B15DA4,0xB7FE00E1,0x8F5D4058,0x9CABB660,0xA408F6D9,0x8DE830EF,0xB54B7056,0xA6BD866E,0x9E1EC6D7,0x1E519B92,0x26F2DB2B,0x35042D13,0x0DA76DAA,
  0x3A23B0AF,0x0280F016,0x1176062E,0x29D54697,0xA99A1BD2,0x91395B6B,0x82CFAD53,0xBA6CEDEA,0x938C2BDC,0xAB2F6B65,0xB8D99D5D,0x807ADDE4,0x003580A1,0x3896C018,0x2B603620,0x13C37699,
  0x00000000,0x18357CB5,0xE6E52090,0xFED05C25,0x4B9519FD,0x53A06548,0xAD70396D,0xB54545D8,0x2991418D,0x31A43D38,0xCF74611D,0xD7411DA8,0x62045870,0x7A3124C5,0x84E178E0,0x9CD40455,
  0xFE8648C8,0xE6B3347D,0x18636858,0x005614ED,0xB5135135,0xAD262D80,0x53F671A5,0x4BC30D10,0xD7170945,0xCF2275F0,0x31F229D5,0x29C75560,0x9C8210B8,0x84B76C0D,0x7A673028,0x62524C9D,
  0xB3A204D1,0xAB977864,0x55472441,0x4D7258F4,0xF8371D2C,0xE0026199,0x1ED23DBC,0x06E74109,0x9A33455C,0x820639E9,0x7CD665CC,0x64E31979,0xD1A65CA1,0xC9932014,0x37437C31,0x2F760084,
  0x4D244C19,0x551130AC,0xABC16C89,0xB3F4103C,0x06B155E4,0x1E842951,0xE0547574,0xF86109C1,0x64B50D94,0x7C807121,0x82502D04,0x9A6551B1,0x2F201469,0x371568DC,0xC9C534F9,0xD1F0484C,
  0x59290B20,0x411C7795,0xBFCC2BB0,0xA7F95705,0x12BC12DD,0x0A896E68,0xF459324D,0xEC6C4EF8,0x70B84AAD,0x688D3618,0x965D6A3D,0x8E681688,0x3B2D5350,0x23182FE5,0xDDC873C0,0xC5FD0F75,
  0xA7AF43E8,0xBF9A3F5D,0x414A6378,0x597F1FCD,0xEC3A5A15,0xF40F26A0,0x0ADF7A85,0x12EA0630,0x8E3E0265,0x960B7ED0,0x68DB22F5,0x70EE5E40,0xC5AB1B98,0xDD9E672D,0x234E3B08,0x3B7B47BD,
  0xEA8B0FF1,0xF2BE7344,0x0C6E2F61,0x145B53D4,0xA11E160C,0xB92B6AB9,0x47FB369C,0x5FCE4A29,0xC31A4E7C,0xDB2F32C9,0x25FF6EEC,0x3DCA1259,0x888F5781,0x90BA2B34,0x6E6A7711,0x765F0BA4,
  0x140D4739,0x0C383B8C,0xF2E867A9,0xEADD1B1C,0x5F985EC4,0x47AD2271,0xB97D7E54,0xA14802E1,0x3D9C06B4,0x25A97A01,0xDB792624,0xC34C5A91,0x76091F49,0x6E3C63FC,0x90EC3FD9,0x88D9436C,
  0x3EE7BDC4,0x26D2C171,0xD8029D54,0xC037E1E1,0x7572A439,0x6D47D88C,0x939784A9,0x8BA2F81C,0x1776FC49,0x0F4380FC,0xF193DCD9,0xE9A6A06C,0x5CE3E5B4,0x44D69901,0xBA06C524,0xA233B991,
  0xC061F50C,0xD85489B9,0x2684D59C,0x3EB1A929,0x8BF4ECF1,0x93C19044,0x6D11CC61,0x7524B0D4,0xE9F0B481,0xF1C5C834,0x0F159411,0x1720E8A4,0xA265AD7C,0xBA50D1C9,0x44808DEC,0x5CB5F159,
  0x8D45B915,0x9570C5A0,0x6BA09985,0x7395E530,0xC6D0A0E8,0xDEE5DC5D,0x20358078,0x3800FCCD,0xA4D4F898,0xBCE1842D,0x4231D808,0x5A04A4BD,0xEF41E165,0xF7749DD0,0x09A4C1F5,0x1191BD40,
  0x73C3F1DD,0x6BF68D68,0x9526D14D,0x8D13ADF8,0x3856E820,0x20639495,0xDEB3C8B0,0xC686B405,0x5A52B050,0x4267CCE5,0xBCB790C0,0xA482EC75,0x11C7A9AD,0x09F2D518,0xF722893D,0xEF17F588,
  0x67CEB6E4,0x7FFBCA51,0x812B9674,0x991EEAC1,0x2C5BAF19,0x346ED3AC,0xCABE8F89,0xD28BF33C,0x4E5FF769,0x566A8BDC,0xA8BAD7F9,0xB08FAB4C,0x05CAEE94,0x1DFF9221,0xE32FCE04,0xFB1AB2B1,
  0x9948FE2C,0x817D8299,0x7FADDEBC,0x6798A209,0xD2DDE7D1,0xCAE89B64,0x3438C741,0x2C0DBBF4,0xB0D9BFA1,0xA8ECC314,0x563C9F31,0x4E09E384,0xFB4CA65C,0xE379DAE9,0x1DA986CC,0x059CFA79,
  0xD46CB235,0xCC59CE80,0x328992A5,0x2ABCEE10,0x9FF9ABC8,0x87CCD77D,0x791C8B58,0x6129F7ED,0xFDFDF3B8,0xE5C88F0D,0x1B18D328,0x032DAF9D,0xB668EA45,0xAE5D96F0,0x508DCAD5,0x48B8B660,
  0x2AEAFAFD,0x32DF8648,0xCC0FDA6D,0xD43AA6D8,0x617FE300,0x794A9FB5,0x879AC390,0x9FAFBF25,0x037BBB70,0x1B4EC7C5,0xE59E9BE0,0xFDABE755,0x48EEA28D,0x50DBDE38,0xAE0B821D,0xB63EFEA8,
  0x00000000,0x675AFB43,0xF4F87EED,0x93A285AE,0x8BBFF1BF,0xECE50AFC,0x7F478F52,0x181D7411,0xB952A580,0xDE085EC3,0x4DAADB6D,0x2AF0202E,0x32ED543F,0x55B7AF7C,0xC6152AD2,0xA14FD191,
  0x3B3AD58F,0x5C602ECC,0xCFC2AB62,0xA8985021,0xB0852430,0xD7DFDF73,0x447D5ADD,0x2327A19E,0x8268700F,0xE5328B4C,0x76900EE2,0x11CAF5A1,0x09D781B0,0x6E8D7AF3,0xFD2FFF5D,0x9A75041E,
  0x6EE8F92B,0x09B20268,0x9A1087C6,0xFD4A7C85,0xE5570894,0x820DF3D7,0x11AF7679,0x76F58D3A,0xD7BA5CAB,0xB0E0A7E8,0x23422246,0x4418D905,0x5C05AD14,0x3B5F5657,0xA8FDD3F9,0xCFA728BA,
  0x55D22CA4,0x3288D7E7,0xA12A5249,0xC670A90A,0xDE6DDD1B,0xB9372658,0x2A95A3F6,0x4DCF58B5,0xEC808924,0x8BDA7267,0x1878F7C9,0x7F220C8A,0x673F789B,0x006583D8,0x93C70676,0xF49DFD35,
  0xEAE342A7,0x8DB9B9E4,0x1E1B3C4A,0x7941C709,0x615CB318,0x0606485B,0x95A4CDF5,0xF2FE36B6,0x53B1E727,0x34EB1C64,0xA74999CA,0xC0136289,0xD80E1698,0xBF54EDDB,0x2CF66875,0x4BAC9336,
  0xD1D99728,0xB6836C6B,0x2521E9C5,0x427B1286,0x5A666697,0x3D3C9DD4,0xAE9E187A,0xC9C4E339,0x688B32A8,0x0FD1C9EB,0x9C734C45,0xFB29B706,0xE334C317,0x846E3854,0x17CCBDFA,0x709646B9,
  0x840BBB8C,0xE35140CF,0x70F3C561,0x17A93E22,0x0FB44A33,0x68EEB170,0xFB4C34DE,0x9C16CF9D,0x3D591E0C,0x5A03E54F,0xC9A160E1,0xAEFB9BA2,0xB6E6EFB3,0xD1BC14F0,0x421E915E,0x25446A1D,
  0xBF316E03,0xD86B9540,0x4BC910EE,0x2C93EBAD,0x348E9FBC,0x53D464FF,0xC076E151,0xA72C1A12,0x0663CB83,0x613930C0,0xF29BB56E,0x95C14E2D,0x8DDC3A3C,0xEA86C17F,0x792444D1,0x1E7EBF92,
  0xA946F0D1,0xCE1C0B92,0x5DBE8E3C,0x3AE4757F,0x22F9016E,0x45A3FA2D,0xD6017F83,0xB15B84C0,0x10145551,0x774EAE12,0xE4EC2BBC,0x83B6D0FF,0x9BABA4EE,0xFCF15FAD,0x6F53DA03,0x08092140,
  0x927C255E,0xF526DE1D,0x66845BB3,0x01DEA0F0,0x19C3D4E1,0x7E992FA2,0xED3BAA0C,0x8A61514F,0x2B2E80DE,0x4C747B9D,0xDFD6FE33,0xB88C0570,0xA0917161,0xC7CB8A22,0x54690F8C,0x3333F4CF,
  0xC7AE09FA,0xA0F4F2B9,0x33567717,0x540C8C54,0x4C11F845,0x2B4B0306,0xB8E986A8,0xDFB37DEB,0x7EFCAC7A,0x19A65739,0x8A04D297,0xED5E29D4,0xF5435DC5,0x9219A686,0x01BB2328,0x66E1D86B,
  0xFC94DC75,0x9BCE2736,0x086CA298,0x6F3659DB,0x772B2DCA,0x1071D689,0x83D35327,0xE489A864,0x45C679F5,0x229C82B6,0xB13E0718,0xD664FC5B,0xCE79884A,0xA9237309,0x3A81F6A7,0x5DDB0DE4,
  0x43A5B276,0x24FF4935,0xB75DCC9B,0xD00737D8,0xC81A43C9,0xAF40B88A,0x3CE23D24,0x5BB8C667,0xFAF717F6,0x9DADECB5,0x0E0F691B,0x69559258,0x7148E649,0x16121D0A,0x85B098A4,0xE2EA63E7,
  0x789F67F9,0x1FC59CBA,0x8C671914,0xEB3DE257,0xF3209646,0x947A6D05,0x07D8E8AB,0x608213E8,0xC1CDC279,0xA697393A,0x3535BC94,0x526F47D7,0x4A7233C6,0x2D28C885,0xBE8A4D2B,0xD9D0B668,
  0x2D4D4B5D,0x4A17B01E,0xD9B535B0,0xBEEFCEF3,0xA6F2BAE2,0xC1A841A1,0x520AC40F,0x35503F4C,0x941FEEDD,0xF345159E,0x60E79030,0x07BD6B73,0x1FA01F62,0x78FAE421,0xEB58618F,0x8C029ACC,
  0x16779ED2,0x712D6591,0xE28FE03F,0x85D51B7C,0x9DC86F6D,0xFA92942E,0x69301180,0x0E6AEAC3,0xAF253B52,0xC87FC011,0x5BDD45BF,0x3C87BEFC,0x249ACAED,0x43C031AE,0xD062B400,0xB7384F43,
  0x00000000,0x8340A43E,0x5DE75EB4,0xDEA7FA8A,0x382D7662,0xBB6DD25C,0x65CA28D6,0xE68A8CE8,0x2B88214E,0xA8C88570,0x766F7FFA,0xF52FDBC4,0x13A5572C,0x90E5F312,0x4E420998,0xCD02ADA6,
  0x7BF65043,0xF8B6F47D,0x26110EF7,0xA551AAC9,0x43DB2621,0xC09B821F,0x1E3C7895,0x9D7CDCAB,0x507E710D,0xD33ED533,0x0D992FB9,0x8ED98B87,0x6853076F,0xEB13A351,0x35B459DB,0xB6F4FDE5,
  0x2DB2CADB,0xAEF26EE5,0x7055946F,0xF3153051,0x159FBCB9,0x96DF1887,0x4878E20D,0xCB384633,0x063AEB95,0x857A4FAB,0x5BDDB521,0xD89D111F,0x3E179DF7,0xBD5739C9,0x63F0C343,0xE0B0677D,
  0x56449A98,0xD5043EA6,0x0BA3C42C,0x88E36012,0x6E69ECFA,0xED2948C4,0x338EB24E,0xB0CE1670,0x7DCCBBD6,0xFE8C1FE8,0x202BE562,0xA36B415C,0x45E1CDB4,0xC6A1698A,0x18069300,0x9B46373E,
  0xEA6ED457,0x692E7069,0xB7898AE3,0x34C92EDD,0xD243A235,0x5103060B,0x8FA4FC81,0x0CE458BF,0xC1E6F519,0x42A65127,0x9C01ABAD,0x1F410F93,0xF9CB837B,0x7A8B2745,0xA42CDDCF,0x276C79F1,
  0x91988414,0x12D8202A,0xCC7FDAA0,0x4F3F7E9E,0xA9B5F276,0x2AF55648,0xF452ACC2,0x771208FC,0xBA10A55A,0x39500164,0xE7F7FBEE,0x64B75FD0,0x823DD338,0x017D7706,0xDFDA8D8C,0x5C9A29B2,
  0xC7DC1E8C,0x449CBAB2,0x9A3B4038,0x197BE406,0xFFF168EE,0x7CB1CCD0,0xA216365A,0x21569264,0xEC543FC2,0x6F149BFC,0xB1B36176,0x32F3C548,0xD47949A0,0x5739ED9E,0x899E1714,0x0ADEB32A,
  0xBC2A4ECF,0x3F6AEAF1,0xE1CD107B,0x628DB445,0x840738AD,0x07479C93,0xD9E06619,0x5AA0C227,0x97A26F81,0x14E2CBBF,0xCA453135,0x4905950B,0xAF8F19E3,0x2CCFBDDD,0xF2684757,0x7128E369,
  0x70D6ECD7,0xF39648E9,0x2D31B263,0xAE71165D,0x48FB9AB5,0xCBBB3E8B,0x151CC401,0x965C603F,0x5B5ECD99,0xD81E69A7,0x06B9932D,0x85F93713,0x6373BBFB,0xE0331FC5,0x3E94E54F,0xBDD44171,
  0x0B20BC94,0x886018AA,0x56C7E220,0xD587461E,0x330DCAF6,0xB04D6EC8,0x6EEA9442,0xEDAA307C,0x20A89DDA,0xA3E839E4,0x7D4FC36E,0xFE0F6750,0x1885EBB8,0x9BC54F86,0x4562B50C,0xC6221132,
  0x5D64260C,0xDE248232,0x008378B8,0x83C3DC86,0x6549506E,0xE609F450,0x38AE0EDA,0xBBEEAAE4,0x76EC0742,0xF5ACA37C,0x2B0B59F6,0xA84BFDC8,0x4EC17120,0xCD81D51E,0x13262F94,0x90668BAA,
  0x2692764F,0xA5D2D271,0x7B7528FB,0xF8358CC5,0x1EBF002D,0x9DFFA413,0x43585E99,0xC018FAA7,0x0D1A5701,0x8E5AF33F,0x50FD09B5,0xD3BDAD8B,0x35372163,0xB677855D,0x68D07FD7,0xEB90DBE9,
  0x9AB83880,0x19F89CBE,0xC75F6634,0x441FC20A,0xA2954EE2,0x21D5EADC,0xFF721056,0x7C32B468,0xB13019CE,0x3270BDF0,0xECD7477A,0x6F97E344,0x891D6FAC,0x0A5DCB92,0xD4FA3118,0x57BA9526,
  0xE14E68C3,0x620ECCFD,0xBCA93677,0x3FE99249,0xD9631EA1,0x5A23BA9F,0x84844015,0x07C4E42B,0xCAC6498D,0x4986EDB3,0x97211739,0x1461B307,0xF2EB3FEF,0x71AB9BD1,0xAF0C615B,0x2C4CC565,
  0xB70AF25B,0x344A5665,0xEAEDACEF,0x69AD08D1,0x8F278439,0x0C672007,0xD2C0DA8D,0x51807EB3,0x9C82D315,0x1FC2772B,0xC1658DA1,0x4225299F,0xA4AFA577,0x27EF0149,0xF948FBC3,0x7A085FFD,
  0xCCFCA218,0x4FBC0626,0x911BFCAC,0x125B5892,0xF4D1D47A,0x77917044,0xA9368ACE,0x2A762EF0,0xE7748356,0x64342768,0xBA93DDE2,0x39D379DC,0xDF59F534,0x5C19510A,0x82BEAB80,0x01FE0FBE,
  0x00000000,0x728C7740,0xE98FC79A,0x9B03B0DA,0x680EB7CC,0x1A82C08C,0x81817056,0xF30D0716,0x86B591F7,0xF439E6B7,0x6F3A566D,0x1DB6212D,0xEEBB263B,0x9C37517B,0x0734E1A1,0x75B896E1,
  0xC995E163,0xBB199623,0x201A26F9,0x529651B9,0xA19B56AF,0xD31721EF,0x48149135,0x3A98E675,0x4F207094,0x3DAC07D4,0xA6AFB70E,0xD423C04E,0x272EC758,0x55A2B018,0xCEA100C2,0xBC2D7782,
  0x0C6D144B,0x7EE1630B,0xE5E2D3D1,0x976EA491,0x6463A387,0x16EFD4C7,0x8DEC641D,0xFF60135D,0x8AD885BC,0xF854F2FC,0x63574226,0x11DB3566,0xE2D63270,0x905A4530,0x0B59F5EA,0x79D582AA,
  0xC5F8F528,0xB7748268,0x2C7732B2,0x5EFB45F2,0xADF642E4,0xDF7A35A4,0x4479857E,0x36F5F23E,0x434D64DF,0x31C1139F,0xAAC2A345,0xD84ED405,0x2B43D313,0x59CFA453,0xC2CC1489,0xB04063C9,
  0x461769B9,0x349B1EF9,0xAF98AE23,0xDD14D963,0x2E19DE75,0x5C95A935,0xC79619EF,0xB51A6EAF,0xC0A2F84E,0xB22E8F0E,0x292D3FD4,0x5BA14894,0xA8AC4F82,0xDA2038C2,0x41238818,0x33AFFF58,
  0x8F8288DA,0xFD0EFF9A,0x660D4F40,0x14813800,0xE78C3F16,0x95004856,0x0E03F88C,0x7C8F8FCC,0x0937192D,0x7BBB6E6D,0xE0B8DEB7,0x9234A9F7,0x6139AEE1,0x13B5D9A1,0x88B6697B,0xFA3A1E3B,
  0x4A7A7DF2,0x38F60AB2,0xA3F5BA68,0xD179CD28,0x2274CA3E,0x50F8BD7E,0xCBFB0DA4,0xB9777AE4,0xCCCFEC05,0xBE439B45,0x25402B9F,0x57CC5CDF,0xA4C15BC9,0xD64D2C89,0x4D4E9C53,0x3FC2EB13,
  0x83EF9C91,0xF163EBD1,0x6A605B0B,0x18EC2C4B,0xEBE12B5D,0x996D5C1D,0x026EECC7,0x70E29B87,0x055A0D66,0x77D67A26,0xECD5CAFC,0x9E59BDBC,0x6D54BAAA,0x1FD8CDEA,0x84DB7D30,0xF6570A70,
  0xB94DD372,0xCBC1A432,0x50C214E8,0x224E63A8,0xD14364BE,0xA3CF13FE,0x38CCA324,0x4A40D464,0x3FF84285,0x4D7435C5,0xD677851F,0xA4FBF25F,0x57F6F549,0x257A8209,0xBE7932D3,0xCCF54593,
  0x70D83211,0x02544551,0x9957F58B,0xEBDB82CB,0x18D685DD,0x6A5AF29D,0xF1594247,0x83D53507,0xF66DA3E6,0x84E1D4A6,0x1FE2647C,0x6D6E133C,0x9E63142A,0xECEF636A,0x77ECD3B0,0x0560A4F0,
  0xB520C739,0xC7ACB079,0x5CAF00A3,0x2E2377E3,0xDD2E70F5,0xAFA207B5,0x34A1B76F,0x462DC02F,0x339556CE,0x4119218E,0xDA1A9154,0xA896E614,0x5B9BE102,0x29179642,0xB2142698,0xC09851D8,
  0x7CB5265A,0x0E39511A,0x953AE1C0,0xE7B69680,0x14BB9196,0x6637E6D6,0xFD34560C,0x8FB8214C,0xFA00B7AD,0x888CC0ED,0x138F7037,0x61030777,0x920E0061,0xE0827721,0x7B81C7FB,0x090DB0BB,
  0xFF5ABACB,0x8DD6CD8B,0x16D57D51,0x64590A11,0x97540D07,0xE5D87A47,0x7EDBCA9D,0x0C57BDDD,0x79EF2B3C,0x0B635C7C,0x9060ECA6,0xE2EC9BE6,0x11E19CF0,0x636DEBB0,0xF86E5B6A,0x8AE22C2A,
  0x36CF5BA8,0x44432CE8,0xDF409C32,0xADCCEB72,0x5EC1EC64,0x2C4D9B24,0xB74E2BFE,0xC5C25CBE,0xB07ACA5F,0xC2F6BD1F,0x59F50DC5,0x2B797A85,0xD8747D93,0xAAF80AD3,0x31FBBA09,0x4377CD49,
  0xF337AE80,0x81BBD9C0,0x1AB8691A,0x68341E5A,0x9B39194C,0xE9B56E0C,0x72B6DED6,0x003AA996,0x75823F77,0x070E4837,0x9C0DF8ED,0xEE818FAD,0x1D8C88BB,0x6F00FFFB,0xF4034F21,0x868F3861,
  0x3AA24FE3,0x482E38A3,0xD32D8879,0xA1A1FF39,0x52ACF82F,0x20208F6F,0xBB233FB5,0xC9AF48F5,0xBC17DE14,0xCE9BA954,0x5598198E,0x27146ECE,0xD41969D8,0xA6951E98,0x3D96AE42,0x4F1AD902,
  0x00000000,0x8A0C2A2F,0xD51D9AA4,0x5F11B08B,0x0358D6E5,0x8954FCCA,0xD6454C41,0x5C49666E,0x5CAF03F6,0xD6A329D9,0x89B29952,0x03BEB37D,0x5FF7D513,0xD5FBFF3C,0x8AEA4FB7,0x00E66598,
  0xB09F5DAC,0x3A937783,0x6582C708,0xEF8EED27,0xB3C78B49,0x39CBA166,0x66DA11ED,0xECD63BC2,0xEC305E5A,0x663C7475,0x392DC4FE,0xB321EED1,0xEF6888BF,0x6564A290,0x3A75121B,0xB0793834,
  0x4C40EC24,0xC64CC60B,0x995D7680,0x13515CAF,0x4F183AC1,0xC51410EE,0x9A05A065,0x10098A4A,0x10EFEFD2,0x9AE3C5FD,0xC5F27576,0x4FFE5F59,0x13B73937,0x99BB1318,0xC6AAA393,0x4CA689BC,
  0xFCDFB188,0x76D39BA7,0x29C22B2C,0xA3CE0103,0xFF87676D,0x758B4D42,0x2A9AFDC9,0xA096D7E6,0xA070B27E,0x2A7C9851,0x756D28DA,0xFF6102F5,0xA328649B,0x29244EB4,0x7635FE3F,0xFC39D410,
  0x1A4FDA2E,0x9043F001,0xCF52408A,0x455E6AA5,0x19170CCB,0x931B26E4,0xCC0A966F,0x4606BC40,0x46E0D9D8,0xCCECF3F7,0x93FD437C,0x19F16953,0x45B80F3D,0xCFB42512,0x90A59599,0x1AA9BFB6,
  0xAAD08782,0x20DCADAD,0x7FCD1D26,0xF5C13709,0xA9885167,0x23847B48,0x7C95CBC3,0xF699E1EC,0xF67F8474,0x7C73AE5B,0x23621ED0,0xA96E34FF,0xF5275291,0x7F2B78BE,0x203AC835,0xAA36E21A,
  0x560F360A,0xDC031C25,0x8312ACAE,0x091E8681,0x5557E0EF,0xDF5BCAC0,0x804A7A4B,0x0A465064,0x0AA035FC,0x80AC1FD3,0xDFBDAF58,0x55B18577,0x09F8E319,0x83F4C936,0xDCE579BD,0x56E95392,
  0xE6906BA6,0x6C9C4189,0x338DF102,0xB981DB2D,0xE5C8BD43,0x6FC4976C,0x30D527E7,0xBAD90DC8,0xBA3F6850,0x3033427F,0x6F22F2F4,0xE52ED8DB,0xB967BEB5,0x336B949A,0x6C7A2411,0xE6760E3E,
  0xBF255E69,0x35297446,0x6A38C4CD,0xE034EEE2,0xBC7D888C,0x3671A2A3,0x69601228,0xE36C3807,0xE38A5D9F,0x698677B0,0x3697C73B,0xBC9BED14,0xE0D28B7A,0x6ADEA155,0x35CF11DE,0xBFC33BF1,
  0x0FBA03C5,0x85B629EA,0xDAA79961,0x50ABB34E,0x0CE2D520,0x86EEFF0F,0xD9FF4F84,0x53F365AB,0x53150033,0xD9192A1C,0x86089A97,0x0C04B0B8,0x504DD6D6,0xDA41FCF9,0x85504C72,0x0F5C665D,
  0xF365B24D,0x79699862,0x267828E9,0xAC7402C6,0xF03D64A8,0x7A314E87,0x2520FE0C,0xAF2CD423,0xAFCAB1BB,0x25C69B94,0x7AD72B1F,0xF0DB0130,0xAC92675E,0x269E4D71,0x798FFDFA,0xF383D7D5,
  0x43FAEFE1,0xC9F6C5CE,0x96E77545,0x1CEB5F6A,0x40A23904,0xCAAE132B,0x95BFA3A0,0x1FB3898F,0x1F55EC17,0x9559C638,0xCA4876B3,0x40445C9C,0x1C0D3AF2,0x960110DD,0xC910A056,0x431C8A79,
  0xA56A8447,0x2F66AE68,0x70771EE3,0xFA7B34CC,0xA63252A2,0x2C3E788D,0x732FC806,0xF923E229,0xF9C587B1,0x73C9AD9E,0x2CD81D15,0xA6D4373A,0xFA9D5154,0x70917B7B,0x2F80CBF0,0xA58CE1DF,
  0x15F5D9EB,0x9FF9F3C4,0xC0E8434F,0x4AE46960,0x16AD0F0E,0x9CA12521,0xC3B095AA,0x49BCBF85,0x495ADA1D,0xC356F032,0x9C4740B9,0x164B6A96,0x4A020CF8,0xC00E26D7,0x9F1F965C,0x1513BC73,
  0xE92A6863,0x6326424C,0x3C37F2C7,0xB63BD8E8,0xEA72BE86,0x607E94A9,0x3F6F2422,0xB5630E0D,0xB5856B95,0x3F8941BA,0x6098F131,0xEA94DB1E,0xB6DDBD70,0x3CD1975F,0x63C027D4,0xE9CC0DFB,
  0x59B535CF,0xD3B91FE0,0x8CA8AF6B,0x06A48544,0x5AEDE32A,0xD0E1C905,0x8FF0798E,0x05FC53A1,0x051A3639,0x8F161C16,0xD007AC9D,0x5A0B86B2,0x0642E0DC,0x8C4ECAF3,0xD35F7A78,0x59535057,
  0x00000000,0x6F5303BC,0xD2812C3B,0xBDD22F87,0x30A13391,0x5FF2302D,0xE2201FAA,0x8D731C16,0xA4D636CC,0xCB853570,0x76571AF7,0x1904194B,0x9477055D,0xFB2406E1,0x46F62966,0x29A52ADA,
  0x28332B1E,0x476028A2,0xFAB20725,0x95E10499,0x1892188F,0x77C11B33,0xCA1334B4,0xA5403708,0x8CE51DD2,0xE3B61E6E,0x5E6431E9,0x31373255,0xBC442E43,0xD3172DFF,0x6EC50278,0x019601C4,
  0xFEB7CC76,0x91E4CFCA,0x2C36E04D,0x4365E3F1,0xCE16FFE7,0xA145FC5B,0x1C97D3DC,0x73C4D060,0x5A61FABA,0x3532F906,0x88E0D681,0xE7B3D53D,0x6AC0C92B,0x0593CA97,0xB841E510,0xD712E6AC,
  0xD684E768,0xB9D7E4D4,0x0405CB53,0x6B56C8EF,0xE625D4F9,0x8976D745,0x34A4F8C2,0x5BF7FB7E,0x7252D1A4,0x1D01D218,0xA0D3FD9F,0xCF80FE23,0x42F3E235,0x2DA0E189,0x9072CE0E,0xFF21CDB2,
  0xBA984974,0xD5CB4AC8,0x6819654F,0x074A66F3,0x8A397AE5,0xE56A7959,0x58B856DE,0x37EB5562,0x1E4E7FB8,0x711D7C04,0xCCCF5383,0xA39C503F,0x2EEF4C29,0x41BC4F95,0xFC6E6012,0x933D63AE,
  0x92AB626A,0xFDF861D6,0x402A4E51,0x2F794DED,0xA20A51FB,0xCD595247,0x708B7DC0,0x1FD87E7C,0x367D54A6,0x592E571A,0xE4FC789D,0x8BAF7B21,0x06DC6737,0x698F648B,0xD45D4B0C,0xBB0E48B0,
  0x442F8502,0x2B7C86BE,0x96AEA939,0xF9FDAA85,0x748EB693,0x1BDDB52F,0xA60F9AA8,0xC95C9914,0xE0F9B3CE,0x8FAAB072,0x32789FF5,0x5D2B9C49,0xD058805F,0xBF0B83E3,0x02D9AC64,0x6D8AAFD8,
  0x6C1CAE1C,0x034FADA0,0xBE9D8227,0xD1CE819B,0x5CBD9D8D,0x33EE9E31,0x8E3CB1B6,0xE16FB20A,0xC8CA98D0,0xA7999B6C,0x1A4BB4EB,0x7518B757,0xF86BAB41,0x9738A8FD,0x2AEA877A,0x45B984C6,
  0xEA7524E8,0x85262754,0x38F408D3,0x57A70B6F,0xDAD41779,0xB58714C5,0x08553B42,0x670638FE,0x4EA31224,0x21F01198,0x9C223E1F,0xF3713DA3,0x7E0221B5,0x11512209,0xAC830D8E,0xC3D00E32,
  0xC2460FF6,0xAD150C4A,0x10C723CD,0x7F942071,0xF2E73C67,0x9DB43FDB,0x2066105C,0x4F3513E0,0x6690393A,0x09C33A86,0xB4111501,0xDB4216BD,0x56310AAB,0x39620917,0x84B02690,0xEBE3252C,
  0x14C2E89E,0x7B91EB22,0xC643C4A5,0xA910C719,0x2463DB0F,0x4B30D8B3,0xF6E2F734,0x99B1F488,0xB014DE52,0xDF47DDEE,0x6295F269,0x0DC6F1D5,0x80B5EDC3,0xEFE6EE7F,0x5234C1F8,0x3D67C244,
  0x3CF1C380,0x53A2C03C,0xEE70EFBB,0x8123EC07,0x0C50F011,0x6303F3AD,0xDED1DC2A,0xB182DF96,0x9827F54C,0xF774F6F0,0x4AA6D977,0x25F5DACB,0xA886C6DD,0xC7D5C561,0x7A07EAE6,0x1554E95A,
  0x50ED6D9C,0x3FBE6E20,0x826C41A7,0xED3F421B,0x604C5E0D,0x0F1F5DB1,0xB2CD7236,0xDD9E718A,0xF43B5B50,0x9B6858EC,0x26BA776B,0x49E974D7,0xC49A68C1,0xABC96B7D,0x161B44FA,0x79484746,
  0x78DE4682,0x178D453E,0xAA5F6AB9,0xC50C6905,0x487F7513,0x272C76AF,0x9AFE5928,0xF5AD5A94,0xDC08704E,0xB35B73F2,0x0E895C75,0x61DA5FC9,0xECA943DF,0x83FA4063,0x3E286FE4,0x517B6C58,
  0xAE5AA1EA,0xC109A256,0x7CDB8DD1,0x13888E6D,0x9EFB927B,0xF1A891C7,0x4C7ABE40,0x2329BDFC,0x0A8C9726,0x65DF949A,0xD80DBB1D,0xB75EB8A1,0x3A2DA4B7,0x557EA70B,0xE8AC888C,0x87FF8B30,
  0x86698AF4,0xE93A8948,0x54E8A6CF,0x3BBBA573,0xB6C8B965,0xD99BBAD9,0x6449955E,0x0B1A96E2,0x22BFBC38,0x4DECBF84,0xF03E9003,0x9F6D93BF,0x121E8FA9,0x7D4D8C15,0xC09FA392,0xAFCCA02E,
  0x00000000,0x94E51B5C,0xAE81BC0A,0x3A64A756,0xAB570776,0x3FB21C2A,0x05D6BB7C,0x9133A020,0x77E84956,0xE30D520A,0xD969F55C,0x4D8CEE00,0xDCBF4E20,0x485A557C,0x723EF22A,0xE6DBE976,
  0xA247BBBF,0x36A2A0E3,0x0CC607B5,0x98231CE9,0x0910BCC9,0x9DF5A795,0xA79100C3,0x33741B9F,0xD5AFF2E9,0x414AE9B5,0x7B2E4EE3,0xEFCB55BF,0x7EF8F59F,0xEA1DEEC3,0xD0794995,0x449C52C9,
  0xB0FC84FE,0x24199FA2,0x1E7D38F4,0x8A9823A8,0x1BAB8388,0x8F4E98D4,0xB52A3F82,0x21CF24DE,0xC714CDA8,0x53F1D6F4,0x699571A2,0xFD706AFE,0x6C43CADE,0xF8A6D182,0xC2C276D4,0x56276D88,
  0x12BB3F41,0x865E241D,0xBC3A834B,0x28DF9817,0xB9EC3837,0x2D09236B,0x176D843D,0x83889F61,0x65537617,0xF1B66D4B,0xCBD2CA1D,0x5F37D141,0xCE047161,0x5AE16A3D,0x6085CD6B,0xF460D637,
  0x66499D9D,0xF2AC86C1,0xC8C82197,0x5C2D3ACB,0xCD1E9AEB,0x59FB81B7,0x639F26E1,0xF77A3DBD,0x11A1D4CB,0x8544CF97,0xBF2068C1,0x2BC5739D,0xBAF6D3BD,0x2E13C8E1,0x14776FB7,0x809274EB,
  0xC40E2622,0x50EB3D7E,0x6A8F9A28,0xFE6A8174,0x6F592154,0xFBBC3A08,0xC1D89D5E,0x553D8602,0xB3E66F74,0x27037428,0x1D67D37E,0x8982C822,0x18B16802,0x8C54735E,0xB630D408,0x22D5CF54,
  0xD6B51963,0x4250023F,0x7834A569,0xECD1BE35,0x7DE21E15,0xE9070549,0xD363A21F,0x4786B943,0xA15D5035,0x35B84B69,0x0FDCEC3F,0x9B39F763,0x0A0A5743,0x9EEF4C1F,0xA48BEB49,0x306EF015,
  0x74F2A2DC,0xE017B980,0xDA731ED6,0x4E96058A,0xDFA5A5AA,0x4B40BEF6,0x712419A0,0xE5C102FC,0x031AEB8A,0x97FFF0D6,0xAD9B5780,0x397E4CDC,0xA84DECFC,0x3CA8F7A0,0x06CC50F6,0x92294BAA,
  0x82180B66,0x16FD103A,0x2C99B76C,0xB87CAC30,0x294F0C10,0xBDAA174C,0x87CEB01A,0x132BAB46,0xF5F04230,0x6115596C,0x5B71FE3A,0xCF94E566,0x5EA74546,0xCA425E1A,0xF026F94C,0x64C3E210,
  0x205FB0D9,0xB4BAAB85,0x8EDE0CD3,0x1A3B178F,0x8B08B7AF,0x1FEDACF3,0x25890BA5,0xB16C10F9,0x57B7F98F,0xC352E2D3,0xF9364585,0x6DD35ED9,0xFCE0FEF9,0x6805E5A5,0x526142F3,0xC68459AF,
  0x32E48F98,0xA60194C4,0x9C653392,0x088028CE,0x99B388EE,0x0D5693B2,0x373234E4,0xA3D72FB8,0x450CC6CE,0xD1E9DD92,0xEB8D7AC4,0x7F686198,0xEE5BC1B8,0x7ABEDAE4,0x40DA7DB2,0xD43F66EE,
  0x90A33427,0x04462F7B,0x3E22882D,0xAAC79371,0x3BF43351,0xAF11280D,0x95758F5B,0x01909407,0xE74B7D71,0x73AE662D,0x49CAC17B,0xDD2FDA27,0x4C1C7A07,0xD8F9615B,0xE29DC60D,0x7678DD51,
  0xE45196FB,0x70B48DA7,0x4AD02AF1,0xDE3531AD,0x4F06918D,0xDBE38AD1,0xE1872D87,0x756236DB,0x93B9DFAD,0x075CC4F1,0x3D3863A7,0xA9DD78FB,0x38EED8DB,0xAC0BC387,0x966F64D1,0x028A7F8D,
  0x46162D44,0xD2F33618,0xE897914E,0x7C728A12,0xED412A32,0x79A4316E,0x43C09638,0xD7258D64,0x31FE6412,0xA51B7F4E,0x9F7FD818,0x0B9AC344,0x9AA96364,0x0E4C7838,0x3428DF6E,0xA0CDC432,
  0x54AD1205,0xC0480959,0xFA2CAE0F,0x6EC9B553,0xFFFA1573,0x6B1F0E2F,0x517BA979,0xC59EB225,0x23455B53,0xB7A0400F,0x8DC4E759,0x1921FC05,0x88125C25,0x1CF74779,0x2693E02F,0xB276FB73,
  0xF6EAA9BA,0x620FB2E6,0x586B15B0,0xCC8E0EEC,0x5DBDAECC,0xC958B590,0xF33C12C6,0x67D9099A,0x8102E0EC,0x15E7FBB0,0x2F835CE6,0xBB6647BA,0x2A55E79A,0xBEB0FCC6,0x84D45B90,0x103140CC,
  0x00000000,0x98A63DE6,0xA08C2B84,0x382A1662,0x41D7BEBE,0xD9718358,0xE15B953A,0x79FDA8DC,0x6A1173C5,0xF2B74E23,0xCA9D5841,0x523B65A7,0x2BC6CD7B,0xB360F09D,0x8B4AE6FF,0x13ECDB19,
  0xAE6F36AE,0x36C90B48,0x0EE31D2A,0x964520CC,0xEFB88810,0x771EB5F6,0x4F34A394,0xD7929E72,0xC47E456B,0x5CD8788D,0x64F26EEF,0xFC545309,0x85A9FBD5,0x1D0FC633,0x2525D051,0xBD83EDB7,
  0x5DC0F028,0xC566CDCE,0xFD4CDBAC,0x65EAE64A,0x1C174E96,0x84B17370,0xBC9B6512,0x243D58F4,0x37D183ED,0xAF77BE0B,0x975DA869,0x0FFB958F,0x76063D53,0xEEA000B5,0xD68A16D7,0x4E2C2B31,
  0xF3AFC686,0x6B09FB60,0x5323ED02,0xCB85D0E4,0xB2787838,0x2ADE45DE,0x12F453BC,0x8A526E5A,0x99BEB543,0x011888A5,0x39329EC7,0xA194A321,0xD8690BFD,0x40CF361B,0x78E52079,0xE0431D9F,
  0xB87A3118,0x20DC0CFE,0x18F61A9C,0x8050277A,0xF9AD8FA6,0x610BB240,0x5921A422,0xC18799C4,0xD26B42DD,0x4ACD7F3B,0x72E76959,0xEA4154BF,0x93BCFC63,0x0B1AC185,0x3330D7E7,0xAB96EA01,
  0x161507B6,0x8EB33A50,0xB6992C32,0x2E3F11D4,0x57C2B908,0xCF6484EE,0xF74E928C,0x6FE8AF6A,0x7C047473,0xE4A24995,0xDC885FF7,0x442E6211,0x3DD3CACD,0xA575F72B,0x9D5FE149,0x05F9DCAF,
  0xE5BAC130,0x7D1CFCD6,0x4536EAB4,0xDD90D752,0xA46D7F8E,0x3CCB4268,0x04E1540A,0x9C4769EC,0x8FABB2F5,0x170D8F13,0x2F279971,0xB781A497,0xCE7C0C4B,0x56DA31AD,0x6EF027CF,0xF6561A29,
  0x4BD5F79E,0xD373CA78,0xEB59DC1A,0x73FFE1FC,0x0A024920,0x92A474C6,0xAA8E62A4,0x32285F42,0x21C4845B,0xB962B9BD,0x8148AFDF,0x19EE9239,0x60133AE5,0xF8B50703,0xC09F1161,0x58392C87,
  0x4C172CBC,0xD4B1115A,0xEC9B0738,0x743D3ADE,0x0DC09202,0x9566AFE4,0xAD4CB986,0x35EA8460,0x26065F79,0xBEA0629F,0x868A74FD,0x1E2C491B,0x67D1E1C7,0xFF77DC21,0xC75DCA43,0x5FFBF7A5,
  0xE2781A12,0x7ADE27F4,0x42F43196,0xDA520C70,0xA3AFA4AC,0x3B09994A,0x03238F28,0x9B85B2CE,0x886969D7,0x10CF5431,0x28E54253,0xB0437FB5,0xC9BED769,0x5118EA8F,0x6932FCED,0xF194C10B,
  0x11D7DC94,0x8971E172,0xB15BF710,0x29FDCAF6,0x5000622A,0xC8A65FCC,0xF08C49AE,0x682A7448,0x7BC6AF51,0xE36092B7,0xDB4A84D5,0x43ECB933,0x3A1111EF,0xA2B72C09,0x9A9D3A6B,0x023B078D,
  0xBFB8EA3A,0x271ED7DC,0x1F34C1BE,0x8792FC58,0xFE6F5484,0x66C96962,0x5EE37F00,0xC64542E6,0xD5A999FF,0x4D0FA419,0x7525B27B,0xED838F9D,0x947E2741,0x0CD81AA7,0x34F20CC5,0xAC543123,
  0xF46D1DA4,0x6CCB2042,0x54E13620,0xCC470BC6,0xB5BAA31A,0x2D1C9EFC,0x1536889E,0x8D90B578,0x9E7C6E61,0x06DA5387,0x3EF045E5,0xA6567803,0xDFABD0DF,0x470DED39,0x7F27FB5B,0xE781C6BD,
  0x5A022B0A,0xC2A416EC,0xFA8E008E,0x62283D68,0x1BD595B4,0x8373A852,0xBB59BE30,0x23FF83D6,0x301358CF,0xA8B56529,0x909F734B,0x08394EAD,0x71C4E671,0xE962DB97,0xD148CDF5,0x49EEF013,
  0xA9ADED8C,0x310BD06A,0x0921C608,0x9187FBEE,0xE87A5332,0x70DC6ED4,0x48F678B6,0xD0504550,0xC3BC9E49,0x5B1AA3AF,0x6330B5CD,0xFB96882B,0x826B20F7,0x1ACD1D11,0x22E70B73,0xBA413695,
  0x07C2DB22,0x9F64E6C4,0xA74EF0A6,0x3FE8CD40,0x4615659C,0xDEB3587A,0xE6994E18,0x7E3F73FE,0x6DD3A8E7,0xF5759501,0xCD5F8363,0x55F9BE85,0x2C041659,0xB4A22BBF,0x8C883DDD,0x142E003B,
  0x00000000,0x6DC67348,0xEF557B68,0x82930820,0x552B4DBC,0x38ED3EF4,0xBA7E36D4,0xD7B8459C,0xE04F6CF3,0x8D891FBB,0x0F1A179B,0x62DC64D3,0xB564214F,0xD8A25207,0x5A315A27,0x37F7296F,
  0xDA022EE9,0xB7C45DA1,0x35575581,0x589126C9,0x8F296355,0xE2EF101D,0x607C183D,0x0DBA6B75,0x3A4D421A,0x578B3152,0xD5183972,0xB8DE4A3A,0x6F660FA6,0x02A07CEE,0x803374CE,0xEDF50786,
  0x30F2BDA8,0x5D34CEE0,0xDFA7C6C0,0xB261B588,0x65D9F014,0x081F835C,0x8A8C8B7C,0xE74AF834,0xD0BDD15B,0xBD7BA213,0x3FE8AA33,0x522ED97B,0x85969CE7,0xE850EFAF,0x6AC3E78F,0x070594C7,
  0xEAF09341,0x8736E009,0x05A5E829,0x68639B61,0xBFDBDEFD,0xD21DADB5,0x508EA595,0x3D48D6DD,0x0ABFFFB2,0x67798CFA,0xE5EA84DA,0x882CF792,0x5F94B20E,0x3252C146,0xB0C1C966,0xDD07BA2E,
  0x13B95514,0x7E7F265C,0xFCEC2E7C,0x912A5D34,0x469218A8,0x2B546BE0,0xA9C763C0,0xC4011088,0xF3F639E7,0x9E304AAF,0x1CA3428F,0x716531C7,0xA6DD745B,0xCB1B0713,0x49880F33,0x244E7C7B,
  0xC9BB7BFD,0xA47D08B5,0x26EE0095,0x4B2873DD,0x9C903641,0xF1564509,0x73C54D29,0x1E033E61,0x29F4170E,0x44326446,0xC6A16C66,0xAB671F2E,0x7CDF5AB2,0x111929FA,0x938A21DA,0xFE4C5292,
  0x234BE8BC,0x4E8D9BF4,0xCC1E93D4,0xA1D8E09C,0x7660A500,0x1BA6D648,0x9935DE68,0xF4F3AD20,0xC304844F,0xAEC2F707,0x2C51FF27,0x41978C6F,0x962FC9F3,0xFBE9BABB,0x797AB29B,0x14BCC1D3,
  0xF949C655,0x948FB51D,0x161CBD3D,0x7BDACE75,0xAC628BE9,0xC1A4F8A1,0x4337F081,0x2EF183C9,0x1906AAA6,0x74C0D9EE,0xF653D1CE,0x9B95A286,0x4C2DE71A,0x21EB9452,0xA3789C72,0xCEBEEF3A,
  0x17104988,0x7AD63AC0,0xF84532E0,0x958341A8,0x423B0434,0x2FFD777C,0xAD6E7F5C,0xC0A80C14,0xF75F257B,0x9A995633,0x180A5E13,0x75CC2D5B,0xA27468C7,0xCFB21B8F,0x4D2113AF,0x20E760E7,
  0xCD126761,0xA0D41429,0x22471C09,0x4F816F41,0x98392ADD,0xF5FF5995,0x776C51B5,0x1AAA22FD,0x2D5D0B92,0x409B78DA,0xC20870FA,0xAFCE03B2,0x7876462E,0x15B03566,0x97233D46,0xFAE54E0E,
  0x27E2F420,0x4A248768,0xC8B78F48,0xA571FC00,0x72C9B99C,0x1F0FCAD4,0x9D9CC2F4,0xF05AB1BC,0xC7AD98D3,0xAA6BEB9B,0x28F8E3BB,0x453E90F3,0x9286D56F,0xFF40A627,0x7DD3AE07,0x1015DD4F,
  0xFDE0DAC9,0x9026A981,0x12B5A1A1,0x7F73D2E9,0xA8CB9775,0xC50DE43D,0x479EEC1D,0x2A589F55,0x1DAFB63A,0x7069C572,0xF2FACD52,0x9F3CBE1A,0x4884FB86,0x254288CE,0xA7D180EE,0xCA17F3A6,
  0x04A91C9C,0x696F6FD4,0xEBFC67F4,0x863A14BC,0x51825120,0x3C442268,0xBED72A48,0xD3115900,0xE4E6706F,0x89200327,0x0BB30B07,0x6675784F,0xB1CD3DD3,0xDC0B4E9B,0x5E9846BB,0x335E35F3,
  0xDEAB3275,0xB36D413D,0x31FE491D,0x5C383A55,0x8B807FC9,0xE6460C81,0x64D504A1,0x091377E9,0x3EE45E86,0x53222DCE,0xD1B125EE,0xBC7756A6,0x6BCF133A,0x06096072,0x849A6852,0xE95C1B1A,
  0x345BA134,0x599DD27C,0xDB0EDA5C,0xB6C8A914,0x6170EC88,0x0CB69FC0,0x8E2597E0,0xE3E3E4A8,0xD414CDC7,0xB9D2BE8F,0x3B41B6AF,0x5687C5E7,0x813F807B,0xECF9F333,0x6E6AFB13,0x03AC885B,
  0xEE598FDD,0x839FFC95,0x010CF4B5,0x6CCA87FD,0xBB72C261,0xD6B4B129,0x5427B909,0x39E1CA41,0x0E16E32E,0x63D09066,0xE1439846,0x8C85EB0E,0x5B3DAE92,0x36FBDDDA,0xB468D5FA,0xD9AEA6B2,
  0x00000000,0x4CCA8095,0xDC043ABF,0x90CEBA2A,0x6F46B9DC,0x238C3949,0xB3428363,0xFF8803F6,0x19C94260,0x5503C2F5,0xC5CD78DF,0x8907F84A,0x768FFBBC,0x3A457B29,0xAA8BC103,0xE6414196,
  0xC9501C85,0x859A9C10,0x1554263A,0x599EA6AF,0xA616A559,0xEADC25CC,0x7A129FE6,0x36D81F73,0xD0995EE5,0x9C53DE70,0x0C9D645A,0x4057E4CF,0xBFDFE739,0xF31567AC,0x63DBDD86,0x2F115D13,
  0xFB33894D,0xB7F909D8,0x2737B3F2,0x6BFD3367,0x94753091,0xD8BFB004,0x48710A2E,0x04BB8ABB,0xE2FACB2D,0xAE304BB8,0x3EFEF192,0x72347107,0x8DBC72F1,0xC176F264,0x51B8484E,0x1D72C8DB,
  0x326395C8,0x7EA9155D,0xEE67AF77,0xA2AD2FE2,0x5D252C14,0x11EFAC81,0x812116AB,0xCDEB963E,0x2BAAD7A8,0x6760573D,0xF7AEED17,0xBB646D82,0x44EC6E74,0x0826EEE1,0x98E854CB,0xD422D45E,
  0x69FC08FD,0x25368868,0xB5F83242,0xF932B2D7,0x06BAB121,0x4A7031B4,0xDABE8B9E,0x96740B0B,0x70354A9D,0x3CFFCA08,0xAC317022,0xE0FBF0B7,0x1F73F341,0x53B973D4,0xC377C9FE,0x8FBD496B,
  0xA0AC1478,0xEC6694ED,0x7CA82EC7,0x3062AE52,0xCFEAADA4,0x83202D31,0x13EE971B,0x5F24178E,0xB9655618,0xF5AFD68D,0x65616CA7,0x29ABEC32,0xD623EFC4,0x9AE96F51,0x0A27D57B,0x46ED55EE,
  0x92CF81B0,0xDE050125,0x4ECBBB0F,0x02013B9A,0xFD89386C,0xB143B8F9,0x218D02D3,0x6D478246,0x8B06C3D0,0xC7CC4345,0x5702F96F,0x1BC879FA,0xE4407A0C,0xA88AFA99,0x384440B3,0x748EC026,
  0x5B9F9D35,0x17551DA0,0x879BA78A,0xCB51271F,0x34D924E9,0x7813A47C,0xE8DD1E56,0xA4179EC3,0x4256DF55,0x0E9C5FC0,0x9E52E5EA,0xD298657F,0x2D106689,0x61DAE61C,0xF1145C36,0xBDDEDCA3,
  0x4192864D,0x0D5806D8,0x9D96BCF2,0xD15C3C67,0x2ED43F91,0x621EBF04,0xF2D0052E,0xBE1A85BB,0x585BC42D,0x149144B8,0x845FFE92,0xC8957E07,0x371D7DF1,0x7BD7FD64,0xEB19474E,0xA7D3C7DB,
  0x88C29AC8,0xC4081A5D,0x54C6A077,0x180C20E2,0xE7842314,0xAB4EA381,0x3B8019AB,0x774A993E,0x910BD8A8,0xDDC1583D,0x4D0FE217,0x01C56282,0xFE4D6174,0xB287E1E1,0x22495BCB,0x6E83DB5E,
  0xBAA10F00,0xF66B8F95,0x66A535BF,0x2A6FB52A,0xD5E7B6DC,0x992D3649,0x09E38C63,0x45290CF6,0xA3684D60,0xEFA2CDF5,0x7F6C77DF,0x33A6F74A,0xCC2EF4BC,0x80E47429,0x102ACE03,0x5CE04E96,
  0x73F11385,0x3F3B9310,0xAFF5293A,0xE33FA9AF,0x1CB7AA59,0x507D2ACC,0xC0B390E6,0x8C791073,0x6A3851E5,0x26F2D170,0xB63C6B5A,0xFAF6EBCF,0x057EE839,0x49B468AC,0xD97AD286,0x95B05213,
  0x286E8EB0,0x64A40E25,0xF46AB40F,0xB8A0349A,0x4728376C,0x0BE2B7F9,0x9B2C0DD3,0xD7E68D46,0x31A7CCD0,0x7D6D4C45,0xEDA3F66F,0xA16976FA,0x5EE1750C,0x122BF599,0x82E54FB3,0xCE2FCF26,
  0xE13E9235,0xADF412A0,0x3D3AA88A,0x71F0281F,0x8E782BE9,0xC2B2AB7C,0x527C1156,0x1EB691C3,0xF8F7D055,0xB43D50C0,0x24F3EAEA,0x68396A7F,0x97B16989,0xDB7BE91C,0x4BB55336,0x077FD3A3,
  0xD35D07FD,0x9F978768,0x0F593D42,0x4393BDD7,0xBC1BBE21,0xF0D13EB4,0x601F849E,0x2CD5040B,0xCA94459D,0x865EC508,0x16907F22,0x5A5AFFB7,0xA5D2FC41,0xE9187CD4,0x79D6C6FE,0x351C466B,
  0x1A0D1B78,0x56C79BED,0xC60921C7,0x8AC3A152,0x754BA2A4,0x39812231,0xA94F981B,0xE585188E,0x03C45918,0x4F0ED98D,0xDFC063A7,0x930AE332,0x6C82E0C4,0x20486051,0xB086DA7B,0xFC4C5AEE,
  0x00000000,0x0507F252,0x989972A7,0x9D9E80F5,0x54F37E44,0x51F48C16,0xCC6A0CE3,0xC96DFEB1,0x78D58CFD,0x7DD27EAF,0xE04CFE5A,0xE54B0C08,0x2C26F2B9,0x292100EB,0xB4BF801E,0xB1B8724C,
  0xA8CE3D53,0xADC9CF01,0x30574FF4,0x3550BDA6,0xFC3D4317,0xF93AB145,0x64A431B0,0x61A3C3E2,0xD01BB1AE,0xD51C43FC,0x4882C309,0x4D85315B,0x84E8CFEA,0x81EF3DB8,0x1C71BD4D,0x19764F1F,
  0xB8186809,0xBD1F9A5B,0x20811AAE,0x2586E8FC,0xECEB164D,0xE9ECE41F,0x747264EA,0x717596B8,0xC0CDE4F4,0xC5CA16A6,0x58549653,0x5D536401,0x943E9AB0,0x913968E2,0x0CA7E817,0x09A01A45,
  0x10D6555A,0x15D1A708,0x884F27FD,0x8D48D5AF,0x44252B1E,0x4122D94C,0xDCBC59B9,0xD9BBABEB,0x6803D9A7,0x6D042BF5,0xF09AAB00,0xF59D5952,0x3CF0A7E3,0x39F755B1,0xA469D544,0xA16E2716,
  0x79A943C4,0x7CAEB196,0xE1303163,0xE437C331,0x2D5A3D80,0x285DCFD2,0xB5C34F27,0xB0C4BD75,0x017CCF39,0x047B3D6B,0x99E5BD9E,0x9CE24FCC,0x558FB17D,0x5088432F,0xCD16C3DA,0xC8113188,
  0xD1677E97,0xD4608CC5,0x49FE0C30,0x4CF9FE62,0x859400D3,0x8093F281,0x1D0D7274,0x180A8026,0xA9B2F26A,0xACB50038,0x312B80CD,0x342C729F,0xFD418C2E,0xF8467E7C,0x65D8FE89,0x60DF0CDB,
  0xC1B12BCD,0xC4B6D99F,0x5928596A,0x5C2FAB38,0x95425589,0x9045A7DB,0x0DDB272E,0x08DCD57C,0xB964A730,0xBC635562,0x21FDD597,0x24FA27C5,0xED97D974,0xE8902B26,0x750EABD3,0x70095981,
  0x697F169E,0x6C78E4CC,0xF1E66439,0xF4E1966B,0x3D8C68DA,0x388B9A88,0xA5151A7D,0xA012E82F,0x11AA9A63,0x14AD6831,0x8933E8C4,0x8C341A96,0x4559E427,0x405E1675,0xDDC09680,0xD8C764D2,
  0x5F4C0BEE,0x5A4BF9BC,0xC7D57949,0xC2D28B1B,0x0BBF75AA,0x0EB887F8,0x9326070D,0x9621F55F,0x27998713,0x229E7541,0xBF00F5B4,0xBA0707E6,0x736AF957,0x766D0B05,0xEBF38BF0,0xEEF479A2,
  0xF78236BD,0xF285C4EF,0x6F1B441A,0x6A1CB648,0xA37148F9,0xA676BAAB,0x3BE83A5E,0x3EEFC80C,0x8F57BA40,0x8A504812,0x17CEC8E7,0x12C93AB5,0xDBA4C404,0xDEA33656,0x433DB6A3,0x463A44F1,
  0xE75463E7,0xE25391B5,0x7FCD1140,0x7ACAE312,0xB3A71DA3,0xB6A0EFF1,0x2B3E6F04,0x2E399D56,0x9F81EF1A,0x9A861D48,0x07189DBD,0x021F6FEF,0xCB72915E,0xCE75630C,0x53EBE3F9,0x56EC11AB,
  0x4F9A5EB4,0x4A9DACE6,0xD7032C13,0xD204DE41,0x1B6920F0,0x1E6ED2A2,0x83F05257,0x86F7A005,0x374FD249,0x3248201B,0xAFD6A0EE,0xAAD152BC,0x63BCAC0D,0x66BB5E5F,0xFB25DEAA,0xFE222CF8,
  0x26E5482A,0x23E2BA78,0xBE7C3A8D,0xBB7BC8DF,0x7216366E,0x7711C43C,0xEA8F44C9,0xEF88B69B,0x5E30C4D7,0x5B373685,0xC6A9B670,0xC3AE4422,0x0AC3BA93,0x0FC448C1,0x925AC834,0x975D3A66,
  0x8E2B7579,0x8B2C872B,0x16B207DE,0x13B5F58C,0xDAD80B3D,0xDFDFF96F,0x4241799A,0x47468BC8,0xF6FEF984,0xF3F90BD6,0x6E678B23,0x6B607971,0xA20D87C0,0xA70A7592,0x3A94F567,0x3F930735,
  0x9EFD2023,0x9BFAD271,0x06645284,0x0363A0D6,0xCA0E5E67,0xCF09AC35,0x52972CC0,0x5790DE92,0xE628ACDE,0xE32F5E8C,0x7EB1DE79,0x7BB62C2B,0xB2DBD29A,0xB7DC20C8,0x2A42A03D,0x2F45526F,
  0x36331D70,0x3334EF22,0xAEAA6FD7,0xABAD9D85,0x62C06334,0x67C79166,0xFA591193,0xFF5EE3C1,0x4EE6918D,0x4BE163DF,0xD67FE32A,0xD3781178,0x1A15EFC9,0x1F121D9B,0x828C9D6E,0x878B6F3C,
  0x00000000,0x549E312F,0x4C1F30DC,0x188101F3,0xF062FEE2,0xA4FCCFCD,0xBC7DCE3E,0xE8E3FF11,0xCDC4DC54,0x995AED7B,0x81DBEC88,0xD545DDA7,0x3DA622B6,0x69381399,0x71B9126A,0x25272345,
  0x2F3FDFB8,0x7BA1EE97,0x6320EF64,0x37BEDE4B,0xDF5D215A,0x8BC31075,0x93421186,0xC7DC20A9,0xE2FB03EC,0xB66532C3,0xAEE43330,0xFA7A021F,0x1299FD0E,0x4607CC21,0x5E86CDD2,0x0A18FCFD,
  0x86070FF3,0xD2993EDC,0xCA183F2F,0x9E860E00,0x7665F111,0x22FBC03E,0x3A7AC1CD,0x6EE4F0E2,0x4BC3D3A7,0x1F5DE288,0x07DCE37B,0x5342D254,0xBBA12D45,0xEF3F1C6A,0xF7BE1D99,0xA3202CB6,
  0xA938D04B,0xFDA6E164,0xE527E097,0xB1B9D1B8,0x595A2EA9,0x0DC41F86,0x15451E75,0x41DB2F5A,0x64FC0C1F,0x30623D30,0x28E33CC3,0x7C7D0DEC,0x949EF2FD,0xC000C3D2,0xD881C221,0x8C1FF30E,
  0x939C0109,0xC7023026,0xDF8331D5,0x8B1D00FA,0x63FEFFEB,0x3760CEC4,0x2FE1CF37,0x7B7FFE18,0x5E58DD5D,0x0AC6EC72,0x1247ED81,0x46D9DCAE,0xAE3A23BF,0xFAA41290,0xE2251363,0xB6BB224C,
  0xBCA3DEB1,0xE83DEF9E,0xF0BCEE6D,0xA422DF42,0x4CC12053,0x185F117C,0x00DE108F,0x544021A0,0x716702E5,0x25F933CA,0x3D783239,0x69E60316,0x8105FC07,0xD59BCD28,0xCD1ACCDB,0x9984FDF4,
  0x159B0EFA,0x41053FD5,0x59843E26,0x0D1A0F09,0xE5F9F018,0xB167C137,0xA9E6C0C4,0xFD78F1EB,0xD85FD2AE,0x8CC1E381,0x9440E272,0xC0DED35D,0x283D2C4C,0x7CA31D63,0x64221C90,0x30BC2DBF,
  0x3AA4D142,0x6E3AE06D,0x76BBE19E,0x2225D0B1,0xCAC62FA0,0x9E581E8F,0x86D91F7C,0xD2472E53,0xF7600D16,0xA3FE3C39,0xBB7F3DCA,0xEFE10CE5,0x0702F3F4,0x539CC2DB,0x4B1DC328,0x1F83F207,
  0xF5EF92AC,0xA171A383,0xB9F0A270,0xED6E935F,0x058D6C4E,0x51135D61,0x49925C92,0x1D0C6DBD,0x382B4EF8,0x6CB57FD7,0x74347E24,0x20AA4F0B,0xC849B01A,0x9CD78135,0x845680C6,0xD0C8B1E9,
  0xDAD04D14,0x8E4E7C3B,0x96CF7DC8,0xC2514CE7,0x2AB2B3F6,0x7E2C82D9,0x66AD832A,0x3233B205,0x17149140,0x438AA06F,0x5B0BA19C,0x0F9590B3,0xE7766FA2,0xB3E85E8D,0xAB695F7E,0xFFF76E51,
  0x73E89D5F,0x2776AC70,0x3FF7AD83,0x6B699CAC,0x838A63BD,0xD7145292,0xCF955361,0x9B0B624E,0xBE2C410B,0xEAB27024,0xF23371D7,0xA6AD40F8,0x4E4EBFE9,0x1AD08EC6,0x02518F35,0x56CFBE1A,
  0x5CD742E7,0x084973C8,0x10C8723B,0x44564314,0xACB5BC05,0xF82B8D2A,0xE0AA8CD9,0xB434BDF6,0x91139EB3,0xC58DAF9C,0xDD0CAE6F,0x89929F40,0x61716051,0x35EF517E,0x2D6E508D,0x79F061A2,
  0x667393A5,0x32EDA28A,0x2A6CA379,0x7EF29256,0x96116D47,0xC28F5C68,0xDA0E5D9B,0x8E906CB4,0xABB74FF1,0xFF297EDE,0xE7A87F2D,0xB3364E02,0x5BD5B113,0x0F4B803C,0x17CA81CF,0x4354B0E0,
  0x494C4C1D,0x1DD27D32,0x05537CC1,0x51CD4DEE,0xB92EB2FF,0xEDB083D0,0xF5318223,0xA1AFB30C,0x84889049,0xD016A166,0xC897A095,0x9C0991BA,0x74EA6EAB,0x20745F84,0x38F55E77,0x6C6B6F58,
  0xE0749C56,0xB4EAAD79,0xAC6BAC8A,0xF8F59DA5,0x101662B4,0x4488539B,0x5C095268,0x08976347,0x2DB04002,0x792E712D,0x61AF70DE,0x353141F1,0xDDD2BEE0,0x894C8FCF,0x91CD8E3C,0xC553BF13,
  0xCF4B43EE,0x9BD572C1,0x83547332,0xD7CA421D,0x3F29BD0C,0x6BB78C23,0x73368DD0,0x27A8BCFF,0x028F9FBA,0x5611AE95,0x4E90AF66,0x1A0E9E49,0xF2ED6158,0xA6735077,0xBEF25184,0xEA6C60AB,
  0x00000000,0x0D86ACE4,0x9D8DC6D8,0x900B6A3C,0x2FBA93F1,0x223C3F15,0xB2375529,0xBFB1F9CD,0x1A6F1E41,0x17E9B2A5,0x87E2D899,0x8A64747D,0x35D58DB0,0x38532154,0xA8584B68,0xA5DEE78C,
  0xAF1B9099,0xA29D3C7D,0x32965641,0x3F10FAA5,0x80A10368,0x8D27AF8C,0x1D2CC5B0,0x10AA6954,0xB5748ED8,0xB8F2223C,0x28F94800,0x257FE4E4,0x9ACE1D29,0x9748B1CD,0x0743DBF1,0x0AC57715,
  0xA00B8C61,0xAD8D2085,0x3D864AB9,0x3000E65D,0x8FB11F90,0x8237B374,0x123CD948,0x1FBA75AC,0xBA649220,0xB7E23EC4,0x27E954F8,0x2A6FF81C,0x95DE01D1,0x9858AD35,0x0853C709,0x05D56BED,
  0x0F101CF8,0x0296B01C,0x929DDA20,0x9F1B76C4,0x20AA8F09,0x2D2C23ED,0xBD2749D1,0xB0A1E535,0x157F02B9,0x18F9AE5D,0x88F2C461,0x85746885,0x3AC59148,0x37433DAC,0xA7485790,0xAACEFB74,
  0xEAD35D91,0xE755F175,0x775E9B49,0x7AD837AD,0xC569CE60,0xC8EF6284,0x58E408B8,0x5562A45C,0xF0BC43D0,0xFD3AEF34,0x6D318508,0x60B729EC,0xDF06D021,0xD2807CC5,0x428B16F9,0x4F0DBA1D,
  0x45C8CD08,0x484E61EC,0xD8450BD0,0xD5C3A734,0x6A725EF9,0x67F4F21D,0xF7FF9821,0xFA7934C5,0x5FA7D349,0x52217FAD,0xC22A1591,0xCFACB975,0x701D40B8,0x7D9BEC5C,0xED908660,0xE0162A84,
  0x4AD8D1F0,0x475E7D14,0xD7551728,0xDAD3BBCC,0x65624201,0x68E4EEE5,0xF8EF84D9,0xF569283D,0x50B7CFB1,0x5D316355,0xCD3A0969,0xC0BCA58D,0x7F0D5C40,0x728BF0A4,0xE2809A98,0xEF06367C,
  0xE5C34169,0xE845ED8D,0x784E87B1,0x75C82B55,0xCA79D298,0xC7FF7E7C,0x57F41440,0x5A72B8A4,0xFFAC5F28,0xF22AF3CC,0x622199F0,0x6FA73514,0xD016CCD9,0xDD90603D,0x4D9B0A01,0x401DA6E5,
  0x6777387E,0x6AF1949A,0xFAFAFEA6,0xF77C5242,0x48CDAB8F,0x454B076B,0xD5406D57,0xD8C6C1B3,0x7D18263F,0x709E8ADB,0xE095E0E7,0xED134C03,0x52A2B5CE,0x5F24192A,0xCF2F7316,0xC2A9DFF2,
  0xC86CA8E7,0xC5EA0403,0x55E16E3F,0x5867C2DB,0xE7D63B16,0xEA5097F2,0x7A5BFDCE,0x77DD512A,0xD203B6A6,0xDF851A42,0x4F8E707E,0x4208DC9A,0xFDB92557,0xF03F89B3,0x6034E38F,0x6DB24F6B,
  0xC77CB41F,0xCAFA18FB,0x5AF172C7,0x5777DE23,0xE8C627EE,0xE5408B0A,0x754BE136,0x78CD4DD2,0xDD13AA5E,0xD09506BA,0x409E6C86,0x4D18C062,0xF2A939AF,0xFF2F954B,0x6F24FF77,0x62A25393,
  0x68672486,0x65E18862,0xF5EAE25E,0xF86C4EBA,0x47DDB777,0x4A5B1B93,0xDA5071AF,0xD7D6DD4B,0x72083AC7,0x7F8E9623,0xEF85FC1F,0xE20350FB,0x5DB2A936,0x503405D2,0xC03F6FEE,0xCDB9C30A,
  0x8DA465EF,0x8022C90B,0x1029A337,0x1DAF0FD3,0xA21EF61E,0xAF985AFA,0x3F9330C6,0x32159C22,0x97CB7BAE,0x9A4DD74A,0x0A46BD76,0x07C01192,0xB871E85F,0xB5F744BB,0x25FC2E87,0x287A8263,
  0x22BFF576,0x2F395992,0xBF3233AE,0xB2B49F4A,0x0D056687,0x0083CA63,0x9088A05F,0x9D0E0CBB,0x38D0EB37,0x355647D3,0xA55D2DEF,0xA8DB810B,0x176A78C6,0x1AECD422,0x8AE7BE1E,0x876112FA,
  0x2DAFE98E,0x2029456A,0xB0222F56,0xBDA483B2,0x02157A7F,0x0F93D69B,0x9F98BCA7,0x921E1043,0x37C0F7CF,0x3A465B2B,0xAA4D3117,0xA7CB9DF3,0x187A643E,0x15FCC8DA,0x85F7A2E6,0x88710E02,
  0x82B47917,0x8F32D5F3,0x1F39BFCF,0x12BF132B,0xAD0EEAE6,0xA0884602,0x30832C3E,0x3D0580DA,0x98DB6756,0x955DCBB2,0x0556A18E,0x08D00D6A,0xB761F4A7,0xBAE75843,0x2AEC327F,0x276A9E9B,
  0x00000000,0xF69FE500,0xC4B2302C,0x322DD52C,0xA8BA857E,0x5E25607E,0x6C08B552,0x9A975052,0x707F42EB,0x86E0A7EB,0xB4CD72C7,0x425297C7,0xD8C5C795,0x2E5A2295,0x1C77F7B9,0xEAE812B9,
  0xAF111C43,0x598EF943,0x6BA32C6F,0x9D3CC96F,0x07AB993D,0xF1347C3D,0xC319A911,0x35864C11,0xDF6E5EA8,0x29F1BBA8,0x1BDC6E84,0xED438B84,0x77D4DBD6,0x814B3ED6,0xB366EBFA,0x45F90EFA,
  0x953923CD,0x63A6C6CD,0x518B13E1,0xA714F6E1,0x3D83A6B3,0xCB1C43B3,0xF931969F,0x0FAE739F,0xE5466126,0x13D98426,0x21F4510A,0xD76BB40A,0x4DFCE458,0xBB630158,0x894ED474,0x7FD13174,
  0x3A283F8E,0xCCB7DA8E,0xFE9A0FA2,0x0805EAA2,0x9292BAF0,0x640D5FF0,0x56208ADC,0xA0BF6FDC,0x4A577D65,0xBCC89865,0x8EE54D49,0x787AA849,0xE2EDF81B,0x14721D1B,0x265FC837,0xD0C02D37,
  0x209F5A57,0xD600BF57,0xE42D6A7B,0x12B28F7B,0x8825DF29,0x7EBA3A29,0x4C97EF05,0xBA080A05,0x50E018BC,0xA67FFDBC,0x94522890,0x62CDCD90,0xF85A9DC2,0x0EC578C2,0x3CE8ADEE,0xCA7748EE,
  0x8F8E4614,0x7911A314,0x4B3C7638,0xBDA39338,0x2734C36A,0xD1AB266A,0xE386F346,0x15191646,0xFFF104FF,0x096EE1FF,0x3B4334D3,0xCDDCD1D3,0x574B8181,0xA1D46481,0x93F9B1AD,0x656654AD,
  0xB5A6799A,0x43399C9A,0x711449B6,0x878BACB6,0x1D1CFCE4,0xEB8319E4,0xD9AECCC8,0x2F3129C8,0xC5D93B71,0x3346DE71,0x016B0B5D,0xF7F4EE5D,0x6D63BE0F,0x9BFC5B0F,0xA9D18E23,0x5F4E6B23,
  0x1AB765D9,0xEC2880D9,0xDE0555F5,0x289AB0F5,0xB20DE0A7,0x449205A7,0x76BFD08B,0x8020358B,0x6AC82732,0x9C57C232,0xAE7A171E,0x58E5F21E,0xC272A24C,0x34ED474C,0x06C09260,0xF05F7760,
  0x2FB6D599,0xD9293099,0xEB04E5B5,0x1D9B00B5,0x870C50E7,0x7193B5E7,0x43BE60CB,0xB52185CB,0x5FC99772,0xA9567272,0x9B7BA75E,0x6DE4425E,0xF773120C,0x01ECF70C,0x33C12220,0xC55EC720,
  0x80A7C9DA,0x76382CDA,0x4415F9F6,0xB28A1CF6,0x281D4CA4,0xDE82A9A4,0xECAF7C88,0x1A309988,0xF0D88B31,0x06476E31,0x346ABB1D,0xC2F55E1D,0x58620E4F,0xAEFDEB4F,0x9CD03E63,0x6A4FDB63,
  0xBA8FF654,0x4C101354,0x7E3DC678,0x88A22378,0x1235732A,0xE4AA962A,0xD6874306,0x2018A606,0xCAF0B4BF,0x3C6F51BF,0x0E428493,0xF8DD6193,0x624A31C1,0x94D5D4C1,0xA6F801ED,0x5067E4ED,
  0x159EEA17,0xE3010F17,0xD12CDA3B,0x27B33F3B,0xBD246F69,0x4BBB8A69,0x79965F45,0x8F09BA45,0x65E1A8FC,0x937E4DFC,0xA15398D0,0x57CC7DD0,0xCD5B2D82,0x3BC4C882,0x09E91DAE,0xFF76F8AE,
  0x0F298FCE,0xF9B66ACE,0xCB9BBFE2,0x3D045AE2,0xA7930AB0,0x510CEFB0,0x63213A9C,0x95BEDF9C,0x7F56CD25,0x89C92825,0xBBE4FD09,0x4D7B1809,0xD7EC485B,0x2173AD5B,0x135E7877,0xE5C19D77,
  0xA038938D,0x56A7768D,0x648AA3A1,0x921546A1,0x088216F3,0xFE1DF3F3,0xCC3026DF,0x3AAFC3DF,0xD047D166,0x26D83466,0x14F5E14A,0xE26A044A,0x78FD5418,0x8E62B118,0xBC4F6434,0x4AD08134,
  0x9A10AC03,0x6C8F4903,0x5EA29C2F,0xA83D792F,0x32AA297D,0xC435CC7D,0xF6181951,0x0087FC51,0xEA6FEEE8,0x1CF00BE8,0x2EDDDEC4,0xD8423BC4,0x42D56B96,0xB44A8E96,0x86675BBA,0x70F8BEBA,
  0x3501B040,0xC39E5540,0xF1B3806C,0x072C656C,0x9DBB353E,0x6B24D03E,0x59090512,0xAF96E012,0x457EF2AB,0xB3E117AB,0x81CCC287,0x77532787,0xEDC477D5,0x1B5B92D5,0x297647F9,0xDFE9A2F9,
  0x00000000,0xCF4D6E7C,0xD5B6E5B7,0x1AFB8BCB,0xD4F2A81F,0x1BBFC663,0x01444DA8,0xCE0923D4,0xCFD7BFD1,0x009AD1AD,0x1A615A66,0xD52C341A,0x1B2517CE,0xD46879B2,0xCE93F279,0x01DE9C05,
  0x2742595C,0xE80F3720,0xF2F4BCEB,0x3DB9D297,0xF3B0F143,0x3CFD9F3F,0x260614F4,0xE94B7A88,0xE895E68D,0x27D888F1,0x3D23033A,0xF26E6D46,0x3C674E92,0xF32A20EE,0xE9D1AB25,0x269CC559,
  0xC23CAC15,0x0D71C269,0x178A49A2,0xD8C727DE,0x16CE040A,0xD9836A76,0xC378E1BD,0x0C358FC1,0x0DEB13C4,0xC2A67DB8,0xD85DF673,0x1710980F,0xD919BBDB,0x1654D5A7,0x0CAF5E6C,0xC3E23010,
  0xE57EF549,0x2A339B35,0x30C810FE,0xFF857E82,0x318C5D56,0xFEC1332A,0xE43AB8E1,0x2B77D69D,0x2AA94A98,0xE5E424E4,0xFF1FAF2F,0x3052C153,0xFE5BE287,0x31168CFB,0x2BED0730,0xE4A0694C,
  0x0B9B6577,0xC4D60B0B,0xDE2D80C0,0x1160EEBC,0xDF69CD68,0x1024A314,0x0ADF28DF,0xC59246A3,0xC44CDAA6,0x0B01B4DA,0x11FA3F11,0xDEB7516D,0x10BE72B9,0xDFF31CC5,0xC508970E,0x0A45F972,
  0x2CD93C2B,0xE3945257,0xF96FD99C,0x3622B7E0,0xF82B9434,0x3766FA48,0x2D9D7183,0xE2D01FFF,0xE30E83FA,0x2C43ED86,0x36B8664D,0xF9F50831,0x37FC2BE5,0xF8B14599,0xE24ACE52,0x2D07A02E,
  0xC9A7C962,0x06EAA71E,0x1C112CD5,0xD35C42A9,0x1D55617D,0xD2180F01,0xC8E384CA,0x07AEEAB6,0x067076B3,0xC93D18CF,0xD3C69304,0x1C8BFD78,0xD282DEAC,0x1DCFB0D0,0x07343B1B,0xC8795567,
  0xEEE5903E,0x21A8FE42,0x3B537589,0xF41E1BF5,0x3A173821,0xF55A565D,0xEFA1DD96,0x20ECB3EA,0x21322FEF,0xEE7F4193,0xF484CA58,0x3BC9A424,0xF5C087F0,0x3A8DE98C,0x20766247,0xEF3B0C3B,
  0x082A60CF,0xC7670EB3,0xDD9C8578,0x12D1EB04,0xDCD8C8D0,0x1395A6AC,0x096E2D67,0xC623431B,0xC7FDDF1E,0x08B0B162,0x124B3AA9,0xDD0654D5,0x130F7701,0xDC42197D,0xC6B992B6,0x09F4FCCA,
  0x2F683993,0xE02557EF,0xFADEDC24,0x3593B258,0xFB9A918C,0x34D7FFF0,0x2E2C743B,0xE1611A47,0xE0BF8642,0x2FF2E83E,0x350963F5,0xFA440D89,0x344D2E5D,0xFB004021,0xE1FBCBEA,0x2EB6A596,
  0xCA16CCDA,0x055BA2A6,0x1FA0296D,0xD0ED4711,0x1EE464C5,0xD1A90AB9,0xCB528172,0x041FEF0E,0x05C1730B,0xCA8C1D77,0xD07796BC,0x1F3AF8C0,0xD133DB14,0x1E7EB568,0x04853EA3,0xCBC850DF,
  0xED549586,0x2219FBFA,0x38E27031,0xF7AF1E4D,0x39A63D99,0xF6EB53E5,0xEC10D82E,0x235DB652,0x22832A57,0xEDCE442B,0xF735CFE0,0x3878A19C,0xF6718248,0x393CEC34,0x23C767FF,0xEC8A0983,
  0x03B105B8,0xCCFC6BC4,0xD607E00F,0x194A8E73,0xD743ADA7,0x180EC3DB,0x02F54810,0xCDB8266C,0xCC66BA69,0x032BD415,0x19D05FDE,0xD69D31A2,0x18941276,0xD7D97C0A,0xCD22F7C1,0x026F99BD,
  0x24F35CE4,0xEBBE3298,0xF145B953,0x3E08D72F,0xF001F4FB,0x3F4C9A87,0x25B7114C,0xEAFA7F30,0xEB24E335,0x24698D49,0x3E920682,0xF1DF68FE,0x3FD64B2A,0xF09B2556,0xEA60AE9D,0x252DC0E1,
  0xC18DA9AD,0x0EC0C7D1,0x143B4C1A,0xDB762266,0x157F01B2,0xDA326FCE,0xC0C9E405,0x0F848A79,0x0E5A167C,0xC1177800,0xDBECF3CB,0x14A19DB7,0xDAA8BE63,0x15E5D01F,0x0F1E5BD4,0xC05335A8,
  0xE6CFF0F1,0x29829E8D,0x33791546,0xFC347B3A,0x323D58EE,0xFD703692,0xE78BBD59,0x28C6D325,0x29184F20,0xE655215C,0xFCAEAA97,0x33E3C4EB,0xFDEAE73F,0x32A78943,0x285C0288,0xE7116CF4,
  0x00000000,0x142464CC,0x03181D3A,0x173C79F6,0x3A0F3193,0x2E2B555F,0x39172CA9,0x2D334865,0x251EFACE,0x313A9E02,0x2606E7F4,0x32228338,0x1F11CB5D,0x0B35AF91,0x1C09D667,0x082DB2AB,
  0xD54C645B,0xC1680097,0xD6547961,0xC2701DAD,0xEF4355C8,0xFB673104,0xEC5B48F2,0xF87F2C3E,0xF0529E95,0xE476FA59,0xF34A83AF,0xE76EE763,0xCA5DAF06,0xDE79CBCA,0xC945B23C,0xDD61D6F0,
  0xF37F7876,0xE75B1CBA,0xF067654C,0xE4430180,0xC97049E5,0xDD542D29,0xCA6854DF,0xDE4C3013,0xD66182B8,0xC245E674,0xD5799F82,0xC15DFB4E,0xEC6EB32B,0xF84AD7E7,0xEF76AE11,0xFB52CADD,
  0x26331C2D,0x321778E1,0x252B0117,0x310F65DB,0x1C3C2DBE,0x08184972,0x1F243084,0x0B005448,0x032DE6E3,0x1709822F,0x0035FBD9,0x14119F15,0x3922D770,0x2D06B3BC,0x3A3ACA4A,0x2E1EAE86,
  0xDA4CC4CC,0xCE68A000,0xD954D9F6,0xCD70BD3A,0xE043F55F,0xF4679193,0xE35BE865,0xF77F8CA9,0xFF523E02,0xEB765ACE,0xFC4A2338,0xE86E47F4,0xC55D0F91,0xD1796B5D,0xC64512AB,0xD2617667,
  0x0F00A097,0x1B24C45B,0x0C18BDAD,0x183CD961,0x350F9104,0x212BF5C8,0x36178C3E,0x2233E8F2,0x2A1E5A59,0x3E3A3E95,0x29064763,0x3D2223AF,0x10116BCA,0x04350F06,0x130976F0,0x072D123C,
  0x2933BCBA,0x3D17D876,0x2A2BA180,0x3E0FC54C,0x133C8D29,0x0718E9E5,0x10249013,0x0400F4DF,0x0C2D4674,0x180922B8,0x0F355B4E,0x1B113F82,0x362277E7,0x2206132B,0x353A6ADD,0x211E0E11,
  0xFC7FD8E1,0xE85BBC2D,0xFF67C5DB,0xEB43A117,0xC670E972,0xD2548DBE,0xC568F448,0xD14C9084,0xD961222F,0xCD4546E3,0xDA793F15,0xCE5D5BD9,0xE36E13BC,0xF74A7770,0xE0760E86,0xF4526A4A,
  0xD043A3A8,0xC467C764,0xD35BBE92,0xC77FDA5E,0xEA4C923B,0xFE68F6F7,0xE9548F01,0xFD70EBCD,0xF55D5966,0xE1793DAA,0xF645445C,0xE2612090,0xCF5268F5,0xDB760C39,0xCC4A75CF,0xD86E1103,
  0x050FC7F3,0x112BA33F,0x0617DAC9,0x1233BE05,0x3F00F660,0x2B2492AC,0x3C18EB5A,0x283C8F96,0x20113D3D,0x343559F1,0x23092007,0x372D44CB,0x1A1E0CAE,0x0E3A6862,0x19061194,0x0D227558,
  0x233CDBDE,0x3718BF12,0x2024C6E4,0x3400A228,0x1933EA4D,0x0D178E81,0x1A2BF777,0x0E0F93BB,0x06222110,0x120645DC,0x053A3C2A,0x111E58E6,0x3C2D1083,0x2809744F,0x3F350DB9,0x2B116975,
  0xF670BF85,0xE254DB49,0xF568A2BF,0xE14CC673,0xCC7F8E16,0xD85BEADA,0xCF67932C,0xDB43F7E0,0xD36E454B,0xC74A2187,0xD0765871,0xC4523CBD,0xE96174D8,0xFD451014,0xEA7969E2,0xFE5D0D2E,
  0x0A0F6764,0x1E2B03A8,0x09177A5E,0x1D331E92,0x300056F7,0x2424323B,0x33184BCD,0x273C2F01,0x2F119DAA,0x3B35F966,0x2C098090,0x382DE45C,0x151EAC39,0x013AC8F5,0x1606B103,0x0222D5CF,
  0xDF43033F,0xCB6767F3,0xDC5B1E05,0xC87F7AC9,0xE54C32AC,0xF1685660,0xE6542F96,0xF2704B5A,0xFA5DF9F1,0xEE799D3D,0xF945E4CB,0xED618007,0xC052C862,0xD476ACAE,0xC34AD558,0xD76EB194,
  0xF9701F12,0xED547BDE,0xFA680228,0xEE4C66E4,0xC37F2E81,0xD75B4A4D,0xC06733BB,0xD4435777,0xDC6EE5DC,0xC84A8110,0xDF76F8E6,0xCB529C2A,0xE661D44F,0xF245B083,0xE579C975,0xF15DADB9,
  0x2C3C7B49,0x38181F85,0x2F246673,0x3B0002BF,0x16334ADA,0x02172E16,0x152B57E0,0x010F332C,0x09228187,0x1D06E54B,0x0A3A9CBD,0x1E1EF871,0x332DB014,0x2709D4D8,0x3035AD2E,0x2411C9E2,
  0x00000000,0x50853CC0,0x904D099C,0xC0C8355C,0xDAA106AA,0x8A243A6A,0x4AEC0F36,0x1A6933F6,0xF53F7F31,0xA5BA43F1,0x657276AD,0x35F74A6D,0x2F9E799B,0x7F1B455B,0xBFD37007,0xEF564CC7,
  0xDEDB72AC,0x8E5E4E6C,0x4E967B30,0x1E1347F0,0x047A7406,0x54FF48C6,0x94377D9A,0xC4B2415A,0x2BE40D9D,0x7B61315D,0xBBA90401,0xEB2C38C1,0xF1450B37,0xA1C037F7,0x610802AB,0x318D3E6B,
  0x334CB340,0x63C98F80,0xA301BADC,0xF384861C,0xE9EDB5EA,0xB968892A,0x79A0BC76,0x292580B6,0xC673CC71,0x96F6F0B1,0x563EC5ED,0x06BBF92D,0x1CD2CADB,0x4C57F61B,0x8C9FC347,0xDC1AFF87,
  0xED97C1EC,0xBD12FD2C,0x7DDAC870,0x2D5FF4B0,0x3736C746,0x67B3FB86,0xA77BCEDA,0xF7FEF21A,0x18A8BEDD,0x482D821D,0x88E5B741,0xD8608B81,0xC209B877,0x928C84B7,0x5244B1EB,0x02C18D2B,
  0x958355BE,0xC506697E,0x05CE5C22,0x554B60E2,0x4F225314,0x1FA76FD4,0xDF6F5A88,0x8FEA6648,0x60BC2A8F,0x3039164F,0xF0F12313,0xA0741FD3,0xBA1D2C25,0xEA9810E5,0x2A5025B9,0x7AD51979,
  0x4B582712,0x1BDD1BD2,0xDB152E8E,0x8B90124E,0x91F921B8,0xC17C1D78,0x01B42824,0x513114E4,0xBE675823,0xEEE264E3,0x2E2A51BF,0x7EAF6D7F,0x64C65E89,0x34436249,0xF48B5715,0xA40E6BD5,
  0xA6CFE6FE,0xF64ADA3E,0x3682EF62,0x6607D3A2,0x7C6EE054,0x2CEBDC94,0xEC23E9C8,0xBCA6D508,0x53F099CF,0x0375A50F,0xC3BD9053,0x9338AC93,0x89519F65,0xD9D4A3A5,0x191C96F9,0x4999AA39,
  0x78149452,0x2891A892,0xE8599DCE,0xB8DCA10E,0xA2B592F8,0xF230AE38,0x32F89B64,0x627DA7A4,0x8D2BEB63,0xDDAED7A3,0x1D66E2FF,0x4DE3DE3F,0x578AEDC9,0x070FD109,0xC7C7E455,0x9742D895,
  0x1F644DE5,0x4FE17125,0x8F294479,0xDFAC78B9,0xC5C54B4F,0x9540778F,0x558842D3,0x050D7E13,0xEA5B32D4,0xBADE0E14,0x7A163B48,0x2A930788,0x30FA347E,0x607F08BE,0xA0B73DE2,0xF0320122,
  0xC1BF3F49,0x913A0389,0x51F236D5,0x01770A15,0x1B1E39E3,0x4B9B0523,0x8B53307F,0xDBD60CBF,0x34804078,0x64057CB8,0xA4CD49E4,0xF4487524,0xEE2146D2,0xBEA47A12,0x7E6C4F4E,0x2EE9738E,
  0x2C28FEA5,0x7CADC265,0xBC65F739,0xECE0CBF9,0xF689F80F,0xA60CC4CF,0x66C4F193,0x3641CD53,0xD9178194,0x8992BD54,0x495A8808,0x19DFB4C8,0x03B6873E,0x5333BBFE,0x93FB8EA2,0xC37EB262,
  0xF2F38C09,0xA276B0C9,0x62BE8595,0x323BB955,0x28528AA3,0x78D7B663,0xB81F833F,0xE89ABFFF,0x07CCF338,0x5749CFF8,0x9781FAA4,0xC704C664,0xDD6DF592,0x8DE8C952,0x4D20FC0E,0x1DA5C0CE,
  0x8AE7185B,0xDA62249B,0x1AAA11C7,0x4A2F2D07,0x50461EF1,0x00C32231,0xC00B176D,0x908E2BAD,0x7FD8676A,0x2F5D5BAA,0xEF956EF6,0xBF105236,0xA57961C0,0xF5FC5D00,0x3534685C,0x65B1549C,
  0x543C6AF7,0x04B95637,0xC471636B,0x94F45FAB,0x8E9D6C5D,0xDE18509D,0x1ED065C1,0x4E555901,0xA10315C6,0xF1862906,0x314E1C5A,0x61CB209A,0x7BA2136C,0x2B272FAC,0xEBEF1AF0,0xBB6A2630,
  0xB9ABAB1B,0xE92E97DB,0x29E6A287,0x79639E47,0x630AADB1,0x338F9171,0xF347A42D,0xA3C298ED,0x4C94D42A,0x1C11E8EA,0xDCD9DDB6,0x8C5CE176,0x9635D280,0xC6B0EE40,0x0678DB1C,0x56FDE7DC,
  0x6770D9B7,0x37F5E577,0xF73DD02B,0xA7B8ECEB,0xBDD1DF1D,0xED54E3DD,0x2D9CD681,0x7D19EA41,0x924FA686,0xC2CA9A46,0x0202AF1A,0x528793DA,0x48EEA02C,0x186B9CEC,0xD8A3A9B0,0x88269570,
  0x00000000,0x7DE3C6B9,0xEA43E1C0,0x97A02779,0xBA655492,0xC786922B,0x5026B552,0x2DC573EB,0x88A20F28,0xF541C991,0x62E1EEE8,0x1F022851,0x32C75BBA,0x4F249D03,0xD884BA7A,0xA5677CC3,
  0x2BF62858,0x5615EEE1,0xC1B5C998,0xBC560F21,0x91937CCA,0xEC70BA73,0x7BD09D0A,0x06335BB3,0xA3542770,0xDEB7E1C9,0x4917C6B0,0x34F40009,0x193173E2,0x64D2B55B,0xF3729222,0x8E91549B,
  0x83530D73,0xFEB0CBCA,0x6910ECB3,0x14F32A0A,0x393659E1,0x44D59F58,0xD375B821,0xAE967E98,0x0BF1025B,0x7612C4E2,0xE1B2E39B,0x9C512522,0xB19456C9,0xCC779070,0x5BD7B709,0x263471B0,
  0xA8A5252B,0xD546E392,0x42E6C4EB,0x3F050252,0x12C071B9,0x6F23B700,0xF8839079,0x856056C0,0x20072A03,0x5DE4ECBA,0xCA44CBC3,0xB7A70D7A,0x9A627E91,0xE781B828,0x70219F51,0x0DC259E8,
  0xF8CEAD62,0x852D6BDB,0x128D4CA2,0x6F6E8A1B,0x42ABF9F0,0x3F483F49,0xA8E81830,0xD50BDE89,0x706CA24A,0x0D8F64F3,0x9A2F438A,0xE7CC8533,0xCA09F6D8,0xB7EA3061,0x204A1718,0x5DA9D1A1,
  0xD338853A,0xAEDB4383,0x397B64FA,0x4498A243,0x695DD1A8,0x14BE1711,0x831E3068,0xFEFDF6D1,0x5B9A8A12,0x26794CAB,0xB1D96BD2,0xCC3AAD6B,0xE1FFDE80,0x9C1C1839,0x0BBC3F40,0x765FF9F9,
  0x7B9DA011,0x067E66A8,0x91DE41D1,0xEC3D8768,0xC1F8F483,0xBC1B323A,0x2BBB1543,0x5658D3FA,0xF33FAF39,0x8EDC6980,0x197C4EF9,0x649F8840,0x495AFBAB,0x34B93D12,0xA3191A6B,0xDEFADCD2,
  0x506B8849,0x2D884EF0,0xBA286989,0xC7CBAF30,0xEA0EDCDB,0x97ED1A62,0x004D3D1B,0x7DAEFBA2,0xD8C98761,0xA52A41D8,0x328A66A1,0x4F69A018,0x62ACD3F3,0x1F4F154A,0x88EF3233,0xF50CF48A,
  0x53DEB987,0x2E3D7F3E,0xB99D5847,0xC47E9EFE,0xE9BBED15,0x94582BAC,0x03F80CD5,0x7E1BCA6C,0xDB7CB6AF,0xA69F7016,0x313F576F,0x4CDC91D6,0x6119E23D,0x1CFA2484,0x8B5A03FD,0xF6B9C544,
  0x782891DF,0x05CB5766,0x926B701F,0xEF88B6A6,0xC24DC54D,0xBFAE03F4,0x280E248D,0x55EDE234,0xF08A9EF7,0x8D69584E,0x1AC97F37,0x672AB98E,0x4AEFCA65,0x370C0CDC,0xA0AC2BA5,0xDD4FED1C,
  0xD08DB4F4,0xAD6E724D,0x3ACE5534,0x472D938D,0x6AE8E066,0x170B26DF,0x80AB01A6,0xFD48C71F,0x582FBBDC,0x25CC7D65,0xB26C5A1C,0xCF8F9CA5,0xE24AEF4E,0x9FA929F7,0x08090E8E,0x75EAC837,
  0xFB7B9CAC,0x86985A15,0x11387D6C,0x6CDBBBD5,0x411EC83E,0x3CFD0E87,0xAB5D29FE,0xD6BEEF47,0x73D99384,0x0E3A553D,0x999A7244,0xE479B4FD,0xC9BCC716,0xB45F01AF,0x23FF26D6,0x5E1CE06F,
  0xAB1014E5,0xD6F3D25C,0x4153F525,0x3CB0339C,0x11754077,0x6C9686CE,0xFB36A1B7,0x86D5670E,0x23B21BCD,0x5E51DD74,0xC9F1FA0D,0xB4123CB4,0x99D74F5F,0xE43489E6,0x7394AE9F,0x0E776826,
  0x80E63CBD,0xFD05FA04,0x6AA5DD7D,0x17461BC4,0x3A83682F,0x4760AE96,0xD0C089EF,0xAD234F56,0x08443395,0x75A7F52C,0xE207D255,0x9FE414EC,0xB2216707,0xCFC2A1BE,0x586286C7,0x2581407E,
  0x28431996,0x55A0DF2F,0xC200F856,0xBFE33EEF,0x92264D04,0xEFC58BBD,0x7865ACC4,0x05866A7D,0xA0E116BE,0xDD02D007,0x4AA2F77E,0x374131C7,0x1A84422C,0x67678495,0xF0C7A3EC,0x8D246555,
  0x03B531CE,0x7E56F777,0xE9F6D00E,0x941516B7,0xB9D0655C,0xC433A3E5,0x5393849C,0x2E704225,0x8B173EE6,0xF6F4F85F,0x6154DF26,0x1CB7199F,0x31726A74,0x4C91ACCD,0xDB318BB4,0xA6D24D0D,
  0x00000000,0x205FD591,0xA1E662C4,0x81B9B755,0x1429589F,0x34768D0E,0xB5CF3A5B,0x9590EFCA,0x868CF208,0xA6D32799,0x276A90CC,0x0735455D,0x92A5AA97,0xB2FA7F06,0x3343C853,0x131C1DC2,
  0x715994A4,0x51064135,0xD0BFF660,0xF0E023F1,0x6570CC3B,0x452F19AA,0xC496AEFF,0xE4C97B6E,0xF7D566AC,0xD78AB33D,0x56330468,0x766CD1F9,0xE3FC3E33,0xC3A3EBA2,0x421A5CF7,0x62458966,
  0xABDFE33F,0x8B8036AE,0x0A3981FB,0x2A66546A,0xBFF6BBA0,0x9FA96E31,0x1E10D964,0x3E4F0CF5,0x2D531137,0x0D0CC4A6,0x8CB573F3,0xACEAA662,0x397A49A8,0x19259C39,0x989C2B6C,0xB8C3FEFD,
  0xDA86779B,0xFAD9A20A,0x7B60155F,0x5B3FC0CE,0xCEAF2F04,0xEEF0FA95,0x6F494DC0,0x4F169851,0x5C0A8593,0x7C555002,0xFDECE757,0xDDB332C6,0x4823DD0C,0x687C089D,0xE9C5BFC8,0xC99A6A59,
  0xE8F5FA24,0xC8AA2FB5,0x491398E0,0x694C4D71,0xFCDCA2BB,0xDC83772A,0x5D3AC07F,0x7D6515EE,0x6E79082C,0x4E26DDBD,0xCF9F6AE8,0xEFC0BF79,0x7A5050B3,0x5A0F8522,0xDBB63277,0xFBE9E7E6,
  0x99AC6E80,0xB9F3BB11,0x384A0C44,0x1815D9D5,0x8D85361F,0xADDAE38E,0x2C6354DB,0x0C3C814A,0x1F209C88,0x3F7F4919,0xBEC6FE4C,0x9E992BDD,0x0B09C417,0x2B561186,0xAAEFA6D3,0x8AB07342,
  0x432A191B,0x6375CC8A,0xE2CC7BDF,0xC293AE4E,0x57034184,0x775C9415,0xF6E52340,0xD6BAF6D1,0xC5A6EB13,0xE5F93E82,0x644089D7,0x441F5C46,0xD18FB38C,0xF1D0661D,0x7069D148,0x503604D9,
  0x32738DBF,0x122C582E,0x9395EF7B,0xB3CA3AEA,0x265AD520,0x060500B1,0x87BCB7E4,0xA7E36275,0xB4FF7FB7,0x94A0AA26,0x15191D73,0x3546C8E2,0xA0D62728,0x8089F2B9,0x013045EC,0x216F907D,
  0x81BC0942,0xA1E3DCD3,0x205A6B86,0x0005BE17,0x959551DD,0xB5CA844C,0x34733319,0x142CE688,0x0730FB4A,0x276F2EDB,0xA6D6998E,0x86894C1F,0x1319A3D5,0x33467644,0xB2FFC111,0x92A01480,
  0xF0E59DE6,0xD0BA4877,0x5103FF22,0x715C2AB3,0xE4CCC579,0xC49310E8,0x452AA7BD,0x6575722C,0x76696FEE,0x5636BA7F,0xD78F0D2A,0xF7D0D8BB,0x62403771,0x421FE2E0,0xC3A655B5,0xE3F98024,
  0x2A63EA7D,0x0A3C3FEC,0x8B8588B9,0xABDA5D28,0x3E4AB2E2,0x1E156773,0x9FACD026,0xBFF305B7,0xACEF1875,0x8CB0CDE4,0x0D097AB1,0x2D56AF20,0xB8C640EA,0x9899957B,0x1920222E,0x397FF7BF,
  0x5B3A7ED9,0x7B65AB48,0xFADC1C1D,0xDA83C98C,0x4F132646,0x6F4CF3D7,0xEEF54482,0xCEAA9113,0xDDB68CD1,0xFDE95940,0x7C50EE15,0x5C0F3B84,0xC99FD44E,0xE9C001DF,0x6879B68A,0x4826631B,
  0x6949F366,0x491626F7,0xC8AF91A2,0xE8F04433,0x7D60ABF9,0x5D3F7E68,0xDC86C93D,0xFCD91CAC,0xEFC5016E,0xCF9AD4FF,0x4E2363AA,0x6E7CB63B,0xFBEC59F1,0xDBB38C60,0x5A0A3B35,0x7A55EEA4,
  0x181067C2,0x384FB253,0xB9F60506,0x99A9D097,0x0C393F5D,0x2C66EACC,0xADDF5D99,0x8D808808,0x9E9C95CA,0xBEC3405B,0x3F7AF70E,0x1F25229F,0x8AB5CD55,0xAAEA18C4,0x2B53AF91,0x0B0C7A00,
  0xC2961059,0xE2C9C5C8,0x6370729D,0x432FA70C,0xD6BF48C6,0xF6E09D57,0x77592A02,0x5706FF93,0x441AE251,0x644537C0,0xE5FC8095,0xC5A35504,0x5033BACE,0x706C6F5F,0xF1D5D80A,0xD18A0D9B,
  0xB3CF84FD,0x9390516C,0x1229E639,0x327633A8,0xA7E6DC62,0x87B909F3,0x0600BEA6,0x265F6B37,0x354376F5,0x151CA364,0x94A51431,0xB4FAC1A0,0x216A2E6A,0x0135FBFB,0x808C4CAE,0xA0D3993F,
  0x00000000,0x98F55A03,0xFDB76D82,0x65423781,0x9111AD86,0x09E4F785,0x6CA6C004,0xF4539A07,0x435AD35A,0xDBAF8959,0xBEEDBED8,0x2618E4DB,0xD24B7EDC,0x4ABE24DF,0x2FFC135E,0xB709495D,
  0x80A35EDD,0x185604DE,0x7D14335F,0xE5E1695C,0x11B2F35B,0x8947A958,0xEC059ED9,0x74F0C4DA,0xC3F98D87,0x5B0CD784,0x3E4EE005,0xA6BBBA06,0x52E82001,0xCA1D7A02,0xAF5F4D83,0x37AA1780,
  0x3F2015D0,0xA7D54FD3,0xC2977852,0x5A622251,0xAE31B856,0x36C4E255,0x5386D5D4,0xCB738FD7,0x7C7AC68A,0xE48F9C89,0x81CDAB08,0x1938F10B,0xED6B6B0C,0x759E310F,0x10DC068E,0x88295C8D,
  0xBF834B0D,0x2776110E,0x4234268F,0xDAC17C8C,0x2E92E68B,0xB667BC88,0xD3258B09,0x4BD0D10A,0xFCD99857,0x642CC254,0x016EF5D5,0x999BAFD6,0x6DC835D1,0xF53D6FD2,0x907F5853,0x088A0250,
  0x3F6C12C1,0xA79948C2,0xC2DB7F43,0x5A2E2540,0xAE7DBF47,0x3688E544,0x53CAD2C5,0xCB3F88C6,0x7C36C19B,0xE4C39B98,0x8181AC19,0x1974F61A,0xED276C1D,0x75D2361E,0x1090019F,0x88655B9C,
  0xBFCF4C1C,0x273A161F,0x4278219E,0xDA8D7B9D,0x2EDEE19A,0xB62BBB99,0xD3698C18,0x4B9CD61B,0xFC959F46,0x6460C545,0x0122F2C4,0x99D7A8C7,0x6D8432C0,0xF57168C3,0x90335F42,0x08C60541,
  0x004C0711,0x98B95D12,0xFDFB6A93,0x650E3090,0x915DAA97,0x09A8F094,0x6CEAC715,0xF41F9D16,0x4316D44B,0xDBE38E48,0xBEA1B9C9,0x2654E3CA,0xD20779CD,0x4AF223CE,0x2FB0144F,0xB7454E4C,
  0x80EF59CC,0x181A03CF,0x7D58344E,0xE5AD6E4D,0x11FEF44A,0x890BAE49,0xEC4999C8,0x74BCC3CB,0xC3B58A96,0x5B40D095,0x3E02E714,0xA6F7BD17,0x52A42710,0xCA517D13,0xAF134A92,0x37E61091,
  0x9DC18565,0x0534DF66,0x6076E8E7,0xF883B2E4,0x0CD028E3,0x942572E0,0xF1674561,0x69921F62,0xDE9B563F,0x466E0C3C,0x232C3BBD,0xBBD961BE,0x4F8AFBB9,0xD77FA1BA,0xB23D963B,0x2AC8CC38,
  0x1D62DBB8,0x859781BB,0xE0D5B63A,0x7820EC39,0x8C73763E,0x14862C3D,0x71C41BBC,0xE93141BF,0x5E3808E2,0xC6CD52E1,0xA38F6560,0x3B7A3F63,0xCF29A564,0x57DCFF67,0x329EC8E6,0xAA6B92E5,
  0xA2E190B5,0x3A14CAB6,0x5F56FD37,0xC7A3A734,0x33F03D33,0xAB056730,0xCE4750B1,0x56B20AB2,0xE1BB43EF,0x794E19EC,0x1C0C2E6D,0x84F9746E,0x70AAEE69,0xE85FB46A,0x8D1D83EB,0x15E8D9E8,
  0x2242CE68,0xBAB7946B,0xDFF5A3EA,0x4700F9E9,0xB35363EE,0x2BA639ED,0x4EE40E6C,0xD611546F,0x61181D32,0xF9ED4731,0x9CAF70B0,0x045A2AB3,0xF009B0B4,0x68FCEAB7,0x0DBEDD36,0x954B8735,
  0xA2AD97A4,0x3A58CDA7,0x5F1AFA26,0xC7EFA025,0x33BC3A22,0xAB496021,0xCE0B57A0,0x56FE0DA3,0xE1F744FE,0x79021EFD,0x1C40297C,0x84B5737F,0x70E6E978,0xE813B37B,0x8D5184FA,0x15A4DEF9,
  0x220EC979,0xBAFB937A,0xDFB9A4FB,0x474CFEF8,0xB31F64FF,0x2BEA3EFC,0x4EA8097D,0xD65D537E,0x61541A23,0xF9A14020,0x9CE377A1,0x04162DA2,0xF045B7A5,0x68B0EDA6,0x0DF2DA27,0x95078024,
  0x9D8D8274,0x0578D877,0x603AEFF6,0xF8CFB5F5,0x0C9C2FF2,0x946975F1,0xF12B4270,0x69DE1873,0xDED7512E,0x46220B2D,0x23603CAC,0xBB9566AF,0x4FC6FCA8,0xD733A6AB,0xB271912A,0x2A84CB29,
  0x1D2EDCA9,0x85DB86AA,0xE099B12B,0x786CEB28,0x8C3F712F,0x14CA2B2C,0x71881CAD,0xE97D46AE,0x5E740FF3,0xC68155F0,0xA3C36271,0x3B363872,0xCF65A275,0x5790F876,0x32D2CFF7,0xAA2795F4,
  0x00000000,0x9C9B0554,0x817DC94F,0x1DE6CC1B,0x19F9FB6B,0x8562FE3F,0x98843224,0x041F3770,0x36A7A626,0xAA3CA372,0xB7DA6F69,0x2B416A3D,0x2F5E5D4D,0xB3C55819,0xAE239402,0x32B89156,
  0x970193BD,0x0B9A96E9,0x167C5AF2,0x8AE75FA6,0x8EF868D6,0x12636D82,0x0F85A199,0x931EA4CD,0xA1A6359B,0x3D3D30CF,0x20DBFCD4,0xBC40F980,0xB85FCEF0,0x24C4CBA4,0x392207BF,0xA5B902EB,
  0xBBAB4FCB,0x27304A9F,0x3AD68684,0xA64D83D0,0xA252B4A0,0x3EC9B1F4,0x232F7DEF,0xBFB478BB,0x8D0CE9ED,0x1197ECB9,0x0C7120A2,0x90EA25F6,0x94F51286,0x086E17D2,0x1588DBC9,0x8913DE9D,
  0x2CAADC76,0xB031D922,0xADD71539,0x314C106D,0x3553271D,0xA9C82249,0xB42EEE52,0x28B5EB06,0x1A0D7A50,0x86967F04,0x9B70B31F,0x07EBB64B,0x03F4813B,0x9F6F846F,0x82894874,0x1E124D20,
  0x7AC461E5,0xE65F64B1,0xFBB9A8AA,0x6722ADFE,0x633D9A8E,0xFFA69FDA,0xE24053C1,0x7EDB5695,0x4C63C7C3,0xD0F8C297,0xCD1E0E8C,0x51850BD8,0x559A3CA8,0xC90139FC,0xD4E7F5E7,0x487CF0B3,
  0xEDC5F258,0x715EF70C,0x6CB83B17,0xF0233E43,0xF43C0933,0x68A70C67,0x7541C07C,0xE9DAC528,0xDB62547E,0x47F9512A,0x5A1F9D31,0xC6849865,0xC29BAF15,0x5E00AA41,0x43E6665A,0xDF7D630E,
  0xC16F2E2E,0x5DF42B7A,0x4012E761,0xDC89E235,0xD896D545,0x440DD011,0x59EB1C0A,0xC570195E,0xF7C88808,0x6B538D5C,0x76B54147,0xEA2E4413,0xEE317363,0x72AA7637,0x6F4CBA2C,0xF3D7BF78,
  0x566EBD93,0xCAF5B8C7,0xD71374DC,0x4B887188,0x4F9746F8,0xD30C43AC,0xCEEA8FB7,0x52718AE3,0x60C91BB5,0xFC521EE1,0xE1B4D2FA,0x7D2FD7AE,0x7930E0DE,0xE5ABE58A,0xF84D2991,0x64D62CC5,
  0x0A60616F,0x96FB643B,0x8B1DA820,0x1786AD74,0x13999A04,0x8F029F50,0x92E4534B,0x0E7F561F,0x3CC7C749,0xA05CC21D,0xBDBA0E06,0x21210B52,0x253E3C22,0xB9A53976,0xA443F56D,0x38D8F039,
  0x9D61F2D2,0x01FAF786,0x1C1C3B9D,0x80873EC9,0x849809B9,0x18030CED,0x05E5C0F6,0x997EC5A2,0xABC654F4,0x375D51A0,0x2ABB9DBB,0xB62098EF,0xB23FAF9F,0x2EA4AACB,0x334266D0,0xAFD96384,
  0xB1CB2EA4,0x2D502BF0,0x30B6E7EB,0xAC2DE2BF,0xA832D5CF,0x34A9D09B,0x294F1C80,0xB5D419D4,0x876C8882,0x1BF78DD6,0x061141CD,0x9A8A4499,0x9E9573E9,0x020E76BD,0x1FE8BAA6,0x8373BFF2,
  0x26CABD19,0xBA51B84D,0xA7B77456,0x3B2C7102,0x3F334672,0xA3A84326,0xBE4E8F3D,0x22D58A69,0x106D1B3F,0x8CF61E6B,0x9110D270,0x0D8BD724,0x0994E054,0x950FE500,0x88E9291B,0x14722C4F,
  0x70A4008A,0xEC3F05DE,0xF1D9C9C5,0x6D42CC91,0x695DFBE1,0xF5C6FEB5,0xE82032AE,0x74BB37FA,0x4603A6AC,0xDA98A3F8,0xC77E6FE3,0x5BE56AB7,0x5FFA5DC7,0xC3615893,0xDE879488,0x421C91DC,
  0xE7A59337,0x7B3E9663,0x66D85A78,0xFA435F2C,0xFE5C685C,0x62C76D08,0x7F21A113,0xE3BAA447,0xD1023511,0x4D993045,0x507FFC5E,0xCCE4F90A,0xC8FBCE7A,0x5460CB2E,0x49860735,0xD51D0261,
  0xCB0F4F41,0x57944A15,0x4A72860E,0xD6E9835A,0xD2F6B42A,0x4E6DB17E,0x538B7D65,0xCF107831,0xFDA8E967,0x6133EC33,0x7CD52028,0xE04E257C,0xE451120C,0x78CA1758,0x652CDB43,0xF9B7DE17,
  0x5C0EDCFC,0xC095D9A8,0xDD7315B3,0x41E810E7,0x45F72797,0xD96C22C3,0xC48AEED8,0x5811EB8C,0x6AA97ADA,0xF6327F8E,0xEBD4B395,0x774FB6C1,0x735081B1,0xEFCB84E5,0xF22D48FE,0x6EB64DAA,
  0x00000000,0xD527F120,0x803DFB19,0x551A0A39,0x15CAD27D,0xC0ED235D,0x95F72964,0x40D0D844,0x015AC4F1,0xD47D35D1,0x81673FE8,0x5440CEC8,0x1490168C,0xC1B7E7AC,0x94ADED95,0x418A1CB5,
  0x0EC42D43,0xDBE3DC63,0x8EF9D65A,0x5BDE277A,0x1B0EFF3E,0xCE290E1E,0x9B330427,0x4E14F507,0x0F9EE9B2,0xDAB91892,0x8FA312AB,0x5A84E38B,0x1A543BCF,0xCF73CAEF,0x9A69C0D6,0x4F4E31F6,
  0xFD0F3F28,0x2828CE08,0x7D32C431,0xA8153511,0xE8C5ED55,0x3DE21C75,0x68F8164C,0xBDDFE76C,0xFC55FBD9,0x29720AF9,0x7C6800C0,0xA94FF1E0,0xE99F29A4,0x3CB8D884,0x69A2D2BD,0xBC85239D,
  0xF3CB126B,0x26ECE34B,0x73F6E972,0xA6D11852,0xE601C016,0x33263136,0x663C3B0F,0xB31BCA2F,0xF291D69A,0x27B627BA,0x72AC2D83,0xA78BDCA3,0xE75B04E7,0x327CF5C7,0x6766FFFE,0xB2410EDE,
  0xEC7C8292,0x395B73B2,0x6C41798B,0xB96688AB,0xF9B650EF,0x2C91A1CF,0x798BABF6,0xACAC5AD6,0xED264663,0x3801B743,0x6D1BBD7A,0xB83C4C5A,0xF8EC941E,0x2DCB653E,0x78D16F07,0xADF69E27,
  0xE2B8AFD1,0x379F5EF1,0x628554C8,0xB7A2A5E8,0xF7727DAC,0x22558C8C,0x774F86B5,0xA2687795,0xE3E26B20,0x36C59A00,0x63DF9039,0xB6F86119,0xF628B95D,0x230F487D,0x76154244,0xA332B364,
  0x1173BDBA,0xC4544C9A,0x914E46A3,0x4469B783,0x04B96FC7,0xD19E9EE7,0x848494DE,0x51A365FE,0x1029794B,0xC50E886B,0x90148252,0x45337372,0x05E3AB36,0xD0C45A16,0x85DE502F,0x50F9A10F,
  0x1FB790F9,0xCA9061D9,0x9F8A6BE0,0x4AAD9AC0,0x0A7D4284,0xDF5AB3A4,0x8A40B99D,0x5F6748BD,0x1EED5408,0xCBCAA528,0x9ED0AF11,0x4BF75E31,0x0B278675,0xDE007755,0x8B1A7D6C,0x5E3D8C4C,
  0x44DDC23E,0x91FA331E,0xC4E03927,0x11C7C807,0x51171043,0x8430E163,0xD12AEB5A,0x040D1A7A,0x458706CF,0x90A0F7EF,0xC5BAFDD6,0x109D0CF6,0x504DD4B2,0x856A2592,0xD0702FAB,0x0557DE8B,
  0x4A19EF7D,0x9F3E1E5D,0xCA241464,0x1F03E544,0x5FD33D00,0x8AF4CC20,0xDFEEC619,0x0AC93739,0x4B432B8C,0x9E64DAAC,0xCB7ED095,0x1E5921B5,0x5E89F9F1,0x8BAE08D1,0xDEB402E8,0x0B93F3C8,
  0xB9D2FD16,0x6CF50C36,0x39EF060F,0xECC8F72F,0xAC182F6B,0x793FDE4B,0x2C25D472,0xF9022552,0xB88839E7,0x6DAFC8C7,0x38B5C2FE,0xED9233DE,0xAD42EB9A,0x78651ABA,0x2D7F1083,0xF858E1A3,
  0xB716D055,0x62312175,0x372B2B4C,0xE20CDA6C,0xA2DC0228,0x77FBF308,0x22E1F931,0xF7C60811,0xB64C14A4,0x636BE584,0x3671EFBD,0xE3561E9D,0xA386C6D9,0x76A137F9,0x23BB3DC0,0xF69CCCE0,
  0xA8A140AC,0x7D86B18C,0x289CBBB5,0xFDBB4A95,0xBD6B92D1,0x684C63F1,0x3D5669C8,0xE87198E8,0xA9FB845D,0x7CDC757D,0x29C67F44,0xFCE18E64,0xBC315620,0x6916A700,0x3C0CAD39,0xE92B5C19,
  0xA6656DEF,0x73429CCF,0x265896F6,0xF37F67D6,0xB3AFBF92,0x66884EB2,0x3392448B,0xE6B5B5AB,0xA73FA91E,0x7218583E,0x27025207,0xF225A327,0xB2F57B63,0x67D28A43,0x32C8807A,0xE7EF715A,
  0x55AE7F84,0x80898EA4,0xD593849D,0x00B475BD,0x4064ADF9,0x95435CD9,0xC05956E0,0x157EA7C0,0x54F4BB75,0x81D34A55,0xD4C9406C,0x01EEB14C,0x413E6908,0x94199828,0xC1039211,0x14246331,
  0x5B6A52C7,0x8E4DA3E7,0xDB57A9DE,0x0E7058FE,0x4EA080BA,0x9B87719A,0xCE9D7BA3,0x1BBA8A83,0x5A309636,0x8F176716,0xDA0D6D2F,0x0F2A9C0F,0x4FFA444B,0x9ADDB56B,0xCFC7BF52,0x1AE04E72,
  0x00000000,0xEB5AC356,0x17F99FF8,0xFCA35CAE,0x131F1016,0xF845D340,0x04E68FEE,0xEFBC4CB8,0x314BB086,0xDA1173D0,0x26B22F7E,0xCDE8EC28,0x2254A090,0xC90E63C6,0x35AD3F68,0xDEF7FC3E,
  0x65CCD9A6,0x8E961AF0,0x7235465E,0x996F8508,0x76D3C9B0,0x9D890AE6,0x612A5648,0x8A70951E,0x54876920,0xBFDDAA76,0x437EF6D8,0xA824358E,0x47987936,0xACC2BA60,0x5061E6CE,0xBB3B2598,
  0x7AEDB630,0x91B77566,0x6D1429C8,0x864EEA9E,0x69F2A626,0x82A86570,0x7E0B39DE,0x9551FA88,0x4BA606B6,0xA0FCC5E0,0x5C5F994E,0xB7055A18,0x58B916A0,0xB3E3D5F6,0x4F408958,0xA41A4A0E,
  0x1F216F96,0xF47BACC0,0x08D8F06E,0xE3823338,0x0C3E7F80,0xE764BCD6,0x1BC7E078,0xF09D232E,0x2E6ADF10,0xC5301C46,0x399340E8,0xD2C983BE,0x3D75CF06,0xD62F0C50,0x2A8C50FE,0xC1D693A8,
  0xD7DBE9C8,0x3C812A9E,0xC0227630,0x2B78B566,0xC4C4F9DE,0x2F9E3A88,0xD33D6626,0x3867A570,0xE690594E,0x0DCA9A18,0xF169C6B6,0x1A3305E0,0xF58F4958,0x1ED58A0E,0xE276D6A0,0x092C15F6,
  0xB217306E,0x594DF338,0xA5EEAF96,0x4EB46CC0,0xA1082078,0x4A52E32E,0xB6F1BF80,0x5DAB7CD6,0x835C80E8,0x680643BE,0x94A51F10,0x7FFFDC46,0x904390FE,0x7B1953A8,0x87BA0F06,0x6CE0CC50,
  0xAD365FF8,0x466C9CAE,0xBACFC000,0x51950356,0xBE294FEE,0x55738CB8,0xA9D0D016,0x428A1340,0x9C7DEF7E,0x77272C28,0x8B847086,0x60DEB3D0,0x8F62FF68,0x64383C3E,0x989B6090,0x73C1A3C6,
  0xC8FA865E,0x23A04508,0xDF0319A6,0x3459DAF0,0xDBE59648,0x30BF551E,0xCC1C09B0,0x2746CAE6,0xF9B136D8,0x12EBF58E,0xEE48A920,0x05126A76,0xEAAE26CE,0x01F4E598,0xFD57B936,0x160D7A60,
  0x8C233CE5,0x6779FFB3,0x9BDAA31D,0x7080604B,0x9F3C2CF3,0x7466EFA5,0x88C5B30B,0x639F705D,0xBD688C63,0x56324F35,0xAA91139B,0x41CBD0CD,0xAE779C75,0x452D5F23,0xB98E038D,0x52D4C0DB,
  0xE9EFE543,0x02B52615,0xFE167ABB,0x154CB9ED,0xFAF0F555,0x11AA3603,0xED096AAD,0x0653A9FB,0xD8A455C5,0x33FE9693,0xCF5DCA3D,0x2407096B,0xCBBB45D3,0x20E18685,0xDC42DA2B,0x3718197D,
  0xF6CE8AD5,0x1D944983,0xE137152D,0x0A6DD67B,0xE5D19AC3,0x0E8B5995,0xF228053B,0x1972C66D,0xC7853A53,0x2CDFF905,0xD07CA5AB,0x3B2666FD,0xD49A2A45,0x3FC0E913,0xC363B5BD,0x283976EB,
  0x93025373,0x78589025,0x84FBCC8B,0x6FA10FDD,0x801D4365,0x6B478033,0x97E4DC9D,0x7CBE1FCB,0xA249E3F5,0x491320A3,0xB5B07C0D,0x5EEABF5B,0xB156F3E3,0x5A0C30B5,0xA6AF6C1B,0x4DF5AF4D,
  0x5BF8D52D,0xB0A2167B,0x4C014AD5,0xA75B8983,0x48E7C53B,0xA3BD066D,0x5F1E5AC3,0xB4449995,0x6AB365AB,0x81E9A6FD,0x7D4AFA53,0x96103905,0x79AC75BD,0x92F6B6EB,0x6E55EA45,0x850F2913,
  0x3E340C8B,0xD56ECFDD,0x29CD9373,0xC2975025,0x2D2B1C9D,0xC671DFCB,0x3AD28365,0xD1884033,0x0F7FBC0D,0xE4257F5B,0x188623F5,0xF3DCE0A3,0x1C60AC1B,0xF73A6F4D,0x0B9933E3,0xE0C3F0B5,
  0x2115631D,0xCA4FA04B,0x36ECFCE5,0xDDB63FB3,0x320A730B,0xD950B05D,0x25F3ECF3,0xCEA92FA5,0x105ED39B,0xFB0410CD,0x07A74C63,0xECFD8F35,0x0341C38D,0xE81B00DB,0x14B85C75,0xFFE29F23,
  0x44D9BABB,0xAF8379ED,0x53202543,0xB87AE615,0x57C6AAAD,0xBC9C69FB,0x403F3555,0xAB65F603,0x75920A3D,0x9EC8C96B,0x626B95C5,0x89315693,0x668D1A2B,0x8DD7D97D,0x717485D3,0x9A2E4685,
  0x00000000,0xD74B1B11,0x677DDF29,0xB036C438,0x26C39217,0xF1888906,0x41BE4D3E,0x96F5562F,0x99E7D3B5,0x4EACC8A4,0xFE9A0C9C,0x29D1178D,0xBF2441A2,0x686F5AB3,0xD8599E8B,0x0F12859A,
  0x377134CB,0xE03A2FDA,0x500CEBE2,0x8747F0F3,0x11B2A6DC,0xC6F9BDCD,0x76CF79F5,0xA18462E4,0xAE96E77E,0x79DDFC6F,0xC9EB3857,0x1EA02346,0x88557569,0x5F1E6E78,0xEF28AA40,0x3863B151,
  0x98B0B9E6,0x4FFBA2F7,0xFFCD66CF,0x28867DDE,0xBE732BF1,0x693830E0,0xD90EF4D8,0x0E45EFC9,0x01576A53,0xD61C7142,0x662AB57A,0xB161AE6B,0x2794F844,0xF0DFE355,0x40E9276D,0x97A23C7C,
  0xAFC18D2D,0x788A963C,0xC8BC5204,0x1FF74915,0x89021F3A,0x5E49042B,0xEE7FC013,0x3934DB02,0x36265E98,0xE16D4589,0x515B81B1,0x86109AA0,0x10E5CC8F,0xC7AED79E,0x779813A6,0xA0D308B7,
  0x308DF13F,0xE7C6EA2E,0x57F02E16,0x80BB3507,0x164E6328,0xC1057839,0x7133BC01,0xA678A710,0xA96A228A,0x7E21399B,0xCE17FDA3,0x195CE6B2,0x8FA9B09D,0x58E2AB8C,0xE8D46FB4,0x3F9F74A5,
  0x07FCC5F4,0xD0B7DEE5,0x60811ADD,0xB7CA01CC,0x213F57E3,0xF6744CF2,0x464288CA,0x910993DB,0x9E1B1641,0x49500D50,0xF966C968,0x2E2DD279,0xB8D88456,0x6F939F47,0xDFA55B7F,0x08EE406E,
  0xA83D48D9,0x7F7653C8,0xCF4097F0,0x180B8CE1,0x8EFEDACE,0x59B5C1DF,0xE98305E7,0x3EC81EF6,0x31DA9B6C,0xE691807D,0x56A74445,0x81EC5F54,0x1719097B,0xC052126A,0x7064D652,0xA72FCD43,
  0x9F4C7C12,0x48076703,0xF831A33B,0x2F7AB82A,0xB98FEE05,0x6EC4F514,0xDEF2312C,0x09B92A3D,0x06ABAFA7,0xD1E0B4B6,0x61D6708E,0xB69D6B9F,0x20683DB0,0xF72326A1,0x4715E299,0x905EF988,
  0xF14CB659,0x2607AD48,0x96316970,0x417A7261,0xD78F244E,0x00C43F5F,0xB0F2FB67,0x67B9E076,0x68AB65EC,0xBFE07EFD,0x0FD6BAC5,0xD89DA1D4,0x4E68F7FB,0x9923ECEA,0x291528D2,0xFE5E33C3,
  0xC63D8292,0x11769983,0xA1405DBB,0x760B46AA,0xE0FE1085,0x37B50B94,0x8783CFAC,0x50C8D4BD,0x5FDA5127,0x88914A36,0x38A78E0E,0xEFEC951F,0x7919C330,0xAE52D821,0x1E641C19,0xC92F0708,
  0x69FC0FBF,0xBEB714AE,0x0E81D096,0xD9CACB87,0x4F3F9DA8,0x987486B9,0x28424281,0xFF095990,0xF01BDC0A,0x2750C71B,0x97660323,0x402D1832,0xD6D84E1D,0x0193550C,0xB1A59134,0x66EE8A25,
  0x5E8D3B74,0x89C62065,0x39F0E45D,0xEEBBFF4C,0x784EA963,0xAF05B272,0x1F33764A,0xC8786D5B,0xC76AE8C1,0x1021F3D0,0xA01737E8,0x775C2CF9,0xE1A97AD6,0x36E261C7,0x86D4A5FF,0x519FBEEE,
  0xC1C14766,0x168A5C77,0xA6BC984F,0x71F7835E,0xE702D571,0x3049CE60,0x807F0A58,0x57341149,0x582694D3,0x8F6D8FC2,0x3F5B4BFA,0xE81050EB,0x7EE506C4,0xA9AE1DD5,0x1998D9ED,0xCED3C2FC,
  0xF6B073AD,0x21FB68BC,0x91CDAC84,0x4686B795,0xD073E1BA,0x0738FAAB,0xB70E3E93,0x60452582,0x6F57A018,0xB81CBB09,0x082A7F31,0xDF616420,0x4994320F,0x9EDF291E,0x2EE9ED26,0xF9A2F637,
  0x5971FE80,0x8E3AE591,0x3E0C21A9,0xE9473AB8,0x7FB26C97,0xA8F97786,0x18CFB3BE,0xCF84A8AF,0xC0962D35,0x17DD3624,0xA7EBF21C,0x70A0E90D,0xE655BF22,0x311EA433,0x8128600B,0x56637B1A,
  0x6E00CA4B,0xB94BD15A,0x097D1562,0xDE360E73,0x48C3585C,0x9F88434D,0x2FBE8775,0xF8F59C64,0xF7E719FE,0x20AC02EF,0x909AC6D7,0x47D1DDC6,0xD1248BE9,0x066F90F8,0xB65954C0,0x61124FD1,
  0x00000000,0xC870D248,0x30D51815,0xF8A5CA5D,0x977E90A6,0x5F0E42EE,0xA7AB88B3,0x6FDB5AFB,0x09DB0315,0xC1ABD15D,0x390E1B00,0xF17EC948,0x9EA593B3,0x56D541FB,0xAE708BA6,0x660059EE,
  0x21278633,0xE957547B,0x11F29E26,0xD9824C6E,0xB6591695,0x7E29C4DD,0x868C0E80,0x4EFCDCC8,0x28FC8526,0xE08C576E,0x18299D33,0xD0594F7B,0xBF821580,0x77F2C7C8,0x8F570D95,0x4727DFDD,
  0xF3093661,0x3B79E429,0xC3DC2E74,0x0BACFC3C,0x6477A6C7,0xAC07748F,0x54A2BED2,0x9CD26C9A,0xFAD23574,0x32A2E73C,0xCA072D61,0x0277FF29,0x6DACA5D2,0xA5DC779A,0x5D79BDC7,0x95096F8F,
  0xD22EB052,0x1A5E621A,0xE2FBA847,0x2A8B7A0F,0x455020F4,0x8D20F2BC,0x758538E1,0xBDF5EAA9,0xDBF5B347,0x1385610F,0xEB20AB52,0x2350791A,0x4C8B23E1,0x84FBF1A9,0x7C5E3BF4,0xB42EE9BC,
  0x8E5D141B,0x462DC653,0xBE880C0E,0x76F8DE46,0x192384BD,0xD15356F5,0x29F69CA8,0xE1864EE0,0x8786170E,0x4FF6C546,0xB7530F1B,0x7F23DD53,0x10F887A8,0xD88855E0,0x202D9FBD,0xE85D4DF5,
  0xAF7A9228,0x670A4060,0x9FAF8A3D,0x57DF5875,0x3804028E,0xF074D0C6,0x08D11A9B,0xC0A1C8D3,0xA6A1913D,0x6ED14375,0x96748928,0x5E045B60,0x31DF019B,0xF9AFD3D3,0x010A198E,0xC97ACBC6,
  0x7D54227A,0xB524F032,0x4D813A6F,0x85F1E827,0xEA2AB2DC,0x225A6094,0xDAFFAAC9,0x128F7881,0x748F216F,0xBCFFF327,0x445A397A,0x8C2AEB32,0xE3F1B1C9,0x2B816381,0xD324A9DC,0x1B547B94,
  0x5C73A449,0x94037601,0x6CA6BC5C,0xA4D66E14,0xCB0D34EF,0x037DE6A7,0xFBD82CFA,0x33A8FEB2,0x55A8A75C,0x9DD87514,0x657DBF49,0xAD0D6D01,0xC2D637FA,0x0AA6E5B2,0xF2032FEF,0x3A73FDA7,
  0xCAC0916F,0x02B04327,0xFA15897A,0x32655B32,0x5DBE01C9,0x95CED381,0x6D6B19DC,0xA51BCB94,0xC31B927A,0x0B6B4032,0xF3CE8A6F,0x3BBE5827,0x546502DC,0x9C15D094,0x64B01AC9,0xACC0C881,
  0xEBE7175C,0x2397C514,0xDB320F49,0x1342DD01,0x7C9987FA,0xB4E955B2,0x4C4C9FEF,0x843C4DA7,0xE23C1449,0x2A4CC601,0xD2E90C5C,0x1A99DE14,0x754284EF,0xBD3256A7,0x45979CFA,0x8DE74EB2,
  0x39C9A70E,0xF1B97546,0x091CBF1B,0xC16C6D53,0xAEB737A8,0x66C7E5E0,0x9E622FBD,0x5612FDF5,0x3012A41B,0xF8627653,0x00C7BC0E,0xC8B76E46,0xA76C34BD,0x6F1CE6F5,0x97B92CA8,0x5FC9FEE0,
  0x18EE213D,0xD09EF375,0x283B3928,0xE04BEB60,0x8F90B19B,0x47E063D3,0xBF45A98E,0x77357BC6,0x11352228,0xD945F060,0x21E03A3D,0xE990E875,0x864BB28E,0x4E3B60C6,0xB69EAA9B,0x7EEE78D3,
  0x449D8574,0x8CED573C,0x74489D61,0xBC384F29,0xD3E315D2,0x1B93C79A,0xE3360DC7,0x2B46DF8F,0x4D468661,0x85365429,0x7D939E74,0xB5E34C3C,0xDA3816C7,0x1248C48F,0xEAED0ED2,0x229DDC9A,
  0x65BA0347,0xADCAD10F,0x556F1B52,0x9D1FC91A,0xF2C493E1,0x3AB441A9,0xC2118BF4,0x0A6159BC,0x6C610052,0xA411D21A,0x5CB41847,0x94C4CA0F,0xFB1F90F4,0x336F42BC,0xCBCA88E1,0x03BA5AA9,
  0xB794B315,0x7FE4615D,0x8741AB00,0x4F317948,0x20EA23B3,0xE89AF1FB,0x103F3BA6,0xD84FE9EE,0xBE4FB000,0x763F6248,0x8E9AA815,0x46EA7A5D,0x293120A6,0xE141F2EE,0x19E438B3,0xD194EAFB,
  0x96B33526,0x5EC3E76E,0xA6662D33,0x6E16FF7B,0x01CDA580,0xC9BD77C8,0x3118BD95,0xF9686FDD,0x9F683633,0x5718E47B,0xAFBD2E26,0x67CDFC6E,0x0816A695,0xC06674DD,0x38C3BE80,0xF0B36CC8,
  0x00000000,0xFA358426,0x457826D5,0xBF4DA2F3,0x84F1151B,0x7EC4913D,0xC18933CE,0x3BBCB7E8,0x5CB36DDA,0xA686E9FC,0x19CB4B0F,0xE3FECF29,0xD84278C1,0x2277FCE7,0x9D3A5E14,0x670FDA32,
  0xDE14CF5D,0x24214B7B,0x9B6CE988,0x61596DAE,0x5AE5DA46,0xA0D05E60,0x1F9DFC93,0xE5A878B5,0x82A7A287,0x789226A1,0xC7DF8452,0x3DEA0074,0x0656B79C,0xFC6333BA,0x432E9149,0xB91B156F,
  0x7FCEB32F,0x85FB3709,0x3AB695FA,0xC08311DC,0xFB3FA634,0x010A2212,0xBE4780E1,0x447204C7,0x237DDEF5,0xD9485AD3,0x6605F820,0x9C307C06,0xA78CCBEE,0x5DB94FC8,0xE2F4ED3B,0x18C1691D,
  0xA1DA7C72,0x5BEFF854,0xE4A25AA7,0x1E97DE81,0x252B6969,0xDF1EED4F,0x60534FBC,0x9A66CB9A,0xFD6911A8,0x075C958E,0xB811377D,0x4224B35B,0x799804B3,0x83AD8095,0x3CE02266,0xC6D5A640,
  0x36AC2228,0xCC99A60E,0x73D404FD,0x89E180DB,0xB25D3733,0x4868B315,0xF72511E6,0x0D1095C0,0x6A1F4FF2,0x902ACBD4,0x2F676927,0xD552ED01,0xEEEE5AE9,0x14DBDECF,0xAB967C3C,0x51A3F81A,
  0xE8B8ED75,0x128D6953,0xADC0CBA0,0x57F54F86,0x6C49F86E,0x967C7C48,0x2931DEBB,0xD3045A9D,0xB40B80AF,0x4E3E0489,0xF173A67A,0x0B46225C,0x30FA95B4,0xCACF1192,0x7582B361,0x8FB73747,
  0x49629107,0xB3571521,0x0C1AB7D2,0xF62F33F4,0xCD93841C,0x37A6003A,0x88EBA2C9,0x72DE26EF,0x15D1FCDD,0xEFE478FB,0x50A9DA08,0xAA9C5E2E,0x9120E9C6,0x6B156DE0,0xD458CF13,0x2E6D4B35,
  0x97765E5A,0x6D43DA7C,0xD20E788F,0x283BFCA9,0x13874B41,0xE9B2CF67,0x56FF6D94,0xACCAE9B2,0xCBC53380,0x31F0B7A6,0x8EBD1555,0x74889173,0x4F34269B,0xB501A2BD,0x0A4C004E,0xF0798468,
  0x7C28840C,0x861D002A,0x3950A2D9,0xC36526FF,0xF8D99117,0x02EC1531,0xBDA1B7C2,0x479433E4,0x209BE9D6,0xDAAE6DF0,0x65E3CF03,0x9FD64B25,0xA46AFCCD,0x5E5F78EB,0xE112DA18,0x1B275E3E,
  0xA23C4B51,0x5809CF77,0xE7446D84,0x1D71E9A2,0x26CD5E4A,0xDCF8DA6C,0x63B5789F,0x9980FCB9,0xFE8F268B,0x04BAA2AD,0xBBF7005E,0x41C28478,0x7A7E3390,0x804BB7B6,0x3F061545,0xC5339163,
  0x03E63723,0xF9D3B305,0x469E11F6,0xBCAB95D0,0x87172238,0x7D22A61E,0xC26F04ED,0x385A80CB,0x5F555AF9,0xA560DEDF,0x1A2D7C2C,0xE018F80A,0xDBA44FE2,0x2191CBC4,0x9EDC6937,0x64E9ED11,
  0xDDF2F87E,0x27C77C58,0x988ADEAB,0x62BF5A8D,0x5903ED65,0xA3366943,0x1C7BCBB0,0xE64E4F96,0x814195A4,0x7B741182,0xC439B371,0x3E0C3757,0x05B080BF,0xFF850499,0x40C8A66A,0xBAFD224C,
  0x4A84A624,0xB0B12202,0x0FFC80F1,0xF5C904D7,0xCE75B33F,0x34403719,0x8B0D95EA,0x713811CC,0x1637CBFE,0xEC024FD8,0x534FED2B,0xA97A690D,0x92C6DEE5,0x68F35AC3,0xD7BEF830,0x2D8B7C16,
  0x94906979,0x6EA5ED5F,0xD1E84FAC,0x2BDDCB8A,0x10617C62,0xEA54F844,0x55195AB7,0xAF2CDE91,0xC82304A3,0x32168085,0x8D5B2276,0x776EA650,0x4CD211B8,0xB6E7959E,0x09AA376D,0xF39FB34B,
  0x354A150B,0xCF7F912D,0x703233DE,0x8A07B7F8,0xB1BB0010,0x4B8E8436,0xF4C326C5,0x0EF6A2E3,0x69F978D1,0x93CCFCF7,0x2C815E04,0xD6B4DA22,0xED086DCA,0x173DE9EC,0xA8704B1F,0x5245CF39,
  0xEB5EDA56,0x116B5E70,0xAE26FC83,0x541378A5,0x6FAFCF4D,0x959A4B6B,0x2AD7E998,0xD0E26DBE,0xB7EDB78C,0x4DD833AA,0xF2959159,0x08A0157F,0x331CA297,0xC92926B1,0x76648442,0x8C510064,
  0x00000000,0xC8E79718,0x4ECCFD06,0x862B6A1E,0xC48DB21E,0x0C6A2506,0x8A414F18,0x42A6D800,0x363F4D30,0xFED8DA28,0x78F3B036,0xB014272E,0xF2B2FF2E,0x3A556836,0xBC7E0228,0x74999530,
  0x8061D286,0x4886459E,0xCEAD2F80,0x064AB898,0x44EC6098,0x8C0BF780,0x0A209D9E,0xC2C70A86,0xB65E9FB6,0x7EB908AE,0xF89262B0,0x3075F5A8,0x72D32DA8,0xBA34BAB0,0x3C1FD0AE,0xF4F847B6,
  0x8EB02D55,0x4657BA4D,0xC07CD053,0x089B474B,0x4A3D9F4B,0x82DA0853,0x04F1624D,0xCC16F555,0xB88F6065,0x7068F77D,0xF6439D63,0x3EA40A7B,0x7C02D27B,0xB4E54563,0x32CE2F7D,0xFA29B865,
  0x0ED1FFD3,0xC63668CB,0x401D02D5,0x88FA95CD,0xCA5C4DCD,0x02BBDAD5,0x8490B0CB,0x4C7727D3,0x38EEB2E3,0xF00925FB,0x76224FE5,0xBEC5D8FD,0xFC6300FD,0x348497E5,0xB2AFFDFB,0x7A486AE3,
  0x12AC329C,0xDA4BA584,0x5C60CF9A,0x94875882,0xD6218082,0x1EC6179A,0x98ED7D84,0x500AEA9C,0x24937FAC,0xEC74E8B4,0x6A5F82AA,0xA2B815B2,0xE01ECDB2,0x28F95AAA,0xAED230B4,0x6635A7AC,
  0x92CDE01A,0x5A2A7702,0xDC011D1C,0x14E68A04,0x56405204,0x9EA7C51C,0x188CAF02,0xD06B381A,0xA4F2AD2A,0x6C153A32,0xEA3E502C,0x22D9C734,0x607F1F34,0xA898882C,0x2EB3E232,0xE654752A,
  0x9C1C1FC9,0x54FB88D1,0xD2D0E2CF,0x1A3775D7,0x5891ADD7,0x90763ACF,0x165D50D1,0xDEBAC7C9,0xAA2352F9,0x62C4C5E1,0xE4EFAFFF,0x2C0838E7,0x6EAEE0E7,0xA64977FF,0x20621DE1,0xE8858AF9,
  0x1C7DCD4F,0xD49A5A57,0x52B13049,0x9A56A751,0xD8F07F51,0x1017E849,0x963C8257,0x5EDB154F,0x2A42807F,0xE2A51767,0x648E7D79,0xAC69EA61,0xEECF3261,0x2628A579,0xA003CF67,0x68E4587F,
  0x051FB4D4,0xCDF823CC,0x4BD349D2,0x8334DECA,0xC19206CA,0x097591D2,0x8F5EFBCC,0x47B96CD4,0x3320F9E4,0xFBC76EFC,0x7DEC04E2,0xB50B93FA,0xF7AD4BFA,0x3F4ADCE2,0xB961B6FC,0x718621E4,
  0x857E6652,0x4D99F14A,0xCBB29B54,0x03550C4C,0x41F3D44C,0x89144354,0x0F3F294A,0xC7D8BE52,0xB3412B62,0x7BA6BC7A,0xFD8DD664,0x356A417C,0x77CC997C,0xBF2B0E64,0x3900647A,0xF1E7F362,
  0x8BAF9981,0x43480E99,0xC5636487,0x0D84F39F,0x4F222B9F,0x87C5BC87,0x01EED699,0xC9094181,0xBD90D4B1,0x757743A9,0xF35C29B7,0x3BBBBEAF,0x791D66AF,0xB1FAF1B7,0x37D19BA9,0xFF360CB1,
  0x0BCE4B07,0xC329DC1F,0x4502B601,0x8DE52119,0xCF43F919,0x07A46E01,0x818F041F,0x49689307,0x3DF10637,0xF516912F,0x733DFB31,0xBBDA6C29,0xF97CB429,0x319B2331,0xB7B0492F,0x7F57DE37,
  0x17B38648,0xDF541150,0x597F7B4E,0x9198EC56,0xD33E3456,0x1BD9A34E,0x9DF2C950,0x55155E48,0x218CCB78,0xE96B5C60,0x6F40367E,0xA7A7A166,0xE5017966,0x2DE6EE7E,0xABCD8460,0x632A1378,
  0x97D254CE,0x5F35C3D6,0xD91EA9C8,0x11F93ED0,0x535FE6D0,0x9BB871C8,0x1D931BD6,0xD5748CCE,0xA1ED19FE,0x690A8EE6,0xEF21E4F8,0x27C673E0,0x6560ABE0,0xAD873CF8,0x2BAC56E6,0xE34BC1FE,
  0x9903AB1D,0x51E43C05,0xD7CF561B,0x1F28C103,0x5D8E1903,0x95698E1B,0x1342E405,0xDBA5731D,0xAF3CE62D,0x67DB7135,0xE1F01B2B,0x29178C33,0x6BB15433,0xA356C32B,0x257DA935,0xED9A3E2D,
  0x1962799B,0xD185EE83,0x57AE849D,0x9F491385,0xDDEFCB85,0x15085C9D,0x93233683,0x5BC4A19B,0x2F5D34AB,0xE7BAA3B3,0x6191C9AD,0xA9765EB5,0xEBD086B5,0x233711AD,0xA51C7BB3,0x6DFBECAB,
  0x00000000,0xEB6F6E3B,0x0A2A26E9,0xE14548D2,0x94FBB96D,0x7F94D756,0x9ED19F84,0x75BEF1BF,0x639643A5,0x88F92D9E,0x69BC654C,0x82D30B77,0xF76DFAC8,0x1C0294F3,0xFD47DC21,0x1628B21A,
  0x34A71B67,0xDFC8755C,0x3E8D3D8E,0xD5E253B5,0xA05CA20A,0x4B33CC31,0xAA7684E3,0x4119EAD8,0x573158C2,0xBC5E36F9,0x5D1B7E2B,0xB6741010,0xC3CAE1AF,0x28A58F94,0xC9E0C746,0x228FA97D,
  0x82A1038E,0x69CE6DB5,0x888B2567,0x63E44B5C,0x165ABAE3,0xFD35D4D8,0x1C709C0A,0xF71FF231,0xE137402B,0x0A582E10,0xEB1D66C2,0x007208F9,0x75CCF946,0x9EA3977D,0x7FE6DFAF,0x9489B194,
  0xB60618E9,0x5D6976D2,0xBC2C3E00,0x5743503B,0x22FDA184,0xC992CFBF,0x28D7876D,0xC3B8E956,0xD5905B4C,0x3EFF3577,0xDFBA7DA5,0x34D5139E,0x416BE221,0xAA048C1A,0x4B41C4C8,0xA02EAAF3,
  0x261D608A,0xCD720EB1,0x2C374663,0xC7582858,0xB2E6D9E7,0x5989B7DC,0xB8CCFF0E,0x53A39135,0x458B232F,0xAEE44D14,0x4FA105C6,0xA4CE6BFD,0xD1709A42,0x3A1FF479,0xDB5ABCAB,0x3035D290,
  0x12BA7BED,0xF9D515D6,0x18905D04,0xF3FF333F,0x8641C280,0x6D2EACBB,0x8C6BE469,0x67048A52,0x712C3848,0x9A435673,0x7B061EA1,0x9069709A,0xE5D78125,0x0EB8EF1E,0xEFFDA7CC,0x0492C9F7,
  0xA4BC6304,0x4FD30D3F,0xAE9645ED,0x45F92BD6,0x3047DA69,0xDB28B452,0x3A6DFC80,0xD10292BB,0xC72A20A1,0x2C454E9A,0xCD000648,0x266F6873,0x53D199CC,0xB8BEF7F7,0x59FBBF25,0xB294D11E,
  0x901B7863,0x7B741658,0x9A315E8A,0x715E30B1,0x04E0C10E,0xEF8FAF35,0x0ECAE7E7,0xE5A589DC,0xF38D3BC6,0x18E255FD,0xF9A71D2F,0x12C87314,0x677682AB,0x8C19EC90,0x6D5CA442,0x8633CA79,
  0xCB60D85B,0x200FB660,0xC14AFEB2,0x2A259089,0x5F9B6136,0xB4F40F0D,0x55B147DF,0xBEDE29E4,0xA8F69BFE,0x4399F5C5,0xA2DCBD17,0x49B3D32C,0x3C0D2293,0xD7624CA8,0x3627047A,0xDD486A41,
  0xFFC7C33C,0x14A8AD07,0xF5EDE5D5,0x1E828BEE,0x6B3C7A51,0x8053146A,0x61165CB8,0x8A793283,0x9C518099,0x773EEEA2,0x967BA670,0x7D14C84B,0x08AA39F4,0xE3C557CF,0x02801F1D,0xE9EF7126,
  0x49C1DBD5,0xA2AEB5EE,0x43EBFD3C,0xA8849307,0xDD3A62B8,0x36550C83,0xD7104451,0x3C7F2A6A,0x2A579870,0xC138F64B,0x207DBE99,0xCB12D0A2,0xBEAC211D,0x55C34F26,0xB48607F4,0x5FE969CF,
  0x7D66C0B2,0x9609AE89,0x774CE65B,0x9C238860,0xE99D79DF,0x02F217E4,0xE3B75F36,0x08D8310D,0x1EF08317,0xF59FED2C,0x14DAA5FE,0xFFB5CBC5,0x8A0B3A7A,0x61645441,0x80211C93,0x6B4E72A8,
  0xED7DB8D1,0x0612D6EA,0xE7579E38,0x0C38F003,0x798601BC,0x92E96F87,0x73AC2755,0x98C3496E,0x8EEBFB74,0x6584954F,0x84C1DD9D,0x6FAEB3A6,0x1A104219,0xF17F2C22,0x103A64F0,0xFB550ACB,
  0xD9DAA3B6,0x32B5CD8D,0xD3F0855F,0x389FEB64,0x4D211ADB,0xA64E74E0,0x470B3C32,0xAC645209,0xBA4CE013,0x51238E28,0xB066C6FA,0x5B09A8C1,0x2EB7597E,0xC5D83745,0x249D7F97,0xCFF211AC,
  0x6FDCBB5F,0x84B3D564,0x65F69DB6,0x8E99F38D,0xFB270232,0x10486C09,0xF10D24DB,0x1A624AE0,0x0C4AF8FA,0xE72596C1,0x0660DE13,0xED0FB028,0x98B14197,0x73DE2FAC,0x929B677E,0x79F40945,
  0x5B7BA038,0xB014CE03,0x515186D1,0xBA3EE8EA,0xCF801955,0x24EF776E,0xC5AA3FBC,0x2EC55187,0x38EDE39D,0xD3828DA6,0x32C7C574,0xD9A8AB4F,0xAC165AF0,0x477934CB,0xA63C7C19,0x4D531222,
  0x00000000,0x165EC19C,0xD60D37E4,0xC053F678,0x8498CE74,0x92C60FE8,0x5295F990,0x44CB380C,0x94224FCA,0x827C8E56,0x422F782E,0x5471B9B2,0x10BA81BE,0x06E44022,0xC6B7B65A,0xD0E977C6,
  0x490C8FA9,0x5F524E35,0x9F01B84D,0x895F79D1,0xCD9441DD,0xDBCA8041,0x1B997639,0x0DC7B7A5,0xDD2EC063,0xCB7001FF,0x0B23F787,0x1D7D361B,0x59B60E17,0x4FE8CF8B,0x8FBB39F3,0x99E5F86F,
  0x27D8300F,0x3186F193,0xF1D507EB,0xE78BC677,0xA340FE7B,0xB51E3FE7,0x754DC99F,0x63130803,0xB3FA7FC5,0xA5A4BE59,0x65F74821,0x73A989BD,0x3762B1B1,0x213C702D,0xE16F8655,0xF73147C9,
  0x6ED4BFA6,0x788A7E3A,0xB8D98842,0xAE8749DE,0xEA4C71D2,0xFC12B04E,0x3C414636,0x2A1F87AA,0xFAF6F06C,0xECA831F0,0x2CFBC788,0x3AA50614,0x7E6E3E18,0x6830FF84,0xA86309FC,0xBE3DC860,
  0x54A2926F,0x42FC53F3,0x82AFA58B,0x94F16417,0xD03A5C1B,0xC6649D87,0x06376BFF,0x1069AA63,0xC080DDA5,0xD6DE1C39,0x168DEA41,0x00D32BDD,0x441813D1,0x5246D24D,0x92152435,0x844BE5A9,
  0x1DAE1DC6,0x0BF0DC5A,0xCBA32A22,0xDDFDEBBE,0x9936D3B2,0x8F68122E,0x4F3BE456,0x596525CA,0x898C520C,0x9FD29390,0x5F8165E8,0x49DFA474,0x0D149C78,0x1B4A5DE4,0xDB19AB9C,0xCD476A00,
  0x737AA260,0x652463FC,0xA5779584,0xB3295418,0xF7E26C14,0xE1BCAD88,0x21EF5BF0,0x37B19A6C,0xE758EDAA,0xF1062C36,0x3155DA4E,0x270B1BD2,0x63C023DE,0x759EE242,0xB5CD143A,0xA393D5A6,
  0x3A762DC9,0x2C28EC55,0xEC7B1A2D,0xFA25DBB1,0xBEEEE3BD,0xA8B02221,0x68E3D459,0x7EBD15C5,0xAE546203,0xB80AA39F,0x785955E7,0x6E07947B,0x2ACCAC77,0x3C926DEB,0xFCC19B93,0xEA9F5A0F,
  0x77113A4F,0x614FFBD3,0xA11C0DAB,0xB742CC37,0xF389F43B,0xE5D735A7,0x2584C3DF,0x33DA0243,0xE3337585,0xF56DB419,0x353E4261,0x236083FD,0x67ABBBF1,0x71F57A6D,0xB1A68C15,0xA7F84D89,
  0x3E1DB5E6,0x2843747A,0xE8108202,0xFE4E439E,0xBA857B92,0xACDBBA0E,0x6C884C76,0x7AD68DEA,0xAA3FFA2C,0xBC613BB0,0x7C32CDC8,0x6A6C0C54,0x2EA73458,0x38F9F5C4,0xF8AA03BC,0xEEF4C220,
  0x50C90A40,0x4697CBDC,0x86C43DA4,0x909AFC38,0xD451C434,0xC20F05A8,0x025CF3D0,0x1402324C,0xC4EB458A,0xD2B58416,0x12E6726E,0x04B8B3F2,0x40738BFE,0x562D4A62,0x967EBC1A,0x80207D86,
  0x19C585E9,0x0F9B4475,0xCFC8B20D,0xD9967391,0x9D5D4B9D,0x8B038A01,0x4B507C79,0x5D0EBDE5,0x8DE7CA23,0x9BB90BBF,0x5BEAFDC7,0x4DB43C5B,0x097F0457,0x1F21C5CB,0xDF7233B3,0xC92CF22F,
  0x23B3A820,0x35ED69BC,0xF5BE9FC4,0xE3E05E58,0xA72B6654,0xB175A7C8,0x712651B0,0x6778902C,0xB791E7EA,0xA1CF2676,0x619CD00E,0x77C21192,0x3309299E,0x2557E802,0xE5041E7A,0xF35ADFE6,
  0x6ABF2789,0x7CE1E615,0xBCB2106D,0xAAECD1F1,0xEE27E9FD,0xF8792861,0x382ADE19,0x2E741F85,0xFE9D6843,0xE8C3A9DF,0x28905FA7,0x3ECE9E3B,0x7A05A637,0x6C5B67AB,0xAC0891D3,0xBA56504F,
  0x046B982F,0x123559B3,0xD266AFCB,0xC4386E57,0x80F3565B,0x96AD97C7,0x56FE61BF,0x40A0A023,0x9049D7E5,0x86171679,0x4644E001,0x501A219D,0x14D11991,0x028FD80D,0xC2DC2E75,0xD482EFE9,
  0x4D671786,0x5B39D61A,0x9B6A2062,0x8D34E1FE,0xC9FFD9F2,0xDFA1186E,0x1FF2EE16,0x09AC2F8A,0xD945584C,0xCF1B99D0,0x0F486FA8,0x1916AE34,0x5DDD9638,0x4B8357A4,0x8BD0A1DC,0x9D8E6040,
  0x00000000,0xE05589B9,0x387844CF,0xD82DCD76,0xBE9D1C39,0x5EC89580,0x86E558F6,0x66B0D14F,0x8A688013,0x6A3D09AA,0xB210C4DC,0x52454D65,0x34F59C2A,0xD4A01593,0x0C8DD8E5,0xECD8515C,
  0x34CAA641,0xD49F2FF8,0x0CB2E28E,0xECE76B37,0x8A57BA78,0x6A0233C1,0xB22FFEB7,0x527A770E,0xBEA22652,0x5EF7AFEB,0x86DA629D,0x668FEB24,0x003F3A6B,0xE06AB3D2,0x38477EA4,0xD812F71D,
  0x388616DD,0xD8D39F64,0x00FE5212,0xE0ABDBAB,0x861B0AE4,0x664E835D,0xBE634E2B,0x5E36C792,0xB2EE96CE,0x52BB1F77,0x8A96D201,0x6AC35BB8,0x0C738AF7,0xEC26034E,0x340BCE38,0xD45E4781,
  0x0C4CB09C,0xEC193925,0x3434F453,0xD4617DEA,0xB2D1ACA5,0x5284251C,0x8AA9E86A,0x6AFC61D3,0x8624308F,0x6671B936,0xBE5C7440,0x5E09FDF9,0x38B92CB6,0xD8ECA50F,0x00C16879,0xE094E1C0,
  0xFF9D0AFB,0x1FC88342,0xC7E54E34,0x27B0C78D,0x410016C2,0xA1559F7B,0x7978520D,0x992DDBB4,0x75F58AE8,0x95A00351,0x4D8DCE27,0xADD8479E,0xCB6896D1,0x2B3D1F68,0xF310D21E,0x13455BA7,
  0xCB57ACBA,0x2B022503,0xF32FE875,0x137A61CC,0x75CAB083,0x959F393A,0x4DB2F44C,0xADE77DF5,0x413F2CA9,0xA16AA510,0x79476866,0x9912E1DF,0xFFA23090,0x1FF7B929,0xC7DA745F,0x278FFDE6,
  0xC71B1C26,0x274E959F,0xFF6358E9,0x1F36D150,0x7986001F,0x99D389A6,0x41FE44D0,0xA1ABCD69,0x4D739C35,0xAD26158C,0x750BD8FA,0x955E5143,0xF3EE800C,0x13BB09B5,0xCB96C4C3,0x2BC34D7A,
  0xF3D1BA67,0x138433DE,0xCBA9FEA8,0x2BFC7711,0x4D4CA65E,0xAD192FE7,0x7534E291,0x95616B28,0x79B93A74,0x99ECB3CD,0x41C17EBB,0xA194F702,0xC724264D,0x2771AFF4,0xFF5C6282,0x1F09EB3B,
  0xE0E0E9A3,0x00B5601A,0xD898AD6C,0x38CD24D5,0x5E7DF59A,0xBE287C23,0x6605B155,0x865038EC,0x6A8869B0,0x8ADDE009,0x52F02D7F,0xB2A5A4C6,0xD4157589,0x3440FC30,0xEC6D3146,0x0C38B8FF,
  0xD42A4FE2,0x347FC65B,0xEC520B2D,0x0C078294,0x6AB753DB,0x8AE2DA62,0x52CF1714,0xB29A9EAD,0x5E42CFF1,0xBE174648,0x663A8B3E,0x866F0287,0xE0DFD3C8,0x008A5A71,0xD8A79707,0x38F21EBE,
  0xD866FF7E,0x383376C7,0xE01EBBB1,0x004B3208,0x66FBE347,0x86AE6AFE,0x5E83A788,0xBED62E31,0x520E7F6D,0xB25BF6D4,0x6A763BA2,0x8A23B21B,0xEC936354,0x0CC6EAED,0xD4EB279B,0x34BEAE22,
  0xECAC593F,0x0CF9D086,0xD4D41DF0,0x34819449,0x52314506,0xB264CCBF,0x6A4901C9,0x8A1C8870,0x66C4D92C,0x86915095,0x5EBC9DE3,0xBEE9145A,0xD859C515,0x380C4CAC,0xE02181DA,0x00740863,
  0x1F7DE358,0xFF286AE1,0x2705A797,0xC7502E2E,0xA1E0FF61,0x41B576D8,0x9998BBAE,0x79CD3217,0x9515634B,0x7540EAF2,0xAD6D2784,0x4D38AE3D,0x2B887F72,0xCBDDF6CB,0x13F03BBD,0xF3A5B204,
  0x2BB74519,0xCBE2CCA0,0x13CF01D6,0xF39A886F,0x952A5920,0x757FD099,0xAD521DEF,0x4D079456,0xA1DFC50A,0x418A4CB3,0x99A781C5,0x79F2087C,0x1F42D933,0xFF17508A,0x273A9DFC,0xC76F1445,
  0x27FBF585,0xC7AE7C3C,0x1F83B14A,0xFFD638F3,0x9966E9BC,0x79336005,0xA11EAD73,0x414B24CA,0xAD937596,0x4DC6FC2F,0x95EB3159,0x75BEB8E0,0x130E69AF,0xF35BE016,0x2B762D60,0xCB23A4D9,
  0x133153C4,0xF364DA7D,0x2B49170B,0xCB1C9EB2,0xADAC4FFD,0x4DF9C644,0x95D40B32,0x7581828B,0x9959D3D7,0x790C5A6E,0xA1219718,0x41741EA1,0x27C4CFEE,0xC7914657,0x1FBC8B21,0xFFE90298,
  0x00000000,0x7AB7D853,0x55D6FD79,0x2F61252A,0xB8428791,0xC2F55FC2,0xED947AE8,0x9723A2BB,0xF577EF27,0x8FC03774,0xA0A1125E,0xDA16CA0D,0x4D3568B6,0x3782B0E5,0x18E395CF,0x62544D9C,
  0x5BE7005B,0x2150D808,0x0E31FD22,0x74862571,0xE3A587CA,0x99125F99,0xB6737AB3,0xCCC4A2E0,0xAE90EF7C,0xD427372F,0xFB461205,0x81F1CA56,0x16D268ED,0x6C65B0BE,0x43049594,0x39B34DC7,
  0xD4610C05,0xAED6D456,0x81B7F17C,0xFB00292F,0x6C238B94,0x169453C7,0x39F576ED,0x4342AEBE,0x2116E322,0x5BA13B71,0x74C01E5B,0x0E77C608,0x995464B3,0xE3E3BCE0,0xCC8299CA,0xB6354199,
  0x8F860C5E,0xF531D40D,0xDA50F127,0xA0E72974,0x37C48BCF,0x4D73539C,0x621276B6,0x18A5AEE5,0x7AF1E379,0x00463B2A,0x2F271E00,0x5590C653,0xC2B364E8,0xB804BCBB,0x97659991,0xEDD241C2,
  0xBA6542BE,0xC0D29AED,0xEFB3BFC7,0x95046794,0x0227C52F,0x78901D7C,0x57F13856,0x2D46E005,0x4F12AD99,0x35A575CA,0x1AC450E0,0x607388B3,0xF7502A08,0x8DE7F25B,0xA286D771,0xD8310F22,
  0xE18242E5,0x9B359AB6,0xB454BF9C,0xCEE367CF,0x59C0C574,0x23771D27,0x0C16380D,0x76A1E05E,0x14F5ADC2,0x6E427591,0x412350BB,0x3B9488E8,0xACB72A53,0xD600F200,0xF961D72A,0x83D60F79,
  0x6E044EBB,0x14B396E8,0x3BD2B3C2,0x41656B91,0xD646C92A,0xACF11179,0x83903453,0xF927EC00,0x9B73A19C,0xE1C479CF,0xCEA55CE5,0xB41284B6,0x2331260D,0x5986FE5E,0x76E7DB74,0x0C500327,
  0x35E34EE0,0x4F5496B3,0x6035B399,0x1A826BCA,0x8DA1C971,0xF7161122,0xD8773408,0xA2C0EC5B,0xC094A1C7,0xBA237994,0x95425CBE,0xEFF584ED,0x78D62656,0x0261FE05,0x2D00DB2F,0x57B7037C,
  0x42CA78DB,0x387DA088,0x171C85A2,0x6DAB5DF1,0xFA88FF4A,0x803F2719,0xAF5E0233,0xD5E9DA60,0xB7BD97FC,0xCD0A4FAF,0xE26B6A85,0x98DCB2D6,0x0FFF106D,0x7548C83E,0x5A29ED14,0x209E3547,
  0x192D7880,0x639AA0D3,0x4CFB85F9,0x364C5DAA,0xA16FFF11,0xDBD82742,0xF4B90268,0x8E0EDA3B,0xEC5A97A7,0x96ED4FF4,0xB98C6ADE,0xC33BB28D,0x54181036,0x2EAFC865,0x01CEED4F,0x7B79351C,
  0x96AB74DE,0xEC1CAC8D,0xC37D89A7,0xB9CA51F4,0x2EE9F34F,0x545E2B1C,0x7B3F0E36,0x0188D665,0x63DC9BF9,0x196B43AA,0x360A6680,0x4CBDBED3,0xDB9E1C68,0xA129C43B,0x8E48E111,0xF4FF3942,
  0xCD4C7485,0xB7FBACD6,0x989A89FC,0xE22D51AF,0x750EF314,0x0FB92B47,0x20D80E6D,0x5A6FD63E,0x383B9BA2,0x428C43F1,0x6DED66DB,0x175ABE88,0x80791C33,0xFACEC460,0xD5AFE14A,0xAF183919,
  0xF8AF3A65,0x8218E236,0xAD79C71C,0xD7CE1F4F,0x40EDBDF4,0x3A5A65A7,0x153B408D,0x6F8C98DE,0x0DD8D542,0x776F0D11,0x580E283B,0x22B9F068,0xB59A52D3,0xCF2D8A80,0xE04CAFAA,0x9AFB77F9,
  0xA3483A3E,0xD9FFE26D,0xF69EC747,0x8C291F14,0x1B0ABDAF,0x61BD65FC,0x4EDC40D6,0x346B9885,0x563FD519,0x2C880D4A,0x03E92860,0x795EF033,0xEE7D5288,0x94CA8ADB,0xBBABAFF1,0xC11C77A2,
  0x2CCE3660,0x5679EE33,0x7918CB19,0x03AF134A,0x948CB1F1,0xEE3B69A2,0xC15A4C88,0xBBED94DB,0xD9B9D947,0xA30E0114,0x8C6F243E,0xF6D8FC6D,0x61FB5ED6,0x1B4C8685,0x342DA3AF,0x4E9A7BFC,
  0x7729363B,0x0D9EEE68,0x22FFCB42,0x58481311,0xCF6BB1AA,0xB5DC69F9,0x9ABD4CD3,0xE00A9480,0x825ED91C,0xF8E9014F,0xD7882465,0xAD3FFC36,0x3A1C5E8D,0x40AB86DE,0x6FCAA3F4,0x157D7BA7,
  0x00000000,0x9D104082,0x13BF1E34,0x8EAF5EB6,0x96447DFA,0x0B543D78,0x85FB63CE,0x18EB234C,0xB395B6EE,0x2E85F66C,0xA02AA8DA,0x3D3AE858,0x25D1CB14,0xB8C18B96,0x366ED520,0xAB7E95A2,
  0x45D9ABB4,0xD8C9EB36,0x5666B580,0xCB76F502,0xD39DD64E,0x4E8D96CC,0xC022C87A,0x5D3288F8,0xF64C1D5A,0x6B5C5DD8,0xE5F3036E,0x78E343EC,0x600860A0,0xFD182022,0x73B77E94,0xEEA73E16,
  0x4FF8BD19,0xD2E8FD9B,0x5C47A32D,0xC157E3AF,0xD9BCC0E3,0x44AC8061,0xCA03DED7,0x57139E55,0xFC6D0BF7,0x617D4B75,0xEFD215C3,0x72C25541,0x6A29760D,0xF739368F,0x79966839,0xE48628BB,
  0x0A2116AD,0x9731562F,0x199E0899,0x848E481B,0x9C656B57,0x01752BD5,0x8FDA7563,0x12CA35E1,0xB9B4A043,0x24A4E0C1,0xAA0BBE77,0x371BFEF5,0x2FF0DDB9,0xB2E09D3B,0x3C4FC38D,0xA15F830F,
  0x44C7B2D2,0xD9D7F250,0x5778ACE6,0xCA68EC64,0xD283CF28,0x4F938FAA,0xC13CD11C,0x5C2C919E,0xF752043C,0x6A4244BE,0xE4ED1A08,0x79FD5A8A,0x611679C6,0xFC063944,0x72A967F2,0xEFB92770,
  0x011E1966,0x9C0E59E4,0x12A10752,0x8FB147D0,0x975A649C,0x0A4A241E,0x84E57AA8,0x19F53A2A,0xB28BAF88,0x2F9BEF0A,0xA134B1BC,0x3C24F13E,0x24CFD272,0xB9DF92F0,0x3770CC46,0xAA608CC4,
  0x0B3F0FCB,0x962F4F49,0x188011FF,0x8590517D,0x9D7B7231,0x006B32B3,0x8EC46C05,0x13D42C87,0xB8AAB925,0x25BAF9A7,0xAB15A711,0x3605E793,0x2EEEC4DF,0xB3FE845D,0x3D51DAEB,0xA0419A69,
  0x4EE6A47F,0xD3F6E4FD,0x5D59BA4B,0xC049FAC9,0xD8A2D985,0x45B29907,0xCB1DC7B1,0x560D8733,0xFD731291,0x60635213,0xEECC0CA5,0x73DC4C27,0x6B376F6B,0xF6272FE9,0x7888715F,0xE59831DD,
  0x11801A6E,0x8C905AEC,0x023F045A,0x9F2F44D8,0x87C46794,0x1AD42716,0x947B79A0,0x096B3922,0xA215AC80,0x3F05EC02,0xB1AAB2B4,0x2CBAF236,0x3451D17A,0xA94191F8,0x27EECF4E,0xBAFE8FCC,
  0x5459B1DA,0xC949F158,0x47E6AFEE,0xDAF6EF6C,0xC21DCC20,0x5F0D8CA2,0xD1A2D214,0x4CB29296,0xE7CC0734,0x7ADC47B6,0xF4731900,0x69635982,0x71887ACE,0xEC983A4C,0x623764FA,0xFF272478,
  0x5E78A777,0xC368E7F5,0x4DC7B943,0xD0D7F9C1,0xC83CDA8D,0x552C9A0F,0xDB83C4B9,0x4693843B,0xEDED1199,0x70FD511B,0xFE520FAD,0x63424F2F,0x7BA96C63,0xE6B92CE1,0x68167257,0xF50632D5,
  0x1BA10CC3,0x86B14C41,0x081E12F7,0x950E5275,0x8DE57139,0x10F531BB,0x9E5A6F0D,0x034A2F8F,0xA834BA2D,0x3524FAAF,0xBB8BA419,0x269BE49B,0x3E70C7D7,0xA3608755,0x2DCFD9E3,0xB0DF9961,
  0x5547A8BC,0xC857E83E,0x46F8B688,0xDBE8F60A,0xC303D546,0x5E1395C4,0xD0BCCB72,0x4DAC8BF0,0xE6D21E52,0x7BC25ED0,0xF56D0066,0x687D40E4,0x709663A8,0xED86232A,0x63297D9C,0xFE393D1E,
  0x109E0308,0x8D8E438A,0x03211D3C,0x9E315DBE,0x86DA7EF2,0x1BCA3E70,0x956560C6,0x08752044,0xA30BB5E6,0x3E1BF564,0xB0B4ABD2,0x2DA4EB50,0x354FC81C,0xA85F889E,0x26F0D628,0xBBE096AA,
  0x1ABF15A5,0x87AF5527,0x09000B91,0x94104B13,0x8CFB685F,0x11EB28DD,0x9F44766B,0x025436E9,0xA92AA34B,0x343AE3C9,0xBA95BD7F,0x2785FDFD,0x3F6EDEB1,0xA27E9E33,0x2CD1C085,0xB1C18007,
  0x5F66BE11,0xC276FE93,0x4CD9A025,0xD1C9E0A7,0xC922C3EB,0x54328369,0xDA9DDDDF,0x478D9D5D,0xECF308FF,0x71E3487D,0xFF4C16CB,0x625C5649,0x7AB77505,0xE7A73587,0x69086B31,0xF4182BB3,
  0x00000000,0x4EBFDEC2,0xAD92A78A,0xE32D7948,0x9581C8B7,0xDB3E1675,0x38136F3D,0x76ACB1FF,0x7E28C9C2,0x30971700,0xD3BA6E48,0x9D05B08A,0xEBA90175,0xA516DFB7,0x463BA6FF,0x0884783D,
  0xD493E1EB,0x9A2C3F29,0x79014661,0x37BE98A3,0x4112295C,0x0FADF79E,0xEC808ED6,0xA23F5014,0xAABB2829,0xE404F6EB,0x07298FA3,0x49965161,0x3F3AE09E,0x71853E5C,0x92A84714,0xDC1799D6,
  0x90178645,0xDEA85887,0x3D8521CF,0x733AFF0D,0x05964EF2,0x4B299030,0xA804E978,0xE6BB37BA,0xEE3F4F87,0xA0809145,0x43ADE80D,0x0D1236CF,0x7BBE8730,0x350159F2,0xD62C20BA,0x9893FE78,
  0x448467AE,0x0A3BB96C,0xE916C024,0xA7A91EE6,0xD105AF19,0x9FBA71DB,0x7C970893,0x3228D651,0x3AACAE6C,0x741370AE,0x973E09E6,0xD981D724,0xAF2D66DB,0xE192B819,0x02BFC151,0x4C001F93,
  0xE4E67816,0xAA59A6D4,0x4974DF9C,0x07CB015E,0x7167B0A1,0x3FD86E63,0xDCF5172B,0x924AC9E9,0x9ACEB1D4,0xD4716F16,0x375C165E,0x79E3C89C,0x0F4F7963,0x41F0A7A1,0xA2DDDEE9,0xEC62002B,
  0x307599FD,0x7ECA473F,0x9DE73E77,0xD358E0B5,0xA5F4514A,0xEB4B8F88,0x0866F6C0,0x46D92802,0x4E5D503F,0x00E28EFD,0xE3CFF7B5,0xAD702977,0xDBDC9888,0x9563464A,0x764E3F02,0x38F1E1C0,
  0x74F1FE53,0x3A4E2091,0xD96359D9,0x97DC871B,0xE17036E4,0xAFCFE826,0x4CE2916E,0x025D4FAC,0x0AD93791,0x4466E953,0xA74B901B,0xE9F44ED9,0x9F58FF26,0xD1E721E4,0x32CA58AC,0x7C75866E,
  0xA0621FB8,0xEEDDC17A,0x0DF0B832,0x434F66F0,0x35E3D70F,0x7B5C09CD,0x98717085,0xD6CEAE47,0xDE4AD67A,0x90F508B8,0x73D871F0,0x3D67AF32,0x4BCB1ECD,0x0574C00F,0xE659B947,0xA8E66785,
  0xF56E5416,0xBBD18AD4,0x58FCF39C,0x16432D5E,0x60EF9CA1,0x2E504263,0xCD7D3B2B,0x83C2E5E9,0x8B469DD4,0xC5F94316,0x26D43A5E,0x686BE49C,0x1EC75563,0x50788BA1,0xB355F2E9,0xFDEA2C2B,
  0x21FDB5FD,0x6F426B3F,0x8C6F1277,0xC2D0CCB5,0xB47C7D4A,0xFAC3A388,0x19EEDAC0,0x57510402,0x5FD57C3F,0x116AA2FD,0xF247DBB5,0xBCF80577,0xCA54B488,0x84EB6A4A,0x67C61302,0x2979CDC0,
  0x6579D253,0x2BC60C91,0xC8EB75D9,0x8654AB1B,0xF0F81AE4,0xBE47C426,0x5D6ABD6E,0x13D563AC,0x1B511B91,0x55EEC553,0xB6C3BC1B,0xF87C62D9,0x8ED0D326,0xC06F0DE4,0x234274AC,0x6DFDAA6E,
  0xB1EA33B8,0xFF55ED7A,0x1C789432,0x52C74AF0,0x246BFB0F,0x6AD425CD,0x89F95C85,0xC7468247,0xCFC2FA7A,0x817D24B8,0x62505DF0,0x2CEF8332,0x5A4332CD,0x14FCEC0F,0xF7D19547,0xB96E4B85,
  0x11882C00,0x5F37F2C2,0xBC1A8B8A,0xF2A55548,0x8409E4B7,0xCAB63A75,0x299B433D,0x67249DFF,0x6FA0E5C2,0x211F3B00,0xC2324248,0x8C8D9C8A,0xFA212D75,0xB49EF3B7,0x57B38AFF,0x190C543D,
  0xC51BCDEB,0x8BA41329,0x68896A61,0x2636B4A3,0x509A055C,0x1E25DB9E,0xFD08A2D6,0xB3B77C14,0xBB330429,0xF58CDAEB,0x16A1A3A3,0x581E7D61,0x2EB2CC9E,0x600D125C,0x83206B14,0xCD9FB5D6,
  0x819FAA45,0xCF207487,0x2C0D0DCF,0x62B2D30D,0x141E62F2,0x5AA1BC30,0xB98CC578,0xF7331BBA,0xFFB76387,0xB108BD45,0x5225C40D,0x1C9A1ACF,0x6A36AB30,0x248975F2,0xC7A40CBA,0x891BD278,
  0x550C4BAE,0x1BB3956C,0xF89EEC24,0xB62132E6,0xC08D8319,0x8E325DDB,0x6D1F2493,0x23A0FA51,0x2B24826C,0x659B5CAE,0x86B625E6,0xC809FB24,0xBEA54ADB,0xF01A9419,0x1337ED51,0x5D883393,
  0x00000000,0xBA46A2BF,0x9716814B,0x2D5023F4,0x1E4B4E58,0xA40DECE7,0x895DCF13,0x331B6DAC,0x882675CB,0x3260D774,0x1F30F480,0xA576563F,0x966D3B93,0x2C2B992C,0x017BBAD8,0xBB3D1867,
  0x2177C26E,0x9B3160D1,0xB6614325,0x0C27E19A,0x3F3C8C36,0x857A2E89,0xA82A0D7D,0x126CAFC2,0xA951B7A5,0x1317151A,0x3E4736EE,0x84019451,0xB71AF9FD,0x0D5C5B42,0x200C78B6,0x9A4ADA09,
  0xEBA82D51,0x51EE8FEE,0x7CBEAC1A,0xC6F80EA5,0xF5E36309,0x4FA5C1B6,0x62F5E242,0xD8B340FD,0x638E589A,0xD9C8FA25,0xF498D9D1,0x4EDE7B6E,0x7DC516C2,0xC783B47D,0xEAD39789,0x50953536,
  0xCADFEF3F,0x70994D80,0x5DC96E74,0xE78FCCCB,0xD494A167,0x6ED203D8,0x4382202C,0xF9C48293,0x42F99AF4,0xF8BF384B,0xD5EF1BBF,0x6FA9B900,0x5CB2D4AC,0xE6F47613,0xCBA455E7,0x71E2F758,
  0x1CFFDCCF,0xA6B97E70,0x8BE95D84,0x31AFFF3B,0x02B49297,0xB8F23028,0x95A213DC,0x2FE4B163,0x94D9A904,0x2E9F0BBB,0x03CF284F,0xB9898AF0,0x8A92E75C,0x30D445E3,0x1D846617,0xA7C2C4A8,
  0x3D881EA1,0x87CEBC1E,0xAA9E9FEA,0x10D83D55,0x23C350F9,0x9985F246,0xB4D5D1B2,0x0E93730D,0xB5AE6B6A,0x0FE8C9D5,0x22B8EA21,0x98FE489E,0xABE52532,0x11A3878D,0x3CF3A479,0x86B506C6,
  0xF757F19E,0x4D115321,0x604170D5,0xDA07D26A,0xE91CBFC6,0x535A1D79,0x7E0A3E8D,0xC44C9C32,0x7F718455,0xC53726EA,0xE867051E,0x5221A7A1,0x613ACA0D,0xDB7C68B2,0xF62C4B46,0x4C6AE9F9,
  0xD62033F0,0x6C66914F,0x4136B2BB,0xFB701004,0xC86B7DA8,0x722DDF17,0x5F7DFCE3,0xE53B5E5C,0x5E06463B,0xE440E484,0xC910C770,0x735665CF,0x404D0863,0xFA0BAADC,0xD75B8928,0x6D1D2B97,
  0xA39E4968,0x19D8EBD7,0x3488C823,0x8ECE6A9C,0xBDD50730,0x0793A58F,0x2AC3867B,0x908524C4,0x2BB83CA3,0x91FE9E1C,0xBCAEBDE8,0x06E81F57,0x35F372FB,0x8FB5D044,0xA2E5F3B0,0x18A3510F,
  0x82E98B06,0x38AF29B9,0x15FF0A4D,0xAFB9A8F2,0x9CA2C55E,0x26E467E1,0x0BB44415,0xB1F2E6AA,0x0ACFFECD,0xB0895C72,0x9DD97F86,0x279FDD39,0x1484B095,0xAEC2122A,0x839231DE,0x39D49361,
  0x48366439,0xF270C686,0xDF20E572,0x656647CD,0x567D2A61,0xEC3B88DE,0xC16BAB2A,0x7B2D0995,0xC01011F2,0x7A56B34D,0x570690B9,0xED403206,0xDE5B5FAA,0x641DFD15,0x494DDEE1,0xF30B7C5E,
  0x6941A657,0xD30704E8,0xFE57271C,0x441185A3,0x770AE80F,0xCD4C4AB0,0xE01C6944,0x5A5ACBFB,0xE167D39C,0x5B217123,0x767152D7,0xCC37F068,0xFF2C9DC4,0x456A3F7B,0x683A1C8F,0xD27CBE30,
  0xBF6195A7,0x05273718,0x287714EC,0x9231B653,0xA12ADBFF,0x1B6C7940,0x363C5AB4,0x8C7AF80B,0x3747E06C,0x8D0142D3,0xA0516127,0x1A17C398,0x290CAE34,0x934A0C8B,0xBE1A2F7F,0x045C8DC0,
  0x9E1657C9,0x2450F576,0x0900D682,0xB346743D,0x805D1991,0x3A1BBB2E,0x174B98DA,0xAD0D3A65,0x16302202,0xAC7680BD,0x8126A349,0x3B6001F6,0x087B6C5A,0xB23DCEE5,0x9F6DED11,0x252B4FAE,
  0x54C9B8F6,0xEE8F1A49,0xC3DF39BD,0x79999B02,0x4A82F6AE,0xF0C45411,0xDD9477E5,0x67D2D55A,0xDCEFCD3D,0x66A96F82,0x4BF94C76,0xF1BFEEC9,0xC2A48365,0x78E221DA,0x55B2022E,0xEFF4A091,
  0x75BE7A98,0xCFF8D827,0xE2A8FBD3,0x58EE596C,0x6BF534C0,0xD1B3967F,0xFCE3B58B,0x46A51734,0xFD980F53,0x47DEADEC,0x6A8E8E18,0xD0C82CA7,0xE3D3410B,0x5995E3B4,0x74C5C040,0xCE8362FF,
  0x00000000,0x97E7412B,0x442795F3,0xD3C0D4D8,0x7CED353F,0xEB0A7414,0x38CAA0CC,0xAF2DE1E7,0x11535CC4,0x86B41DEF,0x5574C937,0xC293881C,0x6DBE69FB,0xFA5928D0,0x2999FC08,0xBE7EBD23,
  0xE6BD986D,0x715AD946,0xA29A0D9E,0x357D4CB5,0x9A50AD52,0x0DB7EC79,0xDE7738A1,0x4990798A,0xF7EEC4A9,0x60098582,0xB3C9515A,0x242E1071,0x8B03F196,0x1CE4B0BD,0xCF246465,0x58C3254E,
  0x50D620C0,0xC73161EB,0x14F1B533,0x8316F418,0x2C3B15FF,0xBBDC54D4,0x681C800C,0xFFFBC127,0x41857C04,0xD6623D2F,0x05A2E9F7,0x9245A8DC,0x3D68493B,0xAA8F0810,0x794FDCC8,0xEEA89DE3,
  0xB66BB8AD,0x218CF986,0xF24C2D5E,0x65AB6C75,0xCA868D92,0x5D61CCB9,0x8EA11861,0x1946594A,0xA738E469,0x30DFA542,0xE31F719A,0x74F830B1,0xDBD5D156,0x4C32907D,0x9FF244A5,0x0815058E,
  0xD8C1A7E3,0x4F26E6C8,0x9CE63210,0x0B01733B,0xA42C92DC,0x33CBD3F7,0xE00B072F,0x77EC4604,0xC992FB27,0x5E75BA0C,0x8DB56ED4,0x1A522FFF,0xB57FCE18,0x22988F33,0xF1585BEB,0x66BF1AC0,
  0x3E7C3F8E,0xA99B7EA5,0x7A5BAA7D,0xEDBCEB56,0x42910AB1,0xD5764B9A,0x06B69F42,0x9151DE69,0x2F2F634A,0xB8C82261,0x6B08F6B9,0xFCEFB792,0x53C25675,0xC425175E,0x17E5C386,0x800282AD,
  0x88178723,0x1FF0C608,0xCC3012D0,0x5BD753FB,0xF4FAB21C,0x631DF337,0xB0DD27EF,0x273A66C4,0x9944DBE7,0x0EA39ACC,0xDD634E14,0x4A840F3F,0xE5A9EED8,0x724EAFF3,0xA18E7B2B,0x36693A00,
  0x6EAA1F4E,0xF94D5E65,0x2A8D8ABD,0xBD6ACB96,0x12472A71,0x85A06B5A,0x5660BF82,0xC187FEA9,0x7FF9438A,0xE81E02A1,0x3BDED679,0xAC399752,0x031476B5,0x94F3379E,0x4733E346,0xD0D4A26D,
  0xF9B5D7F1,0x6E5296DA,0xBD924202,0x2A750329,0x8558E2CE,0x12BFA3E5,0xC17F773D,0x56983616,0xE8E68B35,0x7F01CA1E,0xACC11EC6,0x3B265FED,0x940BBE0A,0x03ECFF21,0xD02C2BF9,0x47CB6AD2,
  0x1F084F9C,0x88EF0EB7,0x5B2FDA6F,0xCCC89B44,0x63E57AA3,0xF4023B88,0x27C2EF50,0xB025AE7B,0x0E5B1358,0x99BC5273,0x4A7C86AB,0xDD9BC780,0x72B62667,0xE551674C,0x3691B394,0xA176F2BF,
  0xA963F731,0x3E84B61A,0xED4462C2,0x7AA323E9,0xD58EC20E,0x42698325,0x91A957FD,0x064E16D6,0xB830ABF5,0x2FD7EADE,0xFC173E06,0x6BF07F2D,0xC4DD9ECA,0x533ADFE1,0x80FA0B39,0x171D4A12,
  0x4FDE6F5C,0xD8392E77,0x0BF9FAAF,0x9C1EBB84,0x33335A63,0xA4D41B48,0x7714CF90,0xE0F38EBB,0x5E8D3398,0xC96A72B3,0x1AAAA66B,0x8D4DE740,0x226006A7,0xB587478C,0x66479354,0xF1A0D27F,
  0x21747012,0xB6933139,0x6553E5E1,0xF2B4A4CA,0x5D99452D,0xCA7E0406,0x19BED0DE,0x8E5991F5,0x30272CD6,0xA7C06DFD,0x7400B925,0xE3E7F80E,0x4CCA19E9,0xDB2D58C2,0x08ED8C1A,0x9F0ACD31,
  0xC7C9E87F,0x502EA954,0x83EE7D8C,0x14093CA7,0xBB24DD40,0x2CC39C6B,0xFF0348B3,0x68E40998,0xD69AB4BB,0x417DF590,0x92BD2148,0x055A6063,0xAA778184,0x3D90C0AF,0xEE501477,0x79B7555C,
  0x71A250D2,0xE64511F9,0x3585C521,0xA262840A,0x0D4F65ED,0x9AA824C6,0x4968F01E,0xDE8FB135,0x60F10C16,0xF7164D3D,0x24D699E5,0xB331D8CE,0x1C1C3929,0x8BFB7802,0x583BACDA,0xCFDCEDF1,
  0x971FC8BF,0x00F88994,0xD3385D4C,0x44DF1C67,0xEBF2FD80,0x7C15BCAB,0xAFD56873,0x38322958,0x864C947B,0x11ABD550,0xC26B0188,0x558C40A3,0xFAA1A144,0x6D46E06F,0xBE8634B7,0x2961759C,
  0x00000000,0xAAD31662,0x1857CC36,0xB284DA54,0x091863BE,0xA3CB75DC,0x114FAF88,0xBB9CB9EA,0x2346851D,0x8995937F,0x3B11492B,0x91C25F49,0x2A5EE6A3,0x808DF0C1,0x32092A95,0x98DA3CF7,
  0xC2E9DD9A,0x683ACBF8,0xDABE11AC,0x706D07CE,0xCBF1BE24,0x6122A846,0xD3A67212,0x79756470,0xE1AF5887,0x4B7C4EE5,0xF9F894B1,0x532B82D3,0xE8B73B39,0x42642D5B,0xF0E0F70F,0x5A33E16D,
  0x61A69A0A,0xCB758C68,0x79F1563C,0xD322405E,0x68BEF9B4,0xC26DEFD6,0x70E93582,0xDA3A23E0,0x42E01F17,0xE8330975,0x5AB7D321,0xF064C543,0x4BF87CA9,0xE12B6ACB,0x53AFB09F,0xF97CA6FD,
  0xA34F4790,0x099C51F2,0xBB188BA6,0x11CB9DC4,0xAA57242E,0x0084324C,0xB200E818,0x18D3FE7A,0x8009C28D,0x2ADAD4EF,0x985E0EBB,0x328D18D9,0x8911A133,0x23C2B751,0x91466D05,0x3B957B67,
  0x99D49F7A,0x33078918,0x8183534C,0x2B50452E,0x90CCFCC4,0x3A1FEAA6,0x889B30F2,0x22482690,0xBA921A67,0x10410C05,0xA2C5D651,0x0816C033,0xB38A79D9,0x19596FBB,0xABDDB5EF,0x010EA38D,
  0x5B3D42E0,0xF1EE5482,0x436A8ED6,0xE9B998B4,0x5225215E,0xF8F6373C,0x4A72ED68,0xE0A1FB0A,0x787BC7FD,0xD2A8D19F,0x602C0BCB,0xCAFF1DA9,0x7163A443,0xDBB0B221,0x69346875,0xC3E77E17,
  0xF8720570,0x52A11312,0xE025C946,0x4AF6DF24,0xF16A66CE,0x5BB970AC,0xE93DAAF8,0x43EEBC9A,0xDB34806D,0x71E7960F,0xC3634C5B,0x69B05A39,0xD22CE3D3,0x78FFF5B1,0xCA7B2FE5,0x60A83987,
  0x3A9BD8EA,0x9048CE88,0x22CC14DC,0x881F02BE,0x3383BB54,0x9950AD36,0x2BD47762,0x81076100,0x19DD5DF7,0xB30E4B95,0x018A91C1,0xAB5987A3,0x10C53E49,0xBA16282B,0x0892F27F,0xA241E41D,
  0x583719DB,0xF2E40FB9,0x4060D5ED,0xEAB3C38F,0x512F7A65,0xFBFC6C07,0x4978B653,0xE3ABA031,0x7B719CC6,0xD1A28AA4,0x632650F0,0xC9F54692,0x7269FF78,0xD8BAE91A,0x6A3E334E,0xC0ED252C,
  0x9ADEC441,0x300DD223,0x82890877,0x285A1E15,0x93C6A7FF,0x3915B19D,0x8B916BC9,0x21427DAB,0xB998415C,0x134B573E,0xA1CF8D6A,0x0B1C9B08,0xB08022E2,0x1A533480,0xA8D7EED4,0x0204F8B6,
  0x399183D1,0x934295B3,0x21C64FE7,0x8B155985,0x3089E06F,0x9A5AF60D,0x28DE2C59,0x820D3A3B,0x1AD706CC,0xB00410AE,0x0280CAFA,0xA853DC98,0x13CF6572,0xB91C7310,0x0B98A944,0xA14BBF26,
  0xFB785E4B,0x51AB4829,0xE32F927D,0x49FC841F,0xF2603DF5,0x58B32B97,0xEA37F1C3,0x40E4E7A1,0xD83EDB56,0x72EDCD34,0xC0691760,0x6ABA0102,0xD126B8E8,0x7BF5AE8A,0xC97174DE,0x63A262BC,
  0xC1E386A1,0x6B3090C3,0xD9B44A97,0x73675CF5,0xC8FBE51F,0x6228F37D,0xD0AC2929,0x7A7F3F4B,0xE2A503BC,0x487615DE,0xFAF2CF8A,0x5021D9E8,0xEBBD6002,0x416E7660,0xF3EAAC34,0x5939BA56,
  0x030A5B3B,0xA9D94D59,0x1B5D970D,0xB18E816F,0x0A123885,0xA0C12EE7,0x1245F4B3,0xB896E2D1,0x204CDE26,0x8A9FC844,0x381B1210,0x92C80472,0x2954BD98,0x8387ABFA,0x310371AE,0x9BD067CC,
  0xA0451CAB,0x0A960AC9,0xB812D09D,0x12C1C6FF,0xA95D7F15,0x038E6977,0xB10AB323,0x1BD9A541,0x830399B6,0x29D08FD4,0x9B545580,0x318743E2,0x8A1BFA08,0x20C8EC6A,0x924C363E,0x389F205C,
  0x62ACC131,0xC87FD753,0x7AFB0D07,0xD0281B65,0x6BB4A28F,0xC167B4ED,0x73E36EB9,0xD93078DB,0x41EA442C,0xEB39524E,0x59BD881A,0xF36E9E78,0x48F22792,0xE22131F0,0x50A5EBA4,0xFA76FDC6,
  0x00000000,0x6BAC9626,0x4688C351,0x2D245577,0x212C6BDB,0x4A80FDFD,0x67A4A88A,0x0C083EAC,0xE1677BF1,0x8ACBEDD7,0xA7EFB8A0,0xCC432E86,0xC04B102A,0xABE7860C,0x86C3D37B,0xED6F455D,
  0x0C8819CC,0x67248FEA,0x4A00DA9D,0x21AC4CBB,0x2DA47217,0x4608E431,0x6B2CB146,0x00802760,0xEDEF623D,0x8643F41B,0xAB67A16C,0xC0CB374A,0xCCC309E6,0xA76F9FC0,0x8A4BCAB7,0xE1E75C91,
  0x944BAA43,0xFFE73C65,0xD2C36912,0xB96FFF34,0xB567C198,0xDECB57BE,0xF3EF02C9,0x984394EF,0x752CD1B2,0x1E804794,0x33A412E3,0x580884C5,0x5400BA69,0x3FAC2C4F,0x12887938,0x7924EF1E,
  0x98C3B38F,0xF36F25A9,0xDE4B70DE,0xB5E7E6F8,0xB9EFD854,0xD2434E72,0xFF671B05,0x94CB8D23,0x79A4C87E,0x12085E58,0x3F2C0B2F,0x54809D09,0x5888A3A5,0x33243583,0x1E0060F4,0x75ACF6D2,
  0xFCB69078,0x971A065E,0xBA3E5329,0xD192C50F,0xDD9AFBA3,0xB6366D85,0x9B1238F2,0xF0BEAED4,0x1DD1EB89,0x767D7DAF,0x5B5928D8,0x30F5BEFE,0x3CFD8052,0x57511674,0x7A754303,0x11D9D525,
  0xF03E89B4,0x9B921F92,0xB6B64AE5,0xDD1ADCC3,0xD112E26F,0xBABE7449,0x979A213E,0xFC36B718,0x1159F245,0x7AF56463,0x57D13114,0x3C7DA732,0x3075999E,0x5BD90FB8,0x76FD5ACF,0x1D51CCE9,
  0x68FD3A3B,0x0351AC1D,0x2E75F96A,0x45D96F4C,0x49D151E0,0x227DC7C6,0x0F5992B1,0x64F50497,0x899A41CA,0xE236D7EC,0xCF12829B,0xA4BE14BD,0xA8B62A11,0xC31ABC37,0xEE3EE940,0x85927F66,
  0x647523F7,0x0FD9B5D1,0x22FDE0A6,0x49517680,0x4559482C,0x2EF5DE0A,0x03D18B7D,0x687D1D5B,0x85125806,0xEEBECE20,0xC39A9B57,0xA8360D71,0xA43E33DD,0xCF92A5FB,0xE2B6F08C,0x891A66AA,
  0x9A310048,0xF19D966E,0xDCB9C319,0xB715553F,0xBB1D6B93,0xD0B1FDB5,0xFD95A8C2,0x96393EE4,0x7B567BB9,0x10FAED9F,0x3DDEB8E8,0x56722ECE,0x5A7A1062,0x31D68644,0x1CF2D333,0x775E4515,
  0x96B91984,0xFD158FA2,0xD031DAD5,0xBB9D4CF3,0xB795725F,0xDC39E479,0xF11DB10E,0x9AB12728,0x77DE6275,0x1C72F453,0x3156A124,0x5AFA3702,0x56F209AE,0x3D5E9F88,0x107ACAFF,0x7BD65CD9,
  0x0E7AAA0B,0x65D63C2D,0x48F2695A,0x235EFF7C,0x2F56C1D0,0x44FA57F6,0x69DE0281,0x027294A7,0xEF1DD1FA,0x84B147DC,0xA99512AB,0xC239848D,0xCE31BA21,0xA59D2C07,0x88B97970,0xE315EF56,
  0x02F2B3C7,0x695E25E1,0x447A7096,0x2FD6E6B0,0x23DED81C,0x48724E3A,0x65561B4D,0x0EFA8D6B,0xE395C836,0x88395E10,0xA51D0B67,0xCEB19D41,0xC2B9A3ED,0xA91535CB,0x843160BC,0xEF9DF69A,
  0x66879030,0x0D2B0616,0x200F5361,0x4BA3C547,0x47ABFBEB,0x2C076DCD,0x012338BA,0x6A8FAE9C,0x87E0EBC1,0xEC4C7DE7,0xC1682890,0xAAC4BEB6,0xA6CC801A,0xCD60163C,0xE044434B,0x8BE8D56D,
  0x6A0F89FC,0x01A31FDA,0x2C874AAD,0x472BDC8B,0x4B23E227,0x208F7401,0x0DAB2176,0x6607B750,0x8B68F20D,0xE0C4642B,0xCDE0315C,0xA64CA77A,0xAA4499D6,0xC1E80FF0,0xECCC5A87,0x8760CCA1,
  0xF2CC3A73,0x9960AC55,0xB444F922,0xDFE86F04,0xD3E051A8,0xB84CC78E,0x956892F9,0xFEC404DF,0x13AB4182,0x7807D7A4,0x552382D3,0x3E8F14F5,0x32872A59,0x592BBC7F,0x740FE908,0x1FA37F2E,
  0xFE4423BF,0x95E8B599,0xB8CCE0EE,0xD36076C8,0xDF684864,0xB4C4DE42,0x99E08B35,0xF24C1D13,0x1F23584E,0x748FCE68,0x59AB9B1F,0x32070D39,0x3E0F3395,0x55A3A5B3,0x7887F0C4,0x132B66E2,
  0x00000000,0xD654515F,0x290C48CF,0xFF581990,0x09D5A5C4,0xDF81F49B,0x20D9ED0B,0xF68DBC54,0x1DFB4960,0xCBAF183F,0x34F701AF,0xE2A350F0,0x142EECA4,0xC27ABDFB,0x3D22A46B,0xEB76F534,
  0x0E41214B,0xD8157014,0x274D6984,0xF11938DB,0x0794848F,0xD1C0D5D0,0x2E98CC40,0xF8CC9D1F,0x13BA682B,0xC5EE3974,0x3AB620E4,0xECE271BB,0x1A6FCDEF,0xCC3B9CB0,0x33638520,0xE537D47F,
  0xA7766DC2,0x71223C9D,0x8E7A250D,0x582E7452,0xAEA3C806,0x78F79959,0x87AF80C9,0x51FBD196,0xBA8D24A2,0x6CD975FD,0x93816C6D,0x45D53D32,0xB3588166,0x650CD039,0x9A54C9A9,0x4C0098F6,
  0xA9374C89,0x7F631DD6,0x803B0446,0x566F5519,0xA0E2E94D,0x76B6B812,0x89EEA182,0x5FBAF0DD,0xB4CC05E9,0x629854B6,0x9DC04D26,0x4B941C79,0xBD19A02D,0x6B4DF172,0x9415E8E2,0x4241B9BD,
  0x72DBD6B0,0xA48F87EF,0x5BD79E7F,0x8D83CF20,0x7B0E7374,0xAD5A222B,0x52023BBB,0x84566AE4,0x6F209FD0,0xB974CE8F,0x462CD71F,0x90788640,0x66F53A14,0xB0A16B4B,0x4FF972DB,0x99AD2384,
  0x7C9AF7FB,0xAACEA6A4,0x5596BF34,0x83C2EE6B,0x754F523F,0xA31B0360,0x5C431AF0,0x8A174BAF,0x6161BE9B,0xB735EFC4,0x486DF654,0x9E39A70B,0x68B41B5F,0xBEE04A00,0x41B85390,0x97EC02CF,
  0xD5ADBB72,0x03F9EA2D,0xFCA1F3BD,0x2AF5A2E2,0xDC781EB6,0x0A2C4FE9,0xF5745679,0x23200726,0xC856F212,0x1E02A34D,0xE15ABADD,0x370EEB82,0xC18357D6,0x17D70689,0xE88F1F19,0x3EDB4E46,
  0xDBEC9A39,0x0DB8CB66,0xF2E0D2F6,0x24B483A9,0xD2393FFD,0x046D6EA2,0xFB357732,0x2D61266D,0xC617D359,0x10438206,0xEF1B9B96,0x394FCAC9,0xCFC2769D,0x199627C2,0xE6CE3E52,0x309A6F0D,
  0x3D1DACEC,0xEB49FDB3,0x1411E423,0xC245B57C,0x34C80928,0xE29C5877,0x1DC441E7,0xCB9010B8,0x20E6E58C,0xF6B2B4D3,0x09EAAD43,0xDFBEFC1C,0x29334048,0xFF671117,0x003F0887,0xD66B59D8,
  0x335C8DA7,0xE508DCF8,0x1A50C568,0xCC049437,0x3A892863,0xECDD793C,0x138560AC,0xC5D131F3,0x2EA7C4C7,0xF8F39598,0x07AB8C08,0xD1FFDD57,0x27726103,0xF126305C,0x0E7E29CC,0xD82A7893,
  0x9A6BC12E,0x4C3F9071,0xB36789E1,0x6533D8BE,0x93BE64EA,0x45EA35B5,0xBAB22C25,0x6CE67D7A,0x8790884E,0x51C4D911,0xAE9CC081,0x78C891DE,0x8E452D8A,0x58117CD5,0xA7496545,0x711D341A,
  0x942AE065,0x427EB13A,0xBD26A8AA,0x6B72F9F5,0x9DFF45A1,0x4BAB14FE,0xB4F30D6E,0x62A75C31,0x89D1A905,0x5F85F85A,0xA0DDE1CA,0x7689B095,0x80040CC1,0x56505D9E,0xA908440E,0x7F5C1551,
  0x4FC67A5C,0x99922B03,0x66CA3293,0xB09E63CC,0x4613DF98,0x90478EC7,0x6F1F9757,0xB94BC608,0x523D333C,0x84696263,0x7B317BF3,0xAD652AAC,0x5BE896F8,0x8DBCC7A7,0x72E4DE37,0xA4B08F68,
  0x41875B17,0x97D30A48,0x688B13D8,0xBEDF4287,0x4852FED3,0x9E06AF8C,0x615EB61C,0xB70AE743,0x5C7C1277,0x8A284328,0x75705AB8,0xA3240BE7,0x55A9B7B3,0x83FDE6EC,0x7CA5FF7C,0xAAF1AE23,
  0xE8B0179E,0x3EE446C1,0xC1BC5F51,0x17E80E0E,0xE165B25A,0x3731E305,0xC869FA95,0x1E3DABCA,0xF54B5EFE,0x231F0FA1,0xDC471631,0x0A13476E,0xFC9EFB3A,0x2ACAAA65,0xD592B3F5,0x03C6E2AA,
  0xE6F136D5,0x30A5678A,0xCFFD7E1A,0x19A92F45,0xEF249311,0x3970C24E,0xC628DBDE,0x107C8A81,0xFB0A7FB5,0x2D5E2EEA,0xD206377A,0x04526625,0xF2DFDA71,0x248B8B2E,0xDBD392BE,0x0D87C3E1,
  0x00000000,0x71F31B0E,0x501FB247,0x21ECA949,0x489A73AD,0x396968A3,0x1885C1EA,0x6976DAE4,0xE78E4615,0x967D5D1B,0xB791F452,0xC662EF5C,0xAF1435B8,0xDEE72EB6,0xFF0B87FF,0x8EF89CF1,
  0xF1E47E6B,0x80176565,0xA1FBCC2C,0xD008D722,0xB97E0DC6,0xC88D16C8,0xE961BF81,0x9892A48F,0x166A387E,0x67992370,0x46758A39,0x37869137,0x5EF04BD3,0x2F0350DD,0x0EEFF994,0x7F1CE29A,
  0x8A9A7105,0xFB696A0B,0xDA85C342,0xAB76D84C,0xC20002A8,0xB3F319A6,0x921FB0EF,0xE3ECABE1,0x6D143710,0x1CE72C1E,0x3D0B8557,0x4CF89E59,0x258E44BD,0x547D5FB3,0x7591F6FA,0x0462EDF4,
  0x7B7E0F6E,0x0A8D1460,0x2B61BD29,0x5A92A627,0x33E47CC3,0x421767CD,0x63FBCE84,0x1208D58A,0x9CF0497B,0xED035275,0xCCEFFB3C,0xBD1CE032,0xD46A3AD6,0xA59921D8,0x84758891,0xF586939F,
  0x57B62CF2,0x264537FC,0x07A99EB5,0x765A85BB,0x1F2C5F5F,0x6EDF4451,0x4F33ED18,0x3EC0F616,0xB0386AE7,0xC1CB71E9,0xE027D8A0,0x91D4C3AE,0xF8A2194A,0x89510244,0xA8BDAB0D,0xD94EB003,
  0xA6525299,0xD7A14997,0xF64DE0DE,0x87BEFBD0,0xEEC82134,0x9F3B3A3A,0xBED79373,0xCF24887D,0x41DC148C,0x302F0F82,0x11C3A6CB,0x6030BDC5,0x09466721,0x78B57C2F,0x5959D566,0x28AACE68,
  0xDD2C5DF7,0xACDF46F9,0x8D33EFB0,0xFCC0F4BE,0x95B62E5A,0xE4453554,0xC5A99C1D,0xB45A8713,0x3AA21BE2,0x4B5100EC,0x6ABDA9A5,0x1B4EB2AB,0x7238684F,0x03CB7341,0x2227DA08,0x53D4C106,
  0x2CC8239C,0x5D3B3892,0x7CD791DB,0x0D248AD5,0x64525031,0x15A14B3F,0x344DE276,0x45BEF978,0xCB466589,0xBAB57E87,0x9B59D7CE,0xEAAACCC0,0x83DC1624,0xF22F0D2A,0xD3C3A463,0xA230BF6D,
  0xBB081C78,0xCAFB0776,0xEB17AE3F,0x9AE4B531,0xF3926FD5,0x826174DB,0xA38DDD92,0xD27EC69C,0x5C865A6D,0x2D754163,0x0C99E82A,0x7D6AF324,0x141C29C0,0x65EF32CE,0x44039B87,0x35F08089,
  0x4AEC6213,0x3B1F791D,0x1AF3D054,0x6B00CB5A,0x027611BE,0x73850AB0,0x5269A3F9,0x239AB8F7,0xAD622406,0xDC913F08,0xFD7D9641,0x8C8E8D4F,0xE5F857AB,0x940B4CA5,0xB5E7E5EC,0xC414FEE2,
  0x31926D7D,0x40617673,0x618DDF3A,0x107EC434,0x79081ED0,0x08FB05DE,0x2917AC97,0x58E4B799,0xD61C2B68,0xA7EF3066,0x8603992F,0xF7F08221,0x9E8658C5,0xEF7543CB,0xCE99EA82,0xBF6AF18C,
  0xC0761316,0xB1850818,0x9069A151,0xE19ABA5F,0x88EC60BB,0xF91F7BB5,0xD8F3D2FC,0xA900C9F2,0x27F85503,0x560B4E0D,0x77E7E744,0x0614FC4A,0x6F6226AE,0x1E913DA0,0x3F7D94E9,0x4E8E8FE7,
  0xECBE308A,0x9D4D2B84,0xBCA182CD,0xCD5299C3,0xA4244327,0xD5D75829,0xF43BF160,0x85C8EA6E,0x0B30769F,0x7AC36D91,0x5B2FC4D8,0x2ADCDFD6,0x43AA0532,0x32591E3C,0x13B5B775,0x6246AC7B,
  0x1D5A4EE1,0x6CA955EF,0x4D45FCA6,0x3CB6E7A8,0x55C03D4C,0x24332642,0x05DF8F0B,0x742C9405,0xFAD408F4,0x8B2713FA,0xAACBBAB3,0xDB38A1BD,0xB24E7B59,0xC3BD6057,0xE251C91E,0x93A2D210,
  0x6624418F,0x17D75A81,0x363BF3C8,0x47C8E8C6,0x2EBE3222,0x5F4D292C,0x7EA18065,0x0F529B6B,0x81AA079A,0xF0591C94,0xD1B5B5DD,0xA046AED3,0xC9307437,0xB8C36F39,0x992FC670,0xE8DCDD7E,
  0x97C03FE4,0xE63324EA,0xC7DF8DA3,0xB62C96AD,0xDF5A4C49,0xAEA95747,0x8F45FE0E,0xFEB6E500,0x704E79F1,0x01BD62FF,0x2051CBB6,0x51A2D0B8,0x38D40A5C,0x49271152,0x68CBB81B,0x1938A315,
  0x00000000,0x38FBFBD1,0x23FD0C9F,0x1B06F74E,0xA23781AC,0x9ACC7A7D,0x81CA8D33,0xB93176E2,0x1D80E692,0x257B1D43,0x3E7DEA0D,0x068611DC,0xBFB7673E,0x874C9CEF,0x9C4A6BA1,0xA4B19070,
  0xAC6723F0,0x949CD821,0x8F9A2F6F,0xB761D4BE,0x0E50A25C,0x36AB598D,0x2DADAEC3,0x15565512,0xB1E7C562,0x891C3EB3,0x921AC9FD,0xAAE1322C,0x13D044CE,0x2B2BBF1F,0x302D4851,0x08D6B380,
  0x05B4820C,0x3D4F79DD,0x26498E93,0x1EB27542,0xA78303A0,0x9F78F871,0x847E0F3F,0xBC85F4EE,0x1834649E,0x20CF9F4F,0x3BC96801,0x033293D0,0xBA03E532,0x82F81EE3,0x99FEE9AD,0xA105127C,
  0xA9D3A1FC,0x91285A2D,0x8A2EAD63,0xB2D556B2,0x0BE42050,0x331FDB81,0x28192CCF,0x10E2D71E,0xB453476E,0x8CA8BCBF,0x97AE4BF1,0xAF55B020,0x1664C6C2,0x2E9F3D13,0x3599CA5D,0x0D62318C,
  0xF46C38FC,0xCC97C32D,0xD7913463,0xEF6ACFB2,0x565BB950,0x6EA04281,0x75A6B5CF,0x4D5D4E1E,0xE9ECDE6E,0xD11725BF,0xCA11D2F1,0xF2EA2920,0x4BDB5FC2,0x7320A413,0x6826535D,0x50DDA88C,
  0x580B1B0C,0x60F0E0DD,0x7BF61793,0x430DEC42,0xFA3C9AA0,0xC2C76171,0xD9C1963F,0xE13A6DEE,0x458BFD9E,0x7D70064F,0x6676F101,0x5E8D0AD0,0xE7BC7C32,0xDF4787E3,0xC44170AD,0xFCBA8B7C,
  0xF1D8BAF0,0xC9234121,0xD225B66F,0xEADE4DBE,0x53EF3B5C,0x6B14C08D,0x701237C3,0x48E9CC12,0xEC585C62,0xD4A3A7B3,0xCFA550FD,0xF75EAB2C,0x4E6FDDCE,0x7694261F,0x6D92D151,0x55692A80,
  0x5DBF9900,0x654462D1,0x7E42959F,0x46B96E4E,0xFF8818AC,0xC773E37D,0xDC751433,0xE48EEFE2,0x403F7F92,0x78C48443,0x63C2730D,0x5B3988DC,0xE208FE3E,0xDAF305EF,0xC1F5F2A1,0xF90E0970,
  0xE41DBDB6,0xDCE64667,0xC7E0B129,0xFF1B4AF8,0x462A3C1A,0x7ED1C7CB,0x65D73085,0x5D2CCB54,0xF99D5B24,0xC166A0F5,0xDA6057BB,0xE29BAC6A,0x5BAADA88,0x63512159,0x7857D617,0x40AC2DC6,
  0x487A9E46,0x70816597,0x6B8792D9,0x537C6908,0xEA4D1FEA,0xD2B6E43B,0xC9B01375,0xF14BE8A4,0x55FA78D4,0x6D018305,0x7607744B,0x4EFC8F9A,0xF7CDF978,0xCF3602A9,0xD430F5E7,0xECCB0E36,
  0xE1A93FBA,0xD952C46B,0xC2543325,0xFAAFC8F4,0x439EBE16,0x7B6545C7,0x6063B289,0x58984958,0xFC29D928,0xC4D222F9,0xDFD4D5B7,0xE72F2E66,0x5E1E5884,0x66E5A355,0x7DE3541B,0x4518AFCA,
  0x4DCE1C4A,0x7535E79B,0x6E3310D5,0x56C8EB04,0xEFF99DE6,0xD7026637,0xCC049179,0xF4FF6AA8,0x504EFAD8,0x68B50109,0x73B3F647,0x4B480D96,0xF2797B74,0xCA8280A5,0xD18477EB,0xE97F8C3A,
  0x1071854A,0x288A7E9B,0x338C89D5,0x0B777204,0xB24604E6,0x8ABDFF37,0x91BB0879,0xA940F3A8,0x0DF163D8,0x350A9809,0x2E0C6F47,0x16F79496,0xAFC6E274,0x973D19A5,0x8C3BEEEB,0xB4C0153A,
  0xBC16A6BA,0x84ED5D6B,0x9FEBAA25,0xA71051F4,0x1E212716,0x26DADCC7,0x3DDC2B89,0x0527D058,0xA1964028,0x996DBBF9,0x826B4CB7,0xBA90B766,0x03A1C184,0x3B5A3A55,0x205CCD1B,0x18A736CA,
  0x15C50746,0x2D3EFC97,0x36380BD9,0x0EC3F008,0xB7F286EA,0x8F097D3B,0x940F8A75,0xACF471A4,0x0845E1D4,0x30BE1A05,0x2BB8ED4B,0x1343169A,0xAA726078,0x92899BA9,0x898F6CE7,0xB1749736,
  0xB9A224B6,0x8159DF67,0x9A5F2829,0xA2A4D3F8,0x1B95A51A,0x236E5ECB,0x3868A985,0x00935254,0xA422C224,0x9CD939F5,0x87DFCEBB,0xBF24356A,0x06154388,0x3EEEB859,0x25E84F17,0x1D13B4C6,
  0x00000000,0x3298B96C,0xD42391EA,0xE6BB2886,0xA7AE6CF0,0x9536D59C,0x738DFD1A,0x41154476,0xA0D13790,0x92498EFC,0x74F2A67A,0x466A1F16,0x077F5B60,0x35E7E20C,0xD35CCA8A,0xE1C473E6,
  0x60AE286D,0x52369101,0xB48DB987,0x861500EB,0xC700449D,0xF598FDF1,0x1323D577,0x21BB6C1B,0xC07F1FFD,0xF2E7A691,0x145C8E17,0x26C4377B,0x67D1730D,0x5549CA61,0xB3F2E2E7,0x816A5B8B,
  0xBA3E7FF9,0x88A6C695,0x6E1DEE13,0x5C85577F,0x1D901309,0x2F08AA65,0xC9B382E3,0xFB2B3B8F,0x1AEF4869,0x2877F105,0xCECCD983,0xFC5460EF,0xBD412499,0x8FD99DF5,0x6962B573,0x5BFA0C1F,
  0xDA905794,0xE808EEF8,0x0EB3C67E,0x3C2B7F12,0x7D3E3B64,0x4FA68208,0xA91DAA8E,0x9B8513E2,0x7A416004,0x48D9D968,0xAE62F1EE,0x9CFA4882,0xDDEF0CF4,0xEF77B598,0x09CC9D1E,0x3B542472,
  0x8A8CBB7F,0xB8140213,0x5EAF2A95,0x6C3793F9,0x2D22D78F,0x1FBA6EE3,0xF9014665,0xCB99FF09,0x2A5D8CEF,0x18C53583,0xFE7E1D05,0xCCE6A469,0x8DF3E01F,0xBF6B5973,0x59D071F5,0x6B48C899,
  0xEA229312,0xD8BA2A7E,0x3E0102F8,0x0C99BB94,0x4D8CFFE2,0x7F14468E,0x99AF6E08,0xAB37D764,0x4AF3A482,0x786B1DEE,0x9ED03568,0xAC488C04,0xED5DC872,0xDFC5711E,0x397E5998,0x0BE6E0F4,
  0x30B2C486,0x022A7DEA,0xE491556C,0xD609EC00,0x971CA876,0xA584111A,0x433F399C,0x71A780F0,0x9063F316,0xA2FB4A7A,0x444062FC,0x76D8DB90,0x37CD9FE6,0x0555268A,0xE3EE0E0C,0xD176B760,
  0x501CECEB,0x62845587,0x843F7D01,0xB6A7C46D,0xF7B2801B,0xC52A3977,0x239111F1,0x1109A89D,0xF0CDDB7B,0xC2556217,0x24EE4A91,0x1676F3FD,0x5763B78B,0x65FB0EE7,0x83402661,0xB1D89F0D,
  0xE4689DB3,0xD6F024DF,0x304B0C59,0x02D3B535,0x43C6F143,0x715E482F,0x97E560A9,0xA57DD9C5,0x44B9AA23,0x7621134F,0x909A3BC9,0xA20282A5,0xE317C6D3,0xD18F7FBF,0x37345739,0x05ACEE55,
  0x84C6B5DE,0xB65E0CB2,0x50E52434,0x627D9D58,0x2368D92E,0x11F06042,0xF74B48C4,0xC5D3F1A8,0x2417824E,0x168F3B22,0xF03413A4,0xC2ACAAC8,0x83B9EEBE,0xB12157D2,0x579A7F54,0x6502C638,
  0x5E56E24A,0x6CCE5B26,0x8A7573A0,0xB8EDCACC,0xF9F88EBA,0xCB6037D6,0x2DDB1F50,0x1F43A63C,0xFE87D5DA,0xCC1F6CB6,0x2AA44430,0x183CFD5C,0x5929B92A,0x6BB10046,0x8D0A28C0,0xBF9291AC,
  0x3EF8CA27,0x0C60734B,0xEADB5BCD,0xD843E2A1,0x9956A6D7,0xABCE1FBB,0x4D75373D,0x7FED8E51,0x9E29FDB7,0xACB144DB,0x4A0A6C5D,0x7892D531,0x39879147,0x0B1F282B,0xEDA400AD,0xDF3CB9C1,
  0x6EE426CC,0x5C7C9FA0,0xBAC7B726,0x885F0E4A,0xC94A4A3C,0xFBD2F350,0x1D69DBD6,0x2FF162BA,0xCE35115C,0xFCADA830,0x1A1680B6,0x288E39DA,0x699B7DAC,0x5B03C4C0,0xBDB8EC46,0x8F20552A,
  0x0E4A0EA1,0x3CD2B7CD,0xDA699F4B,0xE8F12627,0xA9E46251,0x9B7CDB3D,0x7DC7F3BB,0x4F5F4AD7,0xAE9B3931,0x9C03805D,0x7AB8A8DB,0x482011B7,0x093555C1,0x3BADECAD,0xDD16C42B,0xEF8E7D47,
  0xD4DA5935,0xE642E059,0x00F9C8DF,0x326171B3,0x737435C5,0x41EC8CA9,0xA757A42F,0x95CF1D43,0x740B6EA5,0x4693D7C9,0xA028FF4F,0x92B04623,0xD3A50255,0xE13DBB39,0x078693BF,0x351E2AD3,
  0xB4747158,0x86ECC834,0x6057E0B2,0x52CF59DE,0x13DA1DA8,0x2142A4C4,0xC7F98C42,0xF561352E,0x14A546C8,0x263DFFA4,0xC086D722,0xF21E6E4E,0xB30B2A38,0x81939354,0x6728BBD2,0x55B002BE,
  0x00000000,0x8E7EE481,0x8711C961,0x096F2DE0,0x7116729F,0xFF68961E,0xF607BBFE,0x78795F7F,0x14017B1F,0x9A7F9F9E,0x9310B27E,0x1D6E56FF,0x65170980,0xEB69ED01,0xE206C0E1,0x6C782460,
  0xDA3FB929,0x54415DA8,0x5D2E7048,0xD35094C9,0xAB29CBB6,0x25572F37,0x2C3802D7,0xA246E656,0xCE3EC236,0x404026B7,0x492F0B57,0xC751EFD6,0xBF28B0A9,0x31565428,0x383979C8,0xB6479D49,
  0xC3D8A94A,0x4DA64DCB,0x44C9602B,0xCAB784AA,0xB2CEDBD5,0x3CB03F54,0x35DF12B4,0xBBA1F635,0xD7D9D255,0x59A736D4,0x50C81B34,0xDEB6FFB5,0xA6CFA0CA,0x28B1444B,0x21DE69AB,0xAFA08D2A,
  0x19E71063,0x9799F4E2,0x9EF6D902,0x10883D83,0x68F162FC,0xE68F867D,0xEFE0AB9D,0x619E4F1C,0x0DE66B7C,0x83988FFD,0x8AF7A21D,0x0489469C,0x7CF019E3,0xF28EFD62,0xFBE1D082,0x759F3403,
  0xD6FFBE19,0x58815A98,0x51EE7778,0xDF9093F9,0xA7E9CC86,0x29972807,0x20F805E7,0xAE86E166,0xC2FEC506,0x4C802187,0x45EF0C67,0xCB91E8E6,0xB3E8B799,0x3D965318,0x34F97EF8,0xBA879A79,
  0x0CC00730,0x82BEE3B1,0x8BD1CE51,0x05AF2AD0,0x7DD675AF,0xF3A8912E,0xFAC7BCCE,0x74B9584F,0x18C17C2F,0x96BF98AE,0x9FD0B54E,0x11AE51CF,0x69D70EB0,0xE7A9EA31,0xEEC6C7D1,0x60B82350,
  0x15271753,0x9B59F3D2,0x9236DE32,0x1C483AB3,0x643165CC,0xEA4F814D,0xE320ACAD,0x6D5E482C,0x01266C4C,0x8F5888CD,0x8637A52D,0x084941AC,0x70301ED3,0xFE4EFA52,0xF721D7B2,0x795F3333,
  0xCF18AE7A,0x41664AFB,0x4809671B,0xC677839A,0xBE0EDCE5,0x30703864,0x391F1584,0xB761F105,0xDB19D565,0x556731E4,0x5C081C04,0xD276F885,0xAA0FA7FA,0x2471437B,0x2D1E6E9B,0xA3608A1A,
  0x89F36A52,0x078D8ED3,0x0EE2A333,0x809C47B2,0xF8E518CD,0x769BFC4C,0x7FF4D1AC,0xF18A352D,0x9DF2114D,0x138CF5CC,0x1AE3D82C,0x949D3CAD,0xECE463D2,0x629A8753,0x6BF5AAB3,0xE58B4E32,
  0x53CCD37B,0xDDB237FA,0xD4DD1A1A,0x5AA3FE9B,0x22DAA1E4,0xACA44565,0xA5CB6885,0x2BB58C04,0x47CDA864,0xC9B34CE5,0xC0DC6105,0x4EA28584,0x36DBDAFB,0xB8A53E7A,0xB1CA139A,0x3FB4F71B,
  0x4A2BC318,0xC4552799,0xCD3A0A79,0x4344EEF8,0x3B3DB187,0xB5435506,0xBC2C78E6,0x32529C67,0x5E2AB807,0xD0545C86,0xD93B7166,0x574595E7,0x2F3CCA98,0xA1422E19,0xA82D03F9,0x2653E778,
  0x90147A31,0x1E6A9EB0,0x1705B350,0x997B57D1,0xE10208AE,0x6F7CEC2F,0x6613C1CF,0xE86D254E,0x8415012E,0x0A6BE5AF,0x0304C84F,0x8D7A2CCE,0xF50373B1,0x7B7D9730,0x7212BAD0,0xFC6C5E51,
  0x5F0CD44B,0xD17230CA,0xD81D1D2A,0x5663F9AB,0x2E1AA6D4,0xA0644255,0xA90B6FB5,0x27758B34,0x4B0DAF54,0xC5734BD5,0xCC1C6635,0x426282B4,0x3A1BDDCB,0xB465394A,0xBD0A14AA,0x3374F02B,
  0x85336D62,0x0B4D89E3,0x0222A403,0x8C5C4082,0xF4251FFD,0x7A5BFB7C,0x7334D69C,0xFD4A321D,0x9132167D,0x1F4CF2FC,0x1623DF1C,0x985D3B9D,0xE02464E2,0x6E5A8063,0x6735AD83,0xE94B4902,
  0x9CD47D01,0x12AA9980,0x1BC5B460,0x95BB50E1,0xEDC20F9E,0x63BCEB1F,0x6AD3C6FF,0xE4AD227E,0x88D5061E,0x06ABE29F,0x0FC4CF7F,0x81BA2BFE,0xF9C37481,0x77BD9000,0x7ED2BDE0,0xF0AC5961,
  0x46EBC428,0xC89520A9,0xC1FA0D49,0x4F84E9C8,0x37FDB6B7,0xB9835236,0xB0EC7FD6,0x3E929B57,0x52EABF37,0xDC945BB6,0xD5FB7656,0x5B8592D7,0x23FCCDA8,0xAD822929,0xA4ED04C9,0x2A93E048,
  0x00000000,0x09D3516B,0xE5225DC6,0xECF10CAD,0x09A16148,0x00723023,0xEC833C8E,0xE5506DE5,0xBD5485C2,0xB487D4A9,0x5876D804,0x51A5896F,0xB4F5E48A,0xBD26B5E1,0x51D7B94C,0x5804E827,
  0x37ACEFEA,0x3E7FBE81,0xD28EB22C,0xDB5DE347,0x3E0D8EA2,0x37DEDFC9,0xDB2FD364,0xD2FC820F,0x8AF86A28,0x832B3B43,0x6FDA37EE,0x66096685,0x83590B60,0x8A8A5A0B,0x667B56A6,0x6FA807CD,
  0x0765A5FB,0x0EB6F490,0xE247F83D,0xEB94A956,0x0EC4C4B3,0x071795D8,0xEBE69975,0xE235C81E,0xBA312039,0xB3E27152,0x5F137DFF,0x56C02C94,0xB3904171,0xBA43101A,0x56B21CB7,0x5F614DDC,
  0x30C94A11,0x391A1B7A,0xD5EB17D7,0xDC3846BC,0x39682B59,0x30BB7A32,0xDC4A769F,0xD59927F4,0x8D9DCFD3,0x844E9EB8,0x68BF9215,0x616CC37E,0x843CAE9B,0x8DEFFFF0,0x611EF35D,0x68CDA236,
  0x01AED038,0x087D8153,0xE48C8DFE,0xED5FDC95,0x080FB170,0x01DCE01B,0xED2DECB6,0xE4FEBDDD,0xBCFA55FA,0xB5290491,0x59D8083C,0x500B5957,0xB55B34B2,0xBC8865D9,0x50796974,0x59AA381F,
  0x36023FD2,0x3FD16EB9,0xD3206214,0xDAF3337F,0x3FA35E9A,0x36700FF1,0xDA81035C,0xD3525237,0x8B56BA10,0x8285EB7B,0x6E74E7D6,0x67A7B6BD,0x82F7DB58,0x8B248A33,0x67D5869E,0x6E06D7F5,
  0x06CB75C3,0x0F1824A8,0xE3E92805,0xEA3A796E,0x0F6A148B,0x06B945E0,0xEA48494D,0xE39B1826,0xBB9FF001,0xB24CA16A,0x5EBDADC7,0x576EFCAC,0xB23E9149,0xBBEDC022,0x571CCC8F,0x5ECF9DE4,
  0x31679A29,0x38B4CB42,0xD445C7EF,0xDD969684,0x38C6FB61,0x3115AA0A,0xDDE4A6A7,0xD437F7CC,0x8C331FEB,0x85E04E80,0x6911422D,0x60C21346,0x85927EA3,0x8C412FC8,0x60B02365,0x6963720E,
  0xEDA4CE74,0xE4779F1F,0x088693B2,0x0155C2D9,0xE405AF3C,0xEDD6FE57,0x0127F2FA,0x08F4A391,0x50F04BB6,0x59231ADD,0xB5D21670,0xBC01471B,0x59512AFE,0x50827B95,0xBC737738,0xB5A02653,
  0xDA08219E,0xD3DB70F5,0x3F2A7C58,0x36F92D33,0xD3A940D6,0xDA7A11BD,0x368B1D10,0x3F584C7B,0x675CA45C,0x6E8FF537,0x827EF99A,0x8BADA8F1,0x6EFDC514,0x672E947F,0x8BDF98D2,0x820CC9B9,
  0xEAC16B8F,0xE3123AE4,0x0FE33649,0x06306722,0xE3600AC7,0xEAB35BAC,0x06425701,0x0F91066A,0x5795EE4D,0x5E46BF26,0xB2B7B38B,0xBB64E2E0,0x5E348F05,0x57E7DE6E,0xBB16D2C3,0xB2C583A8,
  0xDD6D8465,0xD4BED50E,0x384FD9A3,0x319C88C8,0xD4CCE52D,0xDD1FB446,0x31EEB8EB,0x383DE980,0x603901A7,0x69EA50CC,0x851B5C61,0x8CC80D0A,0x699860EF,0x604B3184,0x8CBA3D29,0x85696C42,
  0xEC0A1E4C,0xE5D94F27,0x0928438A,0x00FB12E1,0xE5AB7F04,0xEC782E6F,0x008922C2,0x095A73A9,0x515E9B8E,0x588DCAE5,0xB47CC648,0xBDAF9723,0x58FFFAC6,0x512CABAD,0xBDDDA700,0xB40EF66B,
  0xDBA6F1A6,0xD275A0CD,0x3E84AC60,0x3757FD0B,0xD20790EE,0xDBD4C185,0x3725CD28,0x3EF69C43,0x66F27464,0x6F21250F,0x83D029A2,0x8A0378C9,0x6F53152C,0x66804447,0x8A7148EA,0x83A21981,
  0xEB6FBBB7,0xE2BCEADC,0x0E4DE671,0x079EB71A,0xE2CEDAFF,0xEB1D8B94,0x07EC8739,0x0E3FD652,0x563B3E75,0x5FE86F1E,0xB31963B3,0xBACA32D8,0x5F9A5F3D,0x56490E56,0xBAB802FB,0xB36B5390,
  0xDCC3545D,0xD5100536,0x39E1099B,0x303258F0,0xD5623515,0xDCB1647E,0x304068D3,0x399339B8,0x6197D19F,0x684480F4,0x84B58C59,0x8D66DD32,0x6836B0D7,0x61E5E1BC,0x8D14ED11,0x84C7BC7A,
  0x00000000,0x238C92CF,0x5B985D46,0x7814CF89,0x48C459CA,0x6B48CB05,0x135C048C,0x30D09643,0x45E84365,0x6664D1AA,0x1E701E23,0x3DFC8CEC,0x0D2C1AAF,0x2EA08860,0x56B447E9,0x7538D526,
  0x7031E80A,0x53BD7AC5,0x2BA9B54C,0x08252783,0x38F5B1C0,0x1B79230F,0x636DEC86,0x40E17E49,0x35D9AB6F,0x165539A0,0x6E41F629,0x4DCD64E6,0x7D1DF2A5,0x5E91606A,0x2685AFE3,0x05093D2C,
  0xB61C6001,0x9590F2CE,0xED843D47,0xCE08AF88,0xFED839CB,0xDD54AB04,0xA540648D,0x86CCF642,0xF3F42364,0xD078B1AB,0xA86C7E22,0x8BE0ECED,0xBB307AAE,0x98BCE861,0xE0A827E8,0xC324B527,
  0xC62D880B,0xE5A11AC4,0x9DB5D54D,0xBE394782,0x8EE9D1C1,0xAD65430E,0xD5718C87,0xF6FD1E48,0x83C5CB6E,0xA04959A1,0xD85D9628,0xFBD104E7,0xCB0192A4,0xE88D006B,0x9099CFE2,0xB3155D2D,
  0x32E70522,0x116B97ED,0x697F5864,0x4AF3CAAB,0x7A235CE8,0x59AFCE27,0x21BB01AE,0x02379361,0x770F4647,0x5483D488,0x2C971B01,0x0F1B89CE,0x3FCB1F8D,0x1C478D42,0x645342CB,0x47DFD004,
  0x42D6ED28,0x615A7FE7,0x194EB06E,0x3AC222A1,0x0A12B4E2,0x299E262D,0x518AE9A4,0x72067B6B,0x073EAE4D,0x24B23C82,0x5CA6F30B,0x7F2A61C4,0x4FFAF787,0x6C766548,0x1462AAC1,0x37EE380E,
  0x84FB6523,0xA777F7EC,0xDF633865,0xFCEFAAAA,0xCC3F3CE9,0xEFB3AE26,0x97A761AF,0xB42BF360,0xC1132646,0xE29FB489,0x9A8B7B00,0xB907E9CF,0x89D77F8C,0xAA5BED43,0xD24F22CA,0xF1C3B005,
  0xF4CA8D29,0xD7461FE6,0xAF52D06F,0x8CDE42A0,0xBC0ED4E3,0x9F82462C,0xE79689A5,0xC41A1B6A,0xB122CE4C,0x92AE5C83,0xEABA930A,0xC93601C5,0xF9E69786,0xDA6A0549,0xA27ECAC0,0x81F2580F,
  0x0CB9857C,0x2F3517B3,0x5721D83A,0x74AD4AF5,0x447DDCB6,0x67F14E79,0x1FE581F0,0x3C69133F,0x4951C619,0x6ADD54D6,0x12C99B5F,0x31450990,0x01959FD3,0x22190D1C,0x5A0DC295,0x7981505A,
  0x7C886D76,0x5F04FFB9,0x27103030,0x049CA2FF,0x344C34BC,0x17C0A673,0x6FD469FA,0x4C58FB35,0x39602E13,0x1AECBCDC,0x62F87355,0x4174E19A,0x71A477D9,0x5228E516,0x2A3C2A9F,0x09B0B850,
  0xBAA5E57D,0x992977B2,0xE13DB83B,0xC2B12AF4,0xF261BCB7,0xD1ED2E78,0xA9F9E1F1,0x8A75733E,0xFF4DA618,0xDCC134D7,0xA4D5FB5E,0x87596991,0xB789FFD2,0x94056D1D,0xEC11A294,0xCF9D305B,
  0xCA940D77,0xE9189FB8,0x910C5031,0xB280C2FE,0x825054BD,0xA1DCC672,0xD9C809FB,0xFA449B34,0x8F7C4E12,0xACF0DCDD,0xD4E41354,0xF768819B,0xC7B817D8,0xE4348517,0x9C204A9E,0xBFACD851,
  0x3E5E805E,0x1DD21291,0x65C6DD18,0x464A4FD7,0x769AD994,0x55164B5B,0x2D0284D2,0x0E8E161D,0x7BB6C33B,0x583A51F4,0x202E9E7D,0x03A20CB2,0x33729AF1,0x10FE083E,0x68EAC7B7,0x4B665578,
  0x4E6F6854,0x6DE3FA9B,0x15F73512,0x367BA7DD,0x06AB319E,0x2527A351,0x5D336CD8,0x7EBFFE17,0x0B872B31,0x280BB9FE,0x501F7677,0x7393E4B8,0x434372FB,0x60CFE034,0x18DB2FBD,0x3B57BD72,
  0x8842E05F,0xABCE7290,0xD3DABD19,0xF0562FD6,0xC086B995,0xE30A2B5A,0x9B1EE4D3,0xB892761C,0xCDAAA33A,0xEE2631F5,0x9632FE7C,0xB5BE6CB3,0x856EFAF0,0xA6E2683F,0xDEF6A7B6,0xFD7A3579,
  0xF8730855,0xDBFF9A9A,0xA3EB5513,0x8067C7DC,0xB0B7519F,0x933BC350,0xEB2F0CD9,0xC8A39E16,0xBD9B4B30,0x9E17D9FF,0xE6031676,0xC58F84B9,0xF55F12FA,0xD6D38035,0xAEC74FBC,0x8D4BDD73,
  0x00000000,0x2D011E46,0x68F77FCB,0x45F6618D,0xE196B0E4,0xCC97AEA2,0x8961CF2F,0xA460D169,0xCF88AE41,0xE289B007,0xA77FD18A,0x8A7ECFCC,0x2E1E1EA5,0x031F00E3,0x46E9616E,0x6BE87F28,
  0x3560127B,0x18610C3D,0x5D976DB0,0x709673F6,0xD4F6A29F,0xF9F7BCD9,0xBC01DD54,0x9100C312,0xFAE8BC3A,0xD7E9A27C,0x921FC3F1,0xBF1EDDB7,0x1B7E0CDE,0x367F1298,0x73897315,0x5E886D53,
  0xB9E26C76,0x94E37230,0xD11513BD,0xFC140DFB,0x5874DC92,0x7575C2D4,0x3083A359,0x1D82BD1F,0x766AC237,0x5B6BDC71,0x1E9DBDFC,0x339CA3BA,0x97FC72D3,0xBAFD6C95,0xFF0B0D18,0xD20A135E,
  0x8C827E0D,0xA183604B,0xE47501C6,0xC9741F80,0x6D14CEE9,0x4015D0AF,0x05E3B122,0x28E2AF64,0x430AD04C,0x6E0BCE0A,0x2BFDAF87,0x06FCB1C1,0xA29C60A8,0x8F9D7EEE,0xCA6B1F63,0xE76A0125,
  0xF2F7A1CB,0xDFF6BF8D,0x9A00DE00,0xB701C046,0x1361112F,0x3E600F69,0x7B966EE4,0x569770A2,0x3D7F0F8A,0x107E11CC,0x55887041,0x78896E07,0xDCE9BF6E,0xF1E8A128,0xB41EC0A5,0x991FDEE3,
  0xC797B3B0,0xEA96ADF6,0xAF60CC7B,0x8261D23D,0x26010354,0x0B001D12,0x4EF67C9F,0x63F762D9,0x081F1DF1,0x251E03B7,0x60E8623A,0x4DE97C7C,0xE989AD15,0xC488B353,0x817ED2DE,0xAC7FCC98,
  0x4B15CDBD,0x6614D3FB,0x23E2B276,0x0EE3AC30,0xAA837D59,0x8782631F,0xC2740292,0xEF751CD4,0x849D63FC,0xA99C7DBA,0xEC6A1C37,0xC16B0271,0x650BD318,0x480ACD5E,0x0DFCACD3,0x20FDB295,
  0x7E75DFC6,0x5374C180,0x1682A00D,0x3B83BE4B,0x9FE36F22,0xB2E27164,0xF71410E9,0xDA150EAF,0xB1FD7187,0x9CFC6FC1,0xD90A0E4C,0xF40B100A,0x506BC163,0x7D6ADF25,0x389CBEA8,0x159DA0EE,
  0x8595792B,0xA894676D,0xED6206E0,0xC06318A6,0x6403C9CF,0x4902D789,0x0CF4B604,0x21F5A842,0x4A1DD76A,0x671CC92C,0x22EAA8A1,0x0FEBB6E7,0xAB8B678E,0x868A79C8,0xC37C1845,0xEE7D0603,
  0xB0F56B50,0x9DF47516,0xD802149B,0xF5030ADD,0x5163DBB4,0x7C62C5F2,0x3994A47F,0x1495BA39,0x7F7DC511,0x527CDB57,0x178ABADA,0x3A8BA49C,0x9EEB75F5,0xB3EA6BB3,0xF61C0A3E,0xDB1D1478,
  0x3C77155D,0x11760B1B,0x54806A96,0x798174D0,0xDDE1A5B9,0xF0E0BBFF,0xB516DA72,0x9817C434,0xF3FFBB1C,0xDEFEA55A,0x9B08C4D7,0xB609DA91,0x12690BF8,0x3F6815BE,0x7A9E7433,0x579F6A75,
  0x09170726,0x24161960,0x61E078ED,0x4CE166AB,0xE881B7C2,0xC580A984,0x8076C809,0xAD77D64F,0xC69FA967,0xEB9EB721,0xAE68D6AC,0x8369C8EA,0x27091983,0x0A0807C5,0x4FFE6648,0x62FF780E,
  0x7762D8E0,0x5A63C6A6,0x1F95A72B,0x3294B96D,0x96F46804,0xBBF57642,0xFE0317CF,0xD3020989,0xB8EA76A1,0x95EB68E7,0xD01D096A,0xFD1C172C,0x597CC645,0x747DD803,0x318BB98E,0x1C8AA7C8,
  0x4202CA9B,0x6F03D4DD,0x2AF5B550,0x07F4AB16,0xA3947A7F,0x8E956439,0xCB6305B4,0xE6621BF2,0x8D8A64DA,0xA08B7A9C,0xE57D1B11,0xC87C0557,0x6C1CD43E,0x411DCA78,0x04EBABF5,0x29EAB5B3,
  0xCE80B496,0xE381AAD0,0xA677CB5D,0x8B76D51B,0x2F160472,0x02171A34,0x47E17BB9,0x6AE065FF,0x01081AD7,0x2C090491,0x69FF651C,0x44FE7B5A,0xE09EAA33,0xCD9FB475,0x8869D5F8,0xA568CBBE,
  0xFBE0A6ED,0xD6E1B8AB,0x9317D926,0xBE16C760,0x1A761609,0x3777084F,0x728169C2,0x5F807784,0x346808AC,0x196916EA,0x5C9F7767,0x719E6921,0xD5FEB848,0xF8FFA60E,0xBD09C783,0x9008D9C5,
  0x00000000,0xF23F3C91,0x64DBA7D9,0x96E49B48,0xDA29E814,0x2816D485,0xBEF24FCD,0x4CCD735C,0xAAE88C5C,0x58D7B0CD,0xCE332B85,0x3C0C1714,0x70C16448,0x82FE58D9,0x141AC391,0xE625FF00,
  0x727BD648,0x8044EAD9,0x16A07191,0xE49F4D00,0xA8523E5C,0x5A6D02CD,0xCC899985,0x3EB6A514,0xD8935A14,0x2AAC6685,0xBC48FDCD,0x4E77C15C,0x02BAB200,0xF0858E91,0x666115D9,0x945E2948,
  0xE99438C7,0x1BAB0456,0x8D4F9F1E,0x7F70A38F,0x33BDD0D3,0xC182EC42,0x5766770A,0xA5594B9B,0x437CB49B,0xB143880A,0x27A71342,0xD5982FD3,0x99555C8F,0x6B6A601E,0xFD8EFB56,0x0FB1C7C7,
  0x9BEFEE8F,0x69D0D21E,0xFF344956,0x0D0B75C7,0x41C6069B,0xB3F93A0A,0x251DA142,0xD7229DD3,0x310762D3,0xC3385E42,0x55DCC50A,0xA7E3F99B,0xEB2E8AC7,0x1911B656,0x8FF52D1E,0x7DCA118F,
  0xA45BA872,0x566494E3,0xC0800FAB,0x32BF333A,0x7E724066,0x8C4D7CF7,0x1AA9E7BF,0xE896DB2E,0x0EB3242E,0xFC8C18BF,0x6A6883F7,0x9857BF66,0xD49ACC3A,0x26A5F0AB,0xB0416BE3,0x427E5772,
  0xD6207E3A,0x241F42AB,0xB2FBD9E3,0x40C4E572,0x0C09962E,0xFE36AABF,0x68D231F7,0x9AED0D66,0x7CC8F266,0x8EF7CEF7,0x181355BF,0xEA2C692E,0xA6E11A72,0x54DE26E3,0xC23ABDAB,0x3005813A,
  0x4DCF90B5,0xBFF0AC24,0x2914376C,0xDB2B0BFD,0x97E678A1,0x65D94430,0xF33DDF78,0x0102E3E9,0xE7271CE9,0x15182078,0x83FCBB30,0x71C387A1,0x3D0EF4FD,0xCF31C86C,0x59D55324,0xABEA6FB5,
  0x3FB446FD,0xCD8B7A6C,0x5B6FE124,0xA950DDB5,0xE59DAEE9,0x17A29278,0x81460930,0x737935A1,0x955CCAA1,0x6763F630,0xF1876D78,0x03B851E9,0x4F7522B5,0xBD4A1E24,0x2BAE856C,0xD991B9FD,
  0x32018CCC,0xC03EB05D,0x56DA2B15,0xA4E51784,0xE82864D8,0x1A175849,0x8CF3C301,0x7ECCFF90,0x98E90090,0x6AD63C01,0xFC32A749,0x0E0D9BD8,0x42C0E884,0xB0FFD415,0x261B4F5D,0xD42473CC,
  0x407A5A84,0xB2456615,0x24A1FD5D,0xD69EC1CC,0x9A53B290,0x686C8E01,0xFE881549,0x0CB729D8,0xEA92D6D8,0x18ADEA49,0x8E497101,0x7C764D90,0x30BB3ECC,0xC284025D,0x54609915,0xA65FA584,
  0xDB95B40B,0x29AA889A,0xBF4E13D2,0x4D712F43,0x01BC5C1F,0xF383608E,0x6567FBC6,0x9758C757,0x717D3857,0x834204C6,0x15A69F8E,0xE799A31F,0xAB54D043,0x596BECD2,0xCF8F779A,0x3DB04B0B,
  0xA9EE6243,0x5BD15ED2,0xCD35C59A,0x3F0AF90B,0x73C78A57,0x81F8B6C6,0x171C2D8E,0xE523111F,0x0306EE1F,0xF139D28E,0x67DD49C6,0x95E27557,0xD92F060B,0x2B103A9A,0xBDF4A1D2,0x4FCB9D43,
  0x965A24BE,0x6465182F,0xF2818367,0x00BEBFF6,0x4C73CCAA,0xBE4CF03B,0x28A86B73,0xDA9757E2,0x3CB2A8E2,0xCE8D9473,0x58690F3B,0xAA5633AA,0xE69B40F6,0x14A47C67,0x8240E72F,0x707FDBBE,
  0xE421F2F6,0x161ECE67,0x80FA552F,0x72C569BE,0x3E081AE2,0xCC372673,0x5AD3BD3B,0xA8EC81AA,0x4EC97EAA,0xBCF6423B,0x2A12D973,0xD82DE5E2,0x94E096BE,0x66DFAA2F,0xF03B3167,0x02040DF6,
  0x7FCE1C79,0x8DF120E8,0x1B15BBA0,0xE92A8731,0xA5E7F46D,0x57D8C8FC,0xC13C53B4,0x33036F25,0xD5269025,0x2719ACB4,0xB1FD37FC,0x43C20B6D,0x0F0F7831,0xFD3044A0,0x6BD4DFE8,0x99EBE379,
  0x0DB5CA31,0xFF8AF6A0,0x696E6DE8,0x9B515179,0xD79C2225,0x25A31EB4,0xB34785FC,0x4178B96D,0xA75D466D,0x55627AFC,0xC386E1B4,0x31B9DD25,0x7D74AE79,0x8F4B92E8,0x19AF09A0,0xEB903531,
  0x00000000,0x5EE1D5F6,0xFBCFC145,0xA52E14B3,0x51219201,0x0FC047F7,0xAAEE5344,0xF40F86B2,0x7A5F0B19,0x24BEDEEF,0x8190CA5C,0xDF711FAA,0x2B7E9918,0x759F4CEE,0xD0B1585D,0x8E508DAB,
  0x1A28D864,0x44C90D92,0xE1E71921,0xBF06CCD7,0x4B094A65,0x15E89F93,0xB0C68B20,0xEE275ED6,0x6077D37D,0x3E96068B,0x9BB81238,0xC559C7CE,0x3156417C,0x6FB7948A,0xCA998039,0x947855CF,
  0xCBAB5D43,0x954A88B5,0x30649C06,0x6E8549F0,0x9A8ACF42,0xC46B1AB4,0x61450E07,0x3FA4DBF1,0xB1F4565A,0xEF1583AC,0x4A3B971F,0x14DA42E9,0xE0D5C45B,0xBE3411AD,0x1B1A051E,0x45FBD0E8,
  0xD1838527,0x8F6250D1,0x2A4C4462,0x74AD9194,0x80A21726,0xDE43C2D0,0x7B6DD663,0x258C0395,0xABDC8E3E,0xF53D5BC8,0x50134F7B,0x0EF29A8D,0xFAFD1C3F,0xA41CC9C9,0x0132DD7A,0x5FD3088C,
  0xD0CE505B,0x8E2F85AD,0x2B01911E,0x75E044E8,0x81EFC25A,0xDF0E17AC,0x7A20031F,0x24C1D6E9,0xAA915B42,0xF4708EB4,0x515E9A07,0x0FBF4FF1,0xFBB0C943,0xA5511CB5,0x007F0806,0x5E9EDDF0,
  0xCAE6883F,0x94075DC9,0x3129497A,0x6FC89C8C,0x9BC71A3E,0xC526CFC8,0x6008DB7B,0x3EE90E8D,0xB0B98326,0xEE5856D0,0x4B764263,0x15979795,0xE1981127,0xBF79C4D1,0x1A57D062,0x44B60594,
  0x1B650D18,0x4584D8EE,0xE0AACC5D,0xBE4B19AB,0x4A449F19,0x14A54AEF,0xB18B5E5C,0xEF6A8BAA,0x613A0601,0x3FDBD3F7,0x9AF5C744,0xC41412B2,0x301B9400,0x6EFA41F6,0xCBD45545,0x953580B3,
  0x014DD57C,0x5FAC008A,0xFA821439,0xA463C1CF,0x506C477D,0x0E8D928B,0xABA38638,0xF54253CE,0x7B12DE65,0x25F30B93,0x80DD1F20,0xDE3CCAD6,0x2A334C64,0x74D29992,0xD1FC8D21,0x8F1D58D7,
  0x9EE76D69,0xC006B89F,0x6528AC2C,0x3BC979DA,0xCFC6FF68,0x91272A9E,0x34093E2D,0x6AE8EBDB,0xE4B86670,0xBA59B386,0x1F77A735,0x419672C3,0xB599F471,0xEB782187,0x4E563534,0x10B7E0C2,
  0x84CFB50D,0xDA2E60FB,0x7F007448,0x21E1A1BE,0xD5EE270C,0x8B0FF2FA,0x2E21E649,0x70C033BF,0xFE90BE14,0xA0716BE2,0x055F7F51,0x5BBEAAA7,0xAFB12C15,0xF150F9E3,0x547EED50,0x0A9F38A6,
  0x554C302A,0x0BADE5DC,0xAE83F16F,0xF0622499,0x046DA22B,0x5A8C77DD,0xFFA2636E,0xA143B698,0x2F133B33,0x71F2EEC5,0xD4DCFA76,0x8A3D2F80,0x7E32A932,0x20D37CC4,0x85FD6877,0xDB1CBD81,
  0x4F64E84E,0x11853DB8,0xB4AB290B,0xEA4AFCFD,0x1E457A4F,0x40A4AFB9,0xE58ABB0A,0xBB6B6EFC,0x353BE357,0x6BDA36A1,0xCEF42212,0x9015F7E4,0x641A7156,0x3AFBA4A0,0x9FD5B013,0xC13465E5,
  0x4E293D32,0x10C8E8C4,0xB5E6FC77,0xEB072981,0x1F08AF33,0x41E97AC5,0xE4C76E76,0xBA26BB80,0x3476362B,0x6A97E3DD,0xCFB9F76E,0x91582298,0x6557A42A,0x3BB671DC,0x9E98656F,0xC079B099,
  0x5401E556,0x0AE030A0,0xAFCE2413,0xF12FF1E5,0x05207757,0x5BC1A2A1,0xFEEFB612,0xA00E63E4,0x2E5EEE4F,0x70BF3BB9,0xD5912F0A,0x8B70FAFC,0x7F7F7C4E,0x219EA9B8,0x84B0BD0B,0xDA5168FD,
  0x85826071,0xDB63B587,0x7E4DA134,0x20AC74C2,0xD4A3F270,0x8A422786,0x2F6C3335,0x718DE6C3,0xFFDD6B68,0xA13CBE9E,0x0412AA2D,0x5AF37FDB,0xAEFCF969,0xF01D2C9F,0x5533382C,0x0BD2EDDA,
  0x9FAAB815,0xC14B6DE3,0x64657950,0x3A84ACA6,0xCE8B2A14,0x906AFFE2,0x3544EB51,0x6BA53EA7,0xE5F5B30C,0xBB1466FA,0x1E3A7249,0x40DBA7BF,0xB4D4210D,0xEA35F4FB,0x4F1BE048,0x11FA35BE,
  0x00000000,0x00CE7869,0x2941CB56,0x298FB33F,0xA67C4542,0xA6B23D2B,0x8F3D8E14,0x8FF3F67D,0xFF805485,0xFF4E2CEC,0xD6C19FD3,0xD60FE7BA,0x59FC11C7,0x593269AE,0x70BDDA91,0x7073A2F8,
  0xD3CAF20A,0xD3048A63,0xFA8B395C,0xFA454135,0x75B6B748,0x7578CF21,0x5CF77C1E,0x5C390477,0x2C4AA68F,0x2C84DEE6,0x050B6DD9,0x05C515B0,0x8A36E3CD,0x8AF89BA4,0xA377289B,0xA3B950F2,
  0xCED34E1B,0xCE1D3672,0xE792854D,0xE75CFD24,0x68AF0B59,0x68617330,0x41EEC00F,0x4120B866,0x31531A9E,0x319D62F7,0x1812D1C8,0x18DCA9A1,0x972F5FDC,0x97E127B5,0xBE6E948A,0xBEA0ECE3,
  0x1D19BC11,0x1DD7C478,0x34587747,0x34960F2E,0xBB65F953,0xBBAB813A,0x92243205,0x92EA4A6C,0xE299E894,0xE25790FD,0xCBD823C2,0xCB165BAB,0x44E5ADD6,0x442BD5BF,0x6DA46680,0x6D6A1EE9,
  0xD1185304,0xD1D62B6D,0xF8599852,0xF897E03B,0x77641646,0x77AA6E2F,0x5E25DD10,0x5EEBA579,0x2E980781,0x2E567FE8,0x07D9CCD7,0x0717B4BE,0x88E442C3,0x882A3AAA,0xA1A58995,0xA16BF1FC,
  0x02D2A10E,0x021CD967,0x2B936A58,0x2B5D1231,0xA4AEE44C,0xA4609C25,0x8DEF2F1A,0x8D215773,0xFD52F58B,0xFD9C8DE2,0xD4133EDD,0xD4DD46B4,0x5B2EB0C9,0x5BE0C8A0,0x726F7B9F,0x72A103F6,
  0x1FCB1D1F,0x1F056576,0x368AD649,0x3644AE20,0xB9B7585D,0xB9792034,0x90F6930B,0x9038EB62,0xE04B499A,0xE08531F3,0xC90A82CC,0xC9C4FAA5,0x46370CD8,0x46F974B1,0x6F76C78E,0x6FB8BFE7,
  0xCC01EF15,0xCCCF977C,0xE5402443,0xE58E5C2A,0x6A7DAA57,0x6AB3D23E,0x433C6101,0x43F21968,0x3381BB90,0x334FC3F9,0x1AC070C6,0x1A0E08AF,0x95FDFED2,0x953386BB,0xBCBC3584,0xBC724DED,
  0xF64B4FA7,0xF68537CE,0xDF0A84F1,0xDFC4FC98,0x50370AE5,0x50F9728C,0x7976C1B3,0x79B8B9DA,0x09CB1B22,0x0905634B,0x208AD074,0x2044A81D,0xAFB75E60,0xAF792609,0x86F69536,0x8638ED5F,
  0x2581BDAD,0x254FC5C4,0x0CC076FB,0x0C0E0E92,0x83FDF8EF,0x83338086,0xAABC33B9,0xAA724BD0,0xDA01E928,0xDACF9141,0xF340227E,0xF38E5A17,0x7C7DAC6A,0x7CB3D403,0x553C673C,0x55F21F55,
  0x389801BC,0x385679D5,0x11D9CAEA,0x1117B283,0x9EE444FE,0x9E2A3C97,0xB7A58FA8,0xB76BF7C1,0xC7185539,0xC7D62D50,0xEE599E6F,0xEE97E606,0x6164107B,0x61AA6812,0x4825DB2D,0x48EBA344,
  0xEB52F3B6,0xEB9C8BDF,0xC21338E0,0xC2DD4089,0x4D2EB6F4,0x4DE0CE9D,0x646F7DA2,0x64A105CB,0x14D2A733,0x141CDF5A,0x3D936C65,0x3D5D140C,0xB2AEE271,0xB2609A18,0x9BEF2927,0x9B21514E,
  0x27531CA3,0x279D64CA,0x0E12D7F5,0x0EDCAF9C,0x812F59E1,0x81E12188,0xA86E92B7,0xA8A0EADE,0xD8D34826,0xD81D304F,0xF1928370,0xF15CFB19,0x7EAF0D64,0x7E61750D,0x57EEC632,0x5720BE5B,
  0xF499EEA9,0xF45796C0,0xDDD825FF,0xDD165D96,0x52E5ABEB,0x522BD382,0x7BA460BD,0x7B6A18D4,0x0B19BA2C,0x0BD7C245,0x2258717A,0x22960913,0xAD65FF6E,0xADAB8707,0x84243438,0x84EA4C51,
  0xE98052B8,0xE94E2AD1,0xC0C199EE,0xC00FE187,0x4FFC17FA,0x4F326F93,0x66BDDCAC,0x6673A4C5,0x1600063D,0x16CE7E54,0x3F41CD6B,0x3F8FB502,0xB07C437F,0xB0B23B16,0x993D8829,0x99F3F040,
  0x3A4AA0B2,0x3A84D8DB,0x130B6BE4,0x13C5138D,0x9C36E5F0,0x9CF89D99,0xB5772EA6,0xB5B956CF,0xC5CAF437,0xC5048C5E,0xEC8B3F61,0xEC454708,0x63B6B175,0x6378C91C,0x4AF77A23,0x4A39024A,
  0x00000000,0x40BA1BE4,0xCC8A0917,0x8C3012F3,0xB92FFFE0,0xF995E404,0x75A5F6F7,0x351FED13,0xD6245A75,0x969E4191,0x1AAE5362,0x5A144886,0x6F0BA595,0x2FB1BE71,0xA381AC82,0xE33BB766,
  0xBEAB570A,0xFE114CEE,0x72215E1D,0x329B45F9,0x0784A8EA,0x473EB30E,0xCB0EA1FD,0x8BB4BA19,0x688F0D7F,0x2835169B,0xA4050468,0xE4BF1F8C,0xD1A0F29F,0x911AE97B,0x1D2AFB88,0x5D90E06C,
  0x450E11F3,0x05B40A17,0x898418E4,0xC93E0300,0xFC21EE13,0xBC9BF5F7,0x30ABE704,0x7011FCE0,0x932A4B86,0xD3905062,0x5FA04291,0x1F1A5975,0x2A05B466,0x6ABFAF82,0xE68FBD71,0xA635A695,
  0xFBA546F9,0xBB1F5D1D,0x372F4FEE,0x7795540A,0x428AB919,0x0230A2FD,0x8E00B00E,0xCEBAABEA,0x2D811C8C,0x6D3B0768,0xE10B159B,0xA1B10E7F,0x94AEE36C,0xD414F888,0x5824EA7B,0x189EF19F,
  0xBB37D5DE,0xFB8DCE3A,0x77BDDCC9,0x3707C72D,0x02182A3E,0x42A231DA,0xCE922329,0x8E2838CD,0x6D138FAB,0x2DA9944F,0xA19986BC,0xE1239D58,0xD43C704B,0x94866BAF,0x18B6795C,0x580C62B8,
  0x059C82D4,0x45269930,0xC9168BC3,0x89AC9027,0xBCB37D34,0xFC0966D0,0x70397423,0x30836FC7,0xD3B8D8A1,0x9302C345,0x1F32D1B6,0x5F88CA52,0x6A972741,0x2A2D3CA5,0xA61D2E56,0xE6A735B2,
  0xFE39C42D,0xBE83DFC9,0x32B3CD3A,0x7209D6DE,0x47163BCD,0x07AC2029,0x8B9C32DA,0xCB26293E,0x281D9E58,0x68A785BC,0xE497974F,0xA42D8CAB,0x913261B8,0xD1887A5C,0x5DB868AF,0x1D02734B,
  0x40929327,0x002888C3,0x8C189A30,0xCCA281D4,0xF9BD6CC7,0xB9077723,0x353765D0,0x758D7E34,0x96B6C952,0xD60CD2B6,0x5A3CC045,0x1A86DBA1,0x2F9936B2,0x6F232D56,0xE3133FA5,0xA3A92441,
  0xB30B0C7F,0xF3B1179B,0x7F810568,0x3F3B1E8C,0x0A24F39F,0x4A9EE87B,0xC6AEFA88,0x8614E16C,0x652F560A,0x25954DEE,0xA9A55F1D,0xE91F44F9,0xDC00A9EA,0x9CBAB20E,0x108AA0FD,0x5030BB19,
  0x0DA05B75,0x4D1A4091,0xC12A5262,0x81904986,0xB48FA495,0xF435BF71,0x7805AD82,0x38BFB666,0xDB840100,0x9B3E1AE4,0x170E0817,0x57B413F3,0x62ABFEE0,0x2211E504,0xAE21F7F7,0xEE9BEC13,
  0xF6051D8C,0xB6BF0668,0x3A8F149B,0x7A350F7F,0x4F2AE26C,0x0F90F988,0x83A0EB7B,0xC31AF09F,0x202147F9,0x609B5C1D,0xECAB4EEE,0xAC11550A,0x990EB819,0xD9B4A3FD,0x5584B10E,0x153EAAEA,
  0x48AE4A86,0x08145162,0x84244391,0xC49E5875,0xF181B566,0xB13BAE82,0x3D0BBC71,0x7DB1A795,0x9E8A10F3,0xDE300B17,0x520019E4,0x12BA0200,0x27A5EF13,0x671FF4F7,0xEB2FE604,0xAB95FDE0,
  0x083CD9A1,0x4886C245,0xC4B6D0B6,0x840CCB52,0xB1132641,0xF1A93DA5,0x7D992F56,0x3D2334B2,0xDE1883D4,0x9EA29830,0x12928AC3,0x52289127,0x67377C34,0x278D67D0,0xABBD7523,0xEB076EC7,
  0xB6978EAB,0xF62D954F,0x7A1D87BC,0x3AA79C58,0x0FB8714B,0x4F026AAF,0xC332785C,0x838863B8,0x60B3D4DE,0x2009CF3A,0xAC39DDC9,0xEC83C62D,0xD99C2B3E,0x992630DA,0x15162229,0x55AC39CD,
  0x4D32C852,0x0D88D3B6,0x81B8C145,0xC102DAA1,0xF41D37B2,0xB4A72C56,0x38973EA5,0x782D2541,0x9B169227,0xDBAC89C3,0x579C9B30,0x172680D4,0x22396DC7,0x62837623,0xEEB364D0,0xAE097F34,
  0xF3999F58,0xB32384BC,0x3F13964F,0x7FA98DAB,0x4AB660B8,0x0A0C7B5C,0x863C69AF,0xC686724B,0x25BDC52D,0x6507DEC9,0xE937CC3A,0xA98DD7DE,0x9C923ACD,0xDC282129,0x501833DA,0x10A2283E,
  0x00000000,0x21C39573,0x106FEDC8,0x31AC78BB,0x418BBF8A,0x60482AF9,0x51E45242,0x7027C731,0xCD82ACC8,0xEC4139BB,0xDDED4100,0xFC2ED473,0x8C091342,0xADCA8631,0x9C66FE8A,0xBDA56BF9,
  0x18977A78,0x3954EF0B,0x08F897B0,0x293B02C3,0x591CC5F2,0x78DF5081,0x4973283A,0x68B0BD49,0xD515D6B0,0xF4D643C3,0xC57A3B78,0xE4B9AE0B,0x949E693A,0xB55DFC49,0x84F184F2,0xA5321181,
  0x8DD1A87D,0xAC123D0E,0x9DBE45B5,0xBC7DD0C6,0xCC5A17F7,0xED998284,0xDC35FA3F,0xFDF66F4C,0x405304B5,0x619091C6,0x503CE97D,0x71FF7C0E,0x01D8BB3F,0x201B2E4C,0x11B756F7,0x3074C384,
  0x9546D205,0xB4854776,0x85293FCD,0xA4EAAABE,0xD4CD6D8F,0xF50EF8FC,0xC4A28047,0xE5611534,0x58C47ECD,0x7907EBBE,0x48AB9305,0x69680676,0x194FC147,0x388C5434,0x09202C8F,0x28E3B9FC,
  0xBFFAD498,0x9E3941EB,0xAF953950,0x8E56AC23,0xFE716B12,0xDFB2FE61,0xEE1E86DA,0xCFDD13A9,0x72787850,0x53BBED23,0x62179598,0x43D400EB,0x33F3C7DA,0x123052A9,0x239C2A12,0x025FBF61,
  0xA76DAEE0,0x86AE3B93,0xB7024328,0x96C1D65B,0xE6E6116A,0xC7258419,0xF689FCA2,0xD74A69D1,0x6AEF0228,0x4B2C975B,0x7A80EFE0,0x5B437A93,0x2B64BDA2,0x0AA728D1,0x3B0B506A,0x1AC8C519,
  0x322B7CE5,0x13E8E996,0x2244912D,0x0387045E,0x73A0C36F,0x5263561C,0x63CF2EA7,0x420CBBD4,0xFFA9D02D,0xDE6A455E,0xEFC63DE5,0xCE05A896,0xBE226FA7,0x9FE1FAD4,0xAE4D826F,0x8F8E171C,
  0x2ABC069D,0x0B7F93EE,0x3AD3EB55,0x1B107E26,0x6B37B917,0x4AF42C64,0x7B5854DF,0x5A9BC1AC,0xE73EAA55,0xC6FD3F26,0xF751479D,0xD692D2EE,0xA6B515DF,0x877680AC,0xB6DAF817,0x97196D64,
  0x269CD557,0x075F4024,0x36F3389F,0x1730ADEC,0x67176ADD,0x46D4FFAE,0x77788715,0x56BB1266,0xEB1E799F,0xCADDECEC,0xFB719457,0xDAB20124,0xAA95C615,0x8B565366,0xBAFA2BDD,0x9B39BEAE,
  0x3E0BAF2F,0x1FC83A5C,0x2E6442E7,0x0FA7D794,0x7F8010A5,0x5E4385D6,0x6FEFFD6D,0x4E2C681E,0xF38903E7,0xD24A9694,0xE3E6EE2F,0xC2257B5C,0xB202BC6D,0x93C1291E,0xA26D51A5,0x83AEC4D6,
  0xAB4D7D2A,0x8A8EE859,0xBB2290E2,0x9AE10591,0xEAC6C2A0,0xCB0557D3,0xFAA92F68,0xDB6ABA1B,0x66CFD1E2,0x470C4491,0x76A03C2A,0x5763A959,0x27446E68,0x0687FB1B,0x372B83A0,0x16E816D3,
  0xB3DA0752,0x92199221,0xA3B5EA9A,0x82767FE9,0xF251B8D8,0xD3922DAB,0xE23E5510,0xC3FDC063,0x7E58AB9A,0x5F9B3EE9,0x6E374652,0x4FF4D321,0x3FD31410,0x1E108163,0x2FBCF9D8,0x0E7F6CAB,
  0x996601CF,0xB8A594BC,0x8909EC07,0xA8CA7974,0xD8EDBE45,0xF92E2B36,0xC882538D,0xE941C6FE,0x54E4AD07,0x75273874,0x448B40CF,0x6548D5BC,0x156F128D,0x34AC87FE,0x0500FF45,0x24C36A36,
  0x81F17BB7,0xA032EEC4,0x919E967F,0xB05D030C,0xC07AC43D,0xE1B9514E,0xD01529F5,0xF1D6BC86,0x4C73D77F,0x6DB0420C,0x5C1C3AB7,0x7DDFAFC4,0x0DF868F5,0x2C3BFD86,0x1D97853D,0x3C54104E,
  0x14B7A9B2,0x35743CC1,0x04D8447A,0x251BD109,0x553C1638,0x74FF834B,0x4553FBF0,0x64906E83,0xD935057A,0xF8F69009,0xC95AE8B2,0xE8997DC1,0x98BEBAF0,0xB97D2F83,0x88D15738,0xA912C24B,
  0x0C20D3CA,0x2DE346B9,0x1C4F3E02,0x3D8CAB71,0x4DAB6C40,0x6C68F933,0x5DC48188,0x7C0714FB,0xC1A27F02,0xE061EA71,0xD1CD92CA,0xF00E07B9,0x8029C088,0xA1EA55FB,0x90462D40,0xB185B833,
  0x00000000,0x0B30D8E1,0x7B5C600D,0x706CB8EC,0xFE64E565,0xF5543D84,0x85388568,0x8E085D89,0x4EF8D6D5,0x45C80E34,0x35A4B6D8,0x3E946E39,0xB09C33B0,0xBBACEB51,0xCBC053BD,0xC0F08B5C,
  0x74232990,0x7F13F171,0x0F7F499D,0x044F917C,0x8A47CCF5,0x81771414,0xF11BACF8,0xFA2B7419,0x3ADBFF45,0x31EB27A4,0x41879F48,0x4AB747A9,0xC4BF1A20,0xCF8FC2C1,0xBFE37A2D,0xB4D3A2CC,
  0x75C0FEE4,0x7EF02605,0x0E9C9EE9,0x05AC4608,0x8BA41B81,0x8094C360,0xF0F87B8C,0xFBC8A36D,0x3B382831,0x3008F0D0,0x4064483C,0x4B5490DD,0xC55CCD54,0xCE6C15B5,0xBE00AD59,0xB53075B8,
  0x01E3D774,0x0AD30F95,0x7ABFB779,0x718F6F98,0xFF873211,0xF4B7EAF0,0x84DB521C,0x8FEB8AFD,0x4F1B01A1,0x442BD940,0x344761AC,0x3F77B94D,0xB17FE4C4,0xBA4F3C25,0xCA2384C9,0xC1135C28,
  0x6737EAE5,0x6C073204,0x1C6B8AE8,0x175B5209,0x99530F80,0x9263D761,0xE20F6F8D,0xE93FB76C,0x29CF3C30,0x22FFE4D1,0x52935C3D,0x59A384DC,0xD7ABD955,0xDC9B01B4,0xACF7B958,0xA7C761B9,
  0x1314C375,0x18241B94,0x6848A378,0x63787B99,0xED702610,0xE640FEF1,0x962C461D,0x9D1C9EFC,0x5DEC15A0,0x56DCCD41,0x26B075AD,0x2D80AD4C,0xA388F0C5,0xA8B82824,0xD8D490C8,0xD3E44829,
  0x12F71401,0x19C7CCE0,0x69AB740C,0x629BACED,0xEC93F164,0xE7A32985,0x97CF9169,0x9CFF4988,0x5C0FC2D4,0x573F1A35,0x2753A2D9,0x2C637A38,0xA26B27B1,0xA95BFF50,0xD93747BC,0xD2079F5D,
  0x66D43D91,0x6DE4E570,0x1D885D9C,0x16B8857D,0x98B0D8F4,0x93800015,0xE3ECB8F9,0xE8DC6018,0x282CEB44,0x231C33A5,0x53708B49,0x584053A8,0xD6480E21,0xDD78D6C0,0xAD146E2C,0xA624B6CD,
  0xC02FBB27,0xCB1F63C6,0xBB73DB2A,0xB04303CB,0x3E4B5E42,0x357B86A3,0x45173E4F,0x4E27E6AE,0x8ED76DF2,0x85E7B513,0xF58B0DFF,0xFEBBD51E,0x70B38897,0x7B835076,0x0BEFE89A,0x00DF307B,
  0xB40C92B7,0xBF3C4A56,0xCF50F2BA,0xC4602A5B,0x4A6877D2,0x4158AF33,0x313417DF,0x3A04CF3E,0xFAF44462,0xF1C49C83,0x81A8246F,0x8A98FC8E,0x0490A107,0x0FA079E6,0x7FCCC10A,0x74FC19EB,
  0xB5EF45C3,0xBEDF9D22,0xCEB325CE,0xC583FD2F,0x4B8BA0A6,0x40BB7847,0x30D7C0AB,0x3BE7184A,0xFB179316,0xF0274BF7,0x804BF31B,0x8B7B2BFA,0x05737673,0x0E43AE92,0x7E2F167E,0x751FCE9F,
  0xC1CC6C53,0xCAFCB4B2,0xBA900C5E,0xB1A0D4BF,0x3FA88936,0x349851D7,0x44F4E93B,0x4FC431DA,0x8F34BA86,0x84046267,0xF468DA8B,0xFF58026A,0x71505FE3,0x7A608702,0x0A0C3FEE,0x013CE70F,
  0xA71851C2,0xAC288923,0xDC4431CF,0xD774E92E,0x597CB4A7,0x524C6C46,0x2220D4AA,0x29100C4B,0xE9E08717,0xE2D05FF6,0x92BCE71A,0x998C3FFB,0x17846272,0x1CB4BA93,0x6CD8027F,0x67E8DA9E,
  0xD33B7852,0xD80BA0B3,0xA867185F,0xA357C0BE,0x2D5F9D37,0x266F45D6,0x5603FD3A,0x5D3325DB,0x9DC3AE87,0x96F37666,0xE69FCE8A,0xEDAF166B,0x63A74BE2,0x68979303,0x18FB2BEF,0x13CBF30E,
  0xD2D8AF26,0xD9E877C7,0xA984CF2B,0xA2B417CA,0x2CBC4A43,0x278C92A2,0x57E02A4E,0x5CD0F2AF,0x9C2079F3,0x9710A112,0xE77C19FE,0xEC4CC11F,0x62449C96,0x69744477,0x1918FC9B,0x1228247A,
  0xA6FB86B6,0xADCB5E57,0xDDA7E6BB,0xD6973E5A,0x589F63D3,0x53AFBB32,0x23C303DE,0x28F3DB3F,0xE8035063,0xE3338882,0x935F306E,0x986FE88F,0x1667B506,0x1D576DE7,0x6D3BD50B,0x660B0DEA,
  0x00000000,0x1E822F9D,0xFDB5F671,0xE337D9EC,0x39AB618D,0x27294E10,0xC41E97FC,0xDA9CB861,0xBC69EE77,0xA2EBC1EA,0x41DC1806,0x5F5E379B,0x85C28FFA,0x9B40A067,0x7877798B,0x66F55616,
  0x4790C0E2,0x5912EF7F,0xBA253693,0xA4A7190E,0x7E3BA16F,0x60B98EF2,0x838E571E,0x9D0C7883,0xFBF92E95,0xE57B0108,0x064CD8E4,0x18CEF779,0xC2524F18,0xDCD06085,0x3FE7B969,0x216596F4,
  0xF9049662,0xE786B9FF,0x04B16013,0x1A334F8E,0xC0AFF7EF,0xDE2DD872,0x3D1A019E,0x23982E03,0x456D7815,0x5BEF5788,0xB8D88E64,0xA65AA1F9,0x7CC61998,0x62443605,0x8173EFE9,0x9FF1C074,
  0xBE945680,0xA016791D,0x4321A0F1,0x5DA38F6C,0x873F370D,0x99BD1890,0x7A8AC17C,0x6408EEE1,0x02FDB8F7,0x1C7F976A,0xFF484E86,0xE1CA611B,0x3B56D97A,0x25D4F6E7,0xC6E32F0B,0xD8610096,
  0x29B96453,0x373B4BCE,0xD40C9222,0xCA8EBDBF,0x101205DE,0x0E902A43,0xEDA7F3AF,0xF325DC32,0x95D08A24,0x8B52A5B9,0x68657C55,0x76E753C8,0xAC7BEBA9,0xB2F9C434,0x51CE1DD8,0x4F4C3245,
  0x6E29A4B1,0x70AB8B2C,0x939C52C0,0x8D1E7D5D,0x5782C53C,0x4900EAA1,0xAA37334D,0xB4B51CD0,0xD2404AC6,0xCCC2655B,0x2FF5BCB7,0x3177932A,0xEBEB2B4B,0xF56904D6,0x165EDD3A,0x08DCF2A7,
  0xD0BDF231,0xCE3FDDAC,0x2D080440,0x338A2BDD,0xE91693BC,0xF794BC21,0x14A365CD,0x0A214A50,0x6CD41C46,0x725633DB,0x9161EA37,0x8FE3C5AA,0x557F7DCB,0x4BFD5256,0xA8CA8BBA,0xB648A427,
  0x972D32D3,0x89AF1D4E,0x6A98C4A2,0x741AEB3F,0xAE86535E,0xB0047CC3,0x5333A52F,0x4DB18AB2,0x2B44DCA4,0x35C6F339,0xD6F12AD5,0xC8730548,0x12EFBD29,0x0C6D92B4,0xEF5A4B58,0xF1D864C5,
  0x2ADEB81D,0x345C9780,0xD76B4E6C,0xC9E961F1,0x1375D990,0x0DF7F60D,0xEEC02FE1,0xF042007C,0x96B7566A,0x883579F7,0x6B02A01B,0x75808F86,0xAF1C37E7,0xB19E187A,0x52A9C196,0x4C2BEE0B,
  0x6D4E78FF,0x73CC5762,0x90FB8E8E,0x8E79A113,0x54E51972,0x4A6736EF,0xA950EF03,0xB7D2C09E,0xD1279688,0xCFA5B915,0x2C9260F9,0x32104F64,0xE88CF705,0xF60ED898,0x15390174,0x0BBB2EE9,
  0xD3DA2E7F,0xCD5801E2,0x2E6FD80E,0x30EDF793,0xEA714FF2,0xF4F3606F,0x17C4B983,0x0946961E,0x6FB3C008,0x7131EF95,0x92063679,0x8C8419E4,0x5618A185,0x489A8E18,0xABAD57F4,0xB52F7869,
  0x944AEE9D,0x8AC8C100,0x69FF18EC,0x777D3771,0xADE18F10,0xB363A08D,0x50547961,0x4ED656FC,0x282300EA,0x36A12F77,0xD596F69B,0xCB14D906,0x11886167,0x0F0A4EFA,0xEC3D9716,0xF2BFB88B,
  0x0367DC4E,0x1DE5F3D3,0xFED22A3F,0xE05005A2,0x3ACCBDC3,0x244E925E,0xC7794BB2,0xD9FB642F,0xBF0E3239,0xA18C1DA4,0x42BBC448,0x5C39EBD5,0x86A553B4,0x98277C29,0x7B10A5C5,0x65928A58,
  0x44F71CAC,0x5A753331,0xB942EADD,0xA7C0C540,0x7D5C7D21,0x63DE52BC,0x80E98B50,0x9E6BA4CD,0xF89EF2DB,0xE61CDD46,0x052B04AA,0x1BA92B37,0xC1359356,0xDFB7BCCB,0x3C806527,0x22024ABA,
  0xFA634A2C,0xE4E165B1,0x07D6BC5D,0x195493C0,0xC3C82BA1,0xDD4A043C,0x3E7DDDD0,0x20FFF24D,0x460AA45B,0x58888BC6,0xBBBF522A,0xA53D7DB7,0x7FA1C5D6,0x6123EA4B,0x821433A7,0x9C961C3A,
  0xBDF38ACE,0xA371A553,0x40467CBF,0x5EC45322,0x8458EB43,0x9ADAC4DE,0x79ED1D32,0x676F32AF,0x019A64B9,0x1F184B24,0xFC2F92C8,0xE2ADBD55,0x38310534,0x26B32AA9,0xC584F345,0xDB06DCD8,
  0x00000000,0xCDA2053A,0xE7F04A57,0x2A524F6D,0xB009F7C2,0x7DABF2F8,0x57F9BD95,0x9A5BB8AF,0x0DFB1C3B,0xC0591901,0xEA0B566C,0x27A95356,0xBDF2EBF9,0x7050EEC3,0x5A02A1AE,0x97A0A494,
  0xAAF96149,0x675B6473,0x4D092B1E,0x80AB2E24,0x1AF0968B,0xD75293B1,0xFD00DCDC,0x30A2D9E6,0xA7027D72,0x6AA07848,0x40F23725,0x8D50321F,0x170B8AB0,0xDAA98F8A,0xF0FBC0E7,0x3D59C5DD,
  0x66482A09,0xABEA2F33,0x81B8605E,0x4C1A6564,0xD641DDCB,0x1BE3D8F1,0x31B1979C,0xFC1392A6,0x6BB33632,0xA6113308,0x8C437C65,0x41E1795F,0xDBBAC1F0,0x1618C4CA,0x3C4A8BA7,0xF1E88E9D,
  0xCCB14B40,0x01134E7A,0x2B410117,0xE6E3042D,0x7CB8BC82,0xB11AB9B8,0x9B48F6D5,0x56EAF3EF,0xC14A577B,0x0CE85241,0x26BA1D2C,0xEB181816,0x7143A0B9,0xBCE1A583,0x96B3EAEE,0x5B11EFD4,
  0x842DB582,0x498FB0B8,0x63DDFFD5,0xAE7FFAEF,0x34244240,0xF986477A,0xD3D40817,0x1E760D2D,0x89D6A9B9,0x4474AC83,0x6E26E3EE,0xA384E6D4,0x39DF5E7B,0xF47D5B41,0xDE2F142C,0x138D1116,
  0x2ED4D4CB,0xE376D1F1,0xC9249E9C,0x04869BA6,0x9EDD2309,0x537F2633,0x792D695E,0xB48F6C64,0x232FC8F0,0xEE8DCDCA,0xC4DF82A7,0x097D879D,0x93263F32,0x5E843A08,0x74D67565,0xB974705F,
  0xE2659F8B,0x2FC79AB1,0x0595D5DC,0xC837D0E6,0x526C6849,0x9FCE6D73,0xB59C221E,0x783E2724,0xEF9E83B0,0x223C868A,0x086EC9E7,0xC5CCCCDD,0x5F977472,0x92357148,0xB8673E25,0x75C53B1F,
  0x489CFEC2,0x853EFBF8,0xAF6CB495,0x62CEB1AF,0xF8950900,0x35370C3A,0x1F654357,0xD2C7466D,0x4567E2F9,0x88C5E7C3,0xA297A8AE,0x6F35AD94,0xF56E153B,0x38CC1001,0x129E5F6C,0xDF3C5A56,
  0x789A9F86,0xB5389ABC,0x9F6AD5D1,0x52C8D0EB,0xC8936844,0x05316D7E,0x2F632213,0xE2C12729,0x756183BD,0xB8C38687,0x9291C9EA,0x5F33CCD0,0xC568747F,0x08CA7145,0x22983E28,0xEF3A3B12,
  0xD263FECF,0x1FC1FBF5,0x3593B498,0xF831B1A2,0x626A090D,0xAFC80C37,0x859A435A,0x48384660,0xDF98E2F4,0x123AE7CE,0x3868A8A3,0xF5CAAD99,0x6F911536,0xA233100C,0x88615F61,0x45C35A5B,
  0x1ED2B58F,0xD370B0B5,0xF922FFD8,0x3480FAE2,0xAEDB424D,0x63794777,0x492B081A,0x84890D20,0x1329A9B4,0xDE8BAC8E,0xF4D9E3E3,0x397BE6D9,0xA3205E76,0x6E825B4C,0x44D01421,0x8972111B,
  0xB42BD4C6,0x7989D1FC,0x53DB9E91,0x9E799BAB,0x04222304,0xC980263E,0xE3D26953,0x2E706C69,0xB9D0C8FD,0x7472CDC7,0x5E2082AA,0x93828790,0x09D93F3F,0xC47B3A05,0xEE297568,0x238B7052,
  0xFCB72A04,0x31152F3E,0x1B476053,0xD6E56569,0x4CBEDDC6,0x811CD8FC,0xAB4E9791,0x66EC92AB,0xF14C363F,0x3CEE3305,0x16BC7C68,0xDB1E7952,0x4145C1FD,0x8CE7C4C7,0xA6B58BAA,0x6B178E90,
  0x564E4B4D,0x9BEC4E77,0xB1BE011A,0x7C1C0420,0xE647BC8F,0x2BE5B9B5,0x01B7F6D8,0xCC15F3E2,0x5BB55776,0x9617524C,0xBC451D21,0x71E7181B,0xEBBCA0B4,0x261EA58E,0x0C4CEAE3,0xC1EEEFD9,
  0x9AFF000D,0x575D0537,0x7D0F4A5A,0xB0AD4F60,0x2AF6F7CF,0xE754F2F5,0xCD06BD98,0x00A4B8A2,0x97041C36,0x5AA6190C,0x70F45661,0xBD56535B,0x270DEBF4,0xEAAFEECE,0xC0FDA1A3,0x0D5FA499,
  0x30066144,0xFDA4647E,0xD7F62B13,0x1A542E29,0x800F9686,0x4DAD93BC,0x67FFDCD1,0xAA5DD9EB,0x3DFD7D7F,0xF05F7845,0xDA0D3728,0x17AF3212,0x8DF48ABD,0x40568F87,0x6A04C0EA,0xA7A6C5D0,
  0x00000000,0x50EAEC40,0x3FD119A1,0x6F3BF5E1,0x370EBC7C,0x67E4503C,0x08DFA5DD,0x5835499D,0xB3EA028F,0xE300EECF,0x8C3B1B2E,0xDCD1F76E,0x84E4BEF3,0xD40E52B3,0xBB35A752,0xEBDF4B12,
  0x1515630D,0x45FF8F4D,0x2AC47AAC,0x7A2E96EC,0x221BDF71,0x72F13331,0x1DCAC6D0,0x4D202A90,0xA6FF6182,0xF6158DC2,0x992E7823,0xC9C49463,0x91F1DDFE,0xC11B31BE,0xAE20C45F,0xFECA281F,
  0x1CD13001,0x4C3BDC41,0x230029A0,0x73EAC5E0,0x2BDF8C7D,0x7B35603D,0x140E95DC,0x44E4799C,0xAF3B328E,0xFFD1DECE,0x90EA2B2F,0xC000C76F,0x98358EF2,0xC8DF62B2,0xA7E49753,0xF70E7B13,
  0x09C4530C,0x592EBF4C,0x36154AAD,0x66FFA6ED,0x3ECAEF70,0x6E200330,0x011BF6D1,0x51F11A91,0xBA2E5183,0xEAC4BDC3,0x85FF4822,0xD515A462,0x8D20EDFF,0xDDCA01BF,0xB2F1F45E,0xE21B181E,
  0xD7896A48,0x87638608,0xE85873E9,0xB8B29FA9,0xE087D634,0xB06D3A74,0xDF56CF95,0x8FBC23D5,0x646368C7,0x34898487,0x5BB27166,0x0B589D26,0x536DD4BB,0x038738FB,0x6CBCCD1A,0x3C56215A,
  0xC29C0945,0x9276E505,0xFD4D10E4,0xADA7FCA4,0xF592B539,0xA5785979,0xCA43AC98,0x9AA940D8,0x71760BCA,0x219CE78A,0x4EA7126B,0x1E4DFE2B,0x4678B7B6,0x16925BF6,0x79A9AE17,0x29434257,
  0xCB585A49,0x9BB2B609,0xF48943E8,0xA463AFA8,0xFC56E635,0xACBC0A75,0xC387FF94,0x936D13D4,0x78B258C6,0x2858B486,0x47634167,0x1789AD27,0x4FBCE4BA,0x1F5608FA,0x706DFD1B,0x2087115B,
  0xDE4D3944,0x8EA7D504,0xE19C20E5,0xB176CCA5,0xE9438538,0xB9A96978,0xD6929C99,0x867870D9,0x6DA73BCB,0x3D4DD78B,0x5276226A,0x029CCE2A,0x5AA987B7,0x0A436BF7,0x65789E16,0x35927256,
  0x973B31E4,0xC7D1DDA4,0xA8EA2845,0xF800C405,0xA0358D98,0xF0DF61D8,0x9FE49439,0xCF0E7879,0x24D1336B,0x743BDF2B,0x1B002ACA,0x4BEAC68A,0x13DF8F17,0x43356357,0x2C0E96B6,0x7CE47AF6,
  0x822E52E9,0xD2C4BEA9,0xBDFF4B48,0xED15A708,0xB520EE95,0xE5CA02D5,0x8AF1F734,0xDA1B1B74,0x31C45066,0x612EBC26,0x0E1549C7,0x5EFFA587,0x06CAEC1A,0x5620005A,0x391BF5BB,0x69F119FB,
  0x8BEA01E5,0xDB00EDA5,0xB43B1844,0xE4D1F404,0xBCE4BD99,0xEC0E51D9,0x8335A438,0xD3DF4878,0x3800036A,0x68EAEF2A,0x07D11ACB,0x573BF68B,0x0F0EBF16,0x5FE45356,0x30DFA6B7,0x60354AF7,
  0x9EFF62E8,0xCE158EA8,0xA12E7B49,0xF1C49709,0xA9F1DE94,0xF91B32D4,0x9620C735,0xC6CA2B75,0x2D156067,0x7DFF8C27,0x12C479C6,0x422E9586,0x1A1BDC1B,0x4AF1305B,0x25CAC5BA,0x752029FA,
  0x40B25BAC,0x1058B7EC,0x7F63420D,0x2F89AE4D,0x77BCE7D0,0x27560B90,0x486DFE71,0x18871231,0xF3585923,0xA3B2B563,0xCC894082,0x9C63ACC2,0xC456E55F,0x94BC091F,0xFB87FCFE,0xAB6D10BE,
  0x55A738A1,0x054DD4E1,0x6A762100,0x3A9CCD40,0x62A984DD,0x3243689D,0x5D789D7C,0x0D92713C,0xE64D3A2E,0xB6A7D66E,0xD99C238F,0x8976CFCF,0xD1438652,0x81A96A12,0xEE929FF3,0xBE7873B3,
  0x5C636BAD,0x0C8987ED,0x63B2720C,0x33589E4C,0x6B6DD7D1,0x3B873B91,0x54BCCE70,0x04562230,0xEF896922,0xBF638562,0xD0587083,0x80B29CC3,0xD887D55E,0x886D391E,0xE756CCFF,0xB7BC20BF,
  0x497608A0,0x199CE4E0,0x76A71101,0x264DFD41,0x7E78B4DC,0x2E92589C,0x41A9AD7D,0x1143413D,0xFA9C0A2F,0xAA76E66F,0xC54D138E,0x95A7FFCE,0xCD92B653,0x9D785A13,0xF243AFF2,0xA2A943B2,
  0x00000000,0xBAE43090,0xE0AB9A38,0x5A4FAAA8,0xD2AC54B8,0x68486428,0x3207CE80,0x88E3FE10,0xF0864D9C,0x4A627D0C,0x102DD7A4,0xAAC9E734,0x222A1924,0x98CE29B4,0xC281831C,0x7865B38C,
  0xC08E6725,0x7A6A57B5,0x2025FD1D,0x9AC1CD8D,0x1222339D,0xA8C6030D,0xF289A9A5,0x486D9935,0x30082AB9,0x8AEC1A29,0xD0A3B081,0x6A478011,0xE2A47E01,0x58404E91,0x020FE439,0xB8EBD4A9,
  0x2980B6CA,0x9364865A,0xC92B2CF2,0x73CF1C62,0xFB2CE272,0x41C8D2E2,0x1B87784A,0xA16348DA,0xD906FB56,0x63E2CBC6,0x39AD616E,0x834951FE,0x0BAAAFEE,0xB14E9F7E,0xEB0135D6,0x51E50546,
  0xE90ED1EF,0x53EAE17F,0x09A54BD7,0xB3417B47,0x3BA28557,0x8146B5C7,0xDB091F6F,0x61ED2FFF,0x19889C73,0xA36CACE3,0xF923064B,0x43C736DB,0xCB24C8CB,0x71C0F85B,0x2B8F52F3,0x916B6263,
  0xE7F7C3C8,0x5D13F358,0x075C59F0,0xBDB86960,0x355B9770,0x8FBFA7E0,0xD5F00D48,0x6F143DD8,0x17718E54,0xAD95BEC4,0xF7DA146C,0x4D3E24FC,0xC5DDDAEC,0x7F39EA7C,0x257640D4,0x9F927044,
  0x2779A4ED,0x9D9D947D,0xC7D23ED5,0x7D360E45,0xF5D5F055,0x4F31C0C5,0x157E6A6D,0xAF9A5AFD,0xD7FFE971,0x6D1BD9E1,0x37547349,0x8DB043D9,0x0553BDC9,0xBFB78D59,0xE5F827F1,0x5F1C1761,
  0xCE777502,0x74934592,0x2EDCEF3A,0x9438DFAA,0x1CDB21BA,0xA63F112A,0xFC70BB82,0x46948B12,0x3EF1389E,0x8415080E,0xDE5AA2A6,0x64BE9236,0xEC5D6C26,0x56B95CB6,0x0CF6F61E,0xB612C68E,
  0x0EF91227,0xB41D22B7,0xEE52881F,0x54B6B88F,0xDC55469F,0x66B1760F,0x3CFEDCA7,0x861AEC37,0xFE7F5FBB,0x449B6F2B,0x1ED4C583,0xA430F513,0x2CD30B03,0x96373B93,0xCC78913B,0x769CA1AB,
  0xC1B17176,0x7B5541E6,0x211AEB4E,0x9BFEDBDE,0x131D25CE,0xA9F9155E,0xF3B6BFF6,0x49528F66,0x31373CEA,0x8BD30C7A,0xD19CA6D2,0x6B789642,0xE39B6852,0x597F58C2,0x0330F26A,0xB9D4C2FA,
  0x013F1653,0xBBDB26C3,0xE1948C6B,0x5B70BCFB,0xD39342EB,0x6977727B,0x3338D8D3,0x89DCE843,0xF1B95BCF,0x4B5D6B5F,0x1112C1F7,0xABF6F167,0x23150F77,0x99F13FE7,0xC3BE954F,0x795AA5DF,
  0xE831C7BC,0x52D5F72C,0x089A5D84,0xB27E6D14,0x3A9D9304,0x8079A394,0xDA36093C,0x60D239AC,0x18B78A20,0xA253BAB0,0xF81C1018,0x42F82088,0xCA1BDE98,0x70FFEE08,0x2AB044A0,0x90547430,
  0x28BFA099,0x925B9009,0xC8143AA1,0x72F00A31,0xFA13F421,0x40F7C4B1,0x1AB86E19,0xA05C5E89,0xD839ED05,0x62DDDD95,0x3892773D,0x827647AD,0x0A95B9BD,0xB071892D,0xEA3E2385,0x50DA1315,
  0x2646B2BE,0x9CA2822E,0xC6ED2886,0x7C091816,0xF4EAE606,0x4E0ED696,0x14417C3E,0xAEA54CAE,0xD6C0FF22,0x6C24CFB2,0x366B651A,0x8C8F558A,0x046CAB9A,0xBE889B0A,0xE4C731A2,0x5E230132,
  0xE6C8D59B,0x5C2CE50B,0x06634FA3,0xBC877F33,0x34648123,0x8E80B1B3,0xD4CF1B1B,0x6E2B2B8B,0x164E9807,0xACAAA897,0xF6E5023F,0x4C0132AF,0xC4E2CCBF,0x7E06FC2F,0x24495687,0x9EAD6617,
  0x0FC60474,0xB52234E4,0xEF6D9E4C,0x5589AEDC,0xDD6A50CC,0x678E605C,0x3DC1CAF4,0x8725FA64,0xFF4049E8,0x45A47978,0x1FEBD3D0,0xA50FE340,0x2DEC1D50,0x97082DC0,0xCD478768,0x77A3B7F8,
  0xCF486351,0x75AC53C1,0x2FE3F969,0x9507C9F9,0x1DE437E9,0xA7000779,0xFD4FADD1,0x47AB9D41,0x3FCE2ECD,0x852A1E5D,0xDF65B4F5,0x65818465,0xED627A75,0x57864AE5,0x0DC9E04D,0xB72DD0DD,
  0x00000000,0x2C13451E,0x6CF43811,0x40E77D0F,0x57B91CF2,0x7BAA59EC,0x3B4D24E3,0x175E61FD,0xA8AB6716,0x84B82208,0xC45F5F07,0xE84C1A19,0xFF127BE4,0xD3013EFA,0x93E643F5,0xBFF506EB,
  0x5C55EB8B,0x7046AE95,0x30A1D39A,0x1CB29684,0x0BECF779,0x27FFB267,0x6718CF68,0x4B0B8A76,0xF4FE8C9D,0xD8EDC983,0x980AB48C,0xB419F192,0xA347906F,0x8F54D571,0xCFB3A87E,0xE3A0ED60,
  0x615920AF,0x4D4A65B1,0x0DAD18BE,0x21BE5DA0,0x36E03C5D,0x1AF37943,0x5A14044C,0x76074152,0xC9F247B9,0xE5E102A7,0xA5067FA8,0x89153AB6,0x9E4B5B4B,0xB2581E55,0xF2BF635A,0xDEAC2644,
  0x3D0CCB24,0x111F8E3A,0x51F8F335,0x7DEBB62B,0x6AB5D7D6,0x46A692C8,0x0641EFC7,0x2A52AAD9,0x95A7AC32,0xB9B4E92C,0xF9539423,0xD540D13D,0xC21EB0C0,0xEE0DF5DE,0xAEEA88D1,0x82F9CDCF,
  0x840B8B72,0xA818CE6C,0xE8FFB363,0xC4ECF67D,0xD3B29780,0xFFA1D29E,0xBF46AF91,0x9355EA8F,0x2CA0EC64,0x00B3A97A,0x4054D475,0x6C47916B,0x7B19F096,0x570AB588,0x17EDC887,0x3BFE8D99,
  0xD85E60F9,0xF44D25E7,0xB4AA58E8,0x98B91DF6,0x8FE77C0B,0xA3F43915,0xE313441A,0xCF000104,0x70F507EF,0x5CE642F1,0x1C013FFE,0x30127AE0,0x274C1B1D,0x0B5F5E03,0x4BB8230C,0x67AB6612,
  0xE552ABDD,0xC941EEC3,0x89A693CC,0xA5B5D6D2,0xB2EBB72F,0x9EF8F231,0xDE1F8F3E,0xF20CCA20,0x4DF9CCCB,0x61EA89D5,0x210DF4DA,0x0D1EB1C4,0x1A40D039,0x36539527,0x76B4E828,0x5AA7AD36,
  0xB9074056,0x95140548,0xD5F37847,0xF9E03D59,0xEEBE5CA4,0xC2AD19BA,0x824A64B5,0xAE5921AB,0x11AC2740,0x3DBF625E,0x7D581F51,0x514B5A4F,0x46153BB2,0x6A067EAC,0x2AE103A3,0x06F246BD,
  0x688122C3,0x449267DD,0x04751AD2,0x28665FCC,0x3F383E31,0x132B7B2F,0x53CC0620,0x7FDF433E,0xC02A45D5,0xEC3900CB,0xACDE7DC4,0x80CD38DA,0x97935927,0xBB801C39,0xFB676136,0xD7742428,
  0x34D4C948,0x18C78C56,0x5820F159,0x7433B447,0x636DD5BA,0x4F7E90A4,0x0F99EDAB,0x238AA8B5,0x9C7FAE5E,0xB06CEB40,0xF08B964F,0xDC98D351,0xCBC6B2AC,0xE7D5F7B2,0xA7328ABD,0x8B21CFA3,
  0x09D8026C,0x25CB4772,0x652C3A7D,0x493F7F63,0x5E611E9E,0x72725B80,0x3295268F,0x1E866391,0xA173657A,0x8D602064,0xCD875D6B,0xE1941875,0xF6CA7988,0xDAD93C96,0x9A3E4199,0xB62D0487,
  0x558DE9E7,0x799EACF9,0x3979D1F6,0x156A94E8,0x0234F515,0x2E27B00B,0x6EC0CD04,0x42D3881A,0xFD268EF1,0xD135CBEF,0x91D2B6E0,0xBDC1F3FE,0xAA9F9203,0x868CD71D,0xC66BAA12,0xEA78EF0C,
  0xEC8AA9B1,0xC099ECAF,0x807E91A0,0xAC6DD4BE,0xBB33B543,0x9720F05D,0xD7C78D52,0xFBD4C84C,0x4421CEA7,0x68328BB9,0x28D5F6B6,0x04C6B3A8,0x1398D255,0x3F8B974B,0x7F6CEA44,0x537FAF5A,
  0xB0DF423A,0x9CCC0724,0xDC2B7A2B,0xF0383F35,0xE7665EC8,0xCB751BD6,0x8B9266D9,0xA78123C7,0x1874252C,0x34676032,0x74801D3D,0x58935823,0x4FCD39DE,0x63DE7CC0,0x233901CF,0x0F2A44D1,
  0x8DD3891E,0xA1C0CC00,0xE127B10F,0xCD34F411,0xDA6A95EC,0xF679D0F2,0xB69EADFD,0x9A8DE8E3,0x2578EE08,0x096BAB16,0x498CD619,0x659F9307,0x72C1F2FA,0x5ED2B7E4,0x1E35CAEB,0x32268FF5,
  0xD1866295,0xFD95278B,0xBD725A84,0x91611F9A,0x863F7E67,0xAA2C3B79,0xEACB4676,0xC6D80368,0x792D0583,0x553E409D,0x15D93D92,0x39CA788C,0x2E941971,0x02875C6F,0x42602160,0x6E73647E,
  0x00000000,0xBE4C7E13,0x729F1CE1,0xCCD362F2,0x70F78511,0xCEBBFB02,0x026899F0,0xBC24E7E3,0x20F989DC,0x9EB5F7CF,0x5266953D,0xEC2AEB2E,0x500E0CCD,0xEE4272DE,0x2291102C,0x9CDD6E3F,
  0x182060BD,0xA66C1EAE,0x6ABF7C5C,0xD4F3024F,0x68D7E5AC,0xD69B9BBF,0x1A48F94D,0xA404875E,0x38D9E961,0x86959772,0x4A46F580,0xF40A8B93,0x482E6C70,0xF6621263,0x3AB17091,0x84FD0E82,
  0x313EB104,0x8F72CF17,0x43A1ADE5,0xFDEDD3F6,0x41C93415,0xFF854A06,0x335628F4,0x8D1A56E7,0x11C738D8,0xAF8B46CB,0x63582439,0xDD145A2A,0x6130BDC9,0xDF7CC3DA,0x13AFA128,0xADE3DF3B,
  0x291ED1B9,0x9752AFAA,0x5B81CD58,0xE5CDB34B,0x59E954A8,0xE7A52ABB,0x2B764849,0x953A365A,0x09E75865,0xB7AB2676,0x7B784484,0xC5343A97,0x7910DD74,0xC75CA367,0x0B8FC195,0xB5C3BF86,
  0x5D184E3D,0xE354302E,0x2F8752DC,0x91CB2CCF,0x2DEFCB2C,0x93A3B53F,0x5F70D7CD,0xE13CA9DE,0x7DE1C7E1,0xC3ADB9F2,0x0F7EDB00,0xB132A513,0x0D1642F0,0xB35A3CE3,0x7F895E11,0xC1C52002,
  0x45382E80,0xFB745093,0x37A73261,0x89EB4C72,0x35CFAB91,0x8B83D582,0x4750B770,0xF91CC963,0x65C1A75C,0xDB8DD94F,0x175EBBBD,0xA912C5AE,0x1536224D,0xAB7A5C5E,0x67A93EAC,0xD9E540BF,
  0x6C26FF39,0xD26A812A,0x1EB9E3D8,0xA0F59DCB,0x1CD17A28,0xA29D043B,0x6E4E66C9,0xD00218DA,0x4CDF76E5,0xF29308F6,0x3E406A04,0x800C1417,0x3C28F3F4,0x82648DE7,0x4EB7EF15,0xF0FB9106,
  0x74069F84,0xCA4AE197,0x06998365,0xB8D5FD76,0x04F11A95,0xBABD6486,0x766E0674,0xC8227867,0x54FF1658,0xEAB3684B,0x26600AB9,0x982C74AA,0x24089349,0x9A44ED5A,0x56978FA8,0xE8DBF1BB,
  0xD8A587DB,0x66E9F9C8,0xAA3A9B3A,0x1476E529,0xA85202CA,0x161E7CD9,0xDACD1E2B,0x64816038,0xF85C0E07,0x46107014,0x8AC312E6,0x348F6CF5,0x88AB8B16,0x36E7F505,0xFA3497F7,0x4478E9E4,
  0xC085E766,0x7EC99975,0xB21AFB87,0x0C568594,0xB0726277,0x0E3E1C64,0xC2ED7E96,0x7CA10085,0xE07C6EBA,0x5E3010A9,0x92E3725B,0x2CAF0C48,0x908BEBAB,0x2EC795B8,0xE214F74A,0x5C588959,
  0xE99B36DF,0x57D748CC,0x9B042A3E,0x2548542D,0x996CB3CE,0x2720CDDD,0xEBF3AF2F,0x55BFD13C,0xC962BF03,0x772EC110,0xBBFDA3E2,0x05B1DDF1,0xB9953A12,0x07D94401,0xCB0A26F3,0x754658E0,
  0xF1BB5662,0x4FF72871,0x83244A83,0x3D683490,0x814CD373,0x3F00AD60,0xF3D3CF92,0x4D9FB181,0xD142DFBE,0x6F0EA1AD,0xA3DDC35F,0x1D91BD4C,0xA1B55AAF,0x1FF924BC,0xD32A464E,0x6D66385D,
  0x85BDC9E6,0x3BF1B7F5,0xF722D507,0x496EAB14,0xF54A4CF7,0x4B0632E4,0x87D55016,0x39992E05,0xA544403A,0x1B083E29,0xD7DB5CDB,0x699722C8,0xD5B3C52B,0x6BFFBB38,0xA72CD9CA,0x1960A7D9,
  0x9D9DA95B,0x23D1D748,0xEF02B5BA,0x514ECBA9,0xED6A2C4A,0x53265259,0x9FF530AB,0x21B94EB8,0xBD642087,0x03285E94,0xCFFB3C66,0x71B74275,0xCD93A596,0x73DFDB85,0xBF0CB977,0x0140C764,
  0xB48378E2,0x0ACF06F1,0xC61C6403,0x78501A10,0xC474FDF3,0x7A3883E0,0xB6EBE112,0x08A79F01,0x947AF13E,0x2A368F2D,0xE6E5EDDF,0x58A993CC,0xE48D742F,0x5AC10A3C,0x961268CE,0x285E16DD,
  0xACA3185F,0x12EF664C,0xDE3C04BE,0x60707AAD,0xDC549D4E,0x6218E35D,0xAECB81AF,0x1087FFBC,0x8C5A9183,0x3216EF90,0xFEC58D62,0x4089F371,0xFCAD1492,0x42E16A81,0x8E320873,0x307E7660,
  0x00000000,0x9892DA84,0x8B2B0BEF,0x13B9D16B,0xF5A76CD2,0x6D35B656,0x7E8C673D,0xE61EBDB9,0x8EF6DD2E,0x166407AA,0x05DDD6C1,0x9D4F0C45,0x7B51B1FC,0xE3C36B78,0xF07ABA13,0x68E86097,
  0xF0113986,0x6883E302,0x7B3A3269,0xE3A8E8ED,0x05B65554,0x9D248FD0,0x8E9D5EBB,0x160F843F,0x7EE7E4A8,0xE6753E2C,0xF5CCEF47,0x6D5E35C3,0x8B40887A,0x13D252FE,0x006B8395,0x98F95911,
  0x01885BC1,0x991A8145,0x8AA3502E,0x12318AAA,0xF42F3713,0x6CBDED97,0x7F043CFC,0xE796E678,0x8F7E86EF,0x17EC5C6B,0x04558D00,0x9CC75784,0x7AD9EA3D,0xE24B30B9,0xF1F2E1D2,0x69603B56,
  0xF1996247,0x690BB8C3,0x7AB269A8,0xE220B32C,0x043E0E95,0x9CACD411,0x8F15057A,0x1787DFFE,0x7F6FBF69,0xE7FD65ED,0xF444B486,0x6CD66E02,0x8AC8D3BB,0x125A093F,0x01E3D854,0x997102D0,
  0xEB0CFF1E,0x739E259A,0x6027F4F1,0xF8B52E75,0x1EAB93CC,0x86394948,0x95809823,0x0D1242A7,0x65FA2230,0xFD68F8B4,0xEED129DF,0x7643F35B,0x905D4EE2,0x08CF9466,0x1B76450D,0x83E49F89,
  0x1B1DC698,0x838F1C1C,0x9036CD77,0x08A417F3,0xEEBAAA4A,0x762870CE,0x6591A1A5,0xFD037B21,0x95EB1BB6,0x0D79C132,0x1EC01059,0x8652CADD,0x604C7764,0xF8DEADE0,0xEB677C8B,0x73F5A60F,
  0xEA84A4DF,0x72167E5B,0x61AFAF30,0xF93D75B4,0x1F23C80D,0x87B11289,0x9408C3E2,0x0C9A1966,0x647279F1,0xFCE0A375,0xEF59721E,0x77CBA89A,0x91D51523,0x0947CFA7,0x1AFE1ECC,0x826CC448,
  0x1A959D59,0x820747DD,0x91BE96B6,0x092C4C32,0xEF32F18B,0x77A02B0F,0x6419FA64,0xFC8B20E0,0x94634077,0x0CF19AF3,0x1F484B98,0x87DA911C,0x61C42CA5,0xF956F621,0xEAEF274A,0x727DFDCE,
  0x3F230B8F,0xA7B1D10B,0xB4080060,0x2C9ADAE4,0xCA84675D,0x5216BDD9,0x41AF6CB2,0xD93DB636,0xB1D5D6A1,0x29470C25,0x3AFEDD4E,0xA26C07CA,0x4472BA73,0xDCE060F7,0xCF59B19C,0x57CB6B18,
  0xCF323209,0x57A0E88D,0x441939E6,0xDC8BE362,0x3A955EDB,0xA207845F,0xB1BE5534,0x292C8FB0,0x41C4EF27,0xD95635A3,0xCAEFE4C8,0x527D3E4C,0xB46383F5,0x2CF15971,0x3F48881A,0xA7DA529E,
  0x3EAB504E,0xA6398ACA,0xB5805BA1,0x2D128125,0xCB0C3C9C,0x539EE618,0x40273773,0xD8B5EDF7,0xB05D8D60,0x28CF57E4,0x3B76868F,0xA3E45C0B,0x45FAE1B2,0xDD683B36,0xCED1EA5D,0x564330D9,
  0xCEBA69C8,0x5628B34C,0x45916227,0xDD03B8A3,0x3B1D051A,0xA38FDF9E,0xB0360EF5,0x28A4D471,0x404CB4E6,0xD8DE6E62,0xCB67BF09,0x53F5658D,0xB5EBD834,0x2D7902B0,0x3EC0D3DB,0xA652095F,
  0xD42FF491,0x4CBD2E15,0x5F04FF7E,0xC79625FA,0x21889843,0xB91A42C7,0xAAA393AC,0x32314928,0x5AD929BF,0xC24BF33B,0xD1F22250,0x4960F8D4,0xAF7E456D,0x37EC9FE9,0x24554E82,0xBCC79406,
  0x243ECD17,0xBCAC1793,0xAF15C6F8,0x37871C7C,0xD199A1C5,0x490B7B41,0x5AB2AA2A,0xC22070AE,0xAAC81039,0x325ACABD,0x21E31BD6,0xB971C152,0x5F6F7CEB,0xC7FDA66F,0xD4447704,0x4CD6AD80,
  0xD5A7AF50,0x4D3575D4,0x5E8CA4BF,0xC61E7E3B,0x2000C382,0xB8921906,0xAB2BC86D,0x33B912E9,0x5B51727E,0xC3C3A8FA,0xD07A7991,0x48E8A315,0xAEF61EAC,0x3664C428,0x25DD1543,0xBD4FCFC7,
  0x25B696D6,0xBD244C52,0xAE9D9D39,0x360F47BD,0xD011FA04,0x48832080,0x5B3AF1EB,0xC3A82B6F,0xAB404BF8,0x33D2917C,0x206B4017,0xB8F99A93,0x5EE7272A,0xC675FDAE,0xD5CC2CC5,0x4D5EF641,
  0x00000000,0x8AE1F9C5,0xC5884B52,0x4F69B297,0x8F929143,0x05736886,0x4A1ADA11,0xC0FB23D4,0xBB383967,0x31D9C0A2,0x7EB07235,0xF4518BF0,0x34AAA824,0xBE4B51E1,0xF122E376,0x7BC31AB3,
  0xAED15C7C,0x2430A5B9,0x6B59172E,0xE1B8EEEB,0x2143CD3F,0xABA234FA,0xE4CB866D,0x6E2A7FA8,0x15E9651B,0x9F089CDE,0xD0612E49,0x5A80D78C,0x9A7BF458,0x109A0D9D,0x5FF3BF0A,0xD51246CF,
  0xF75C81F6,0x7DBD7833,0x32D4CAA4,0xB8353361,0x78CE10B5,0xF22FE970,0xBD465BE7,0x37A7A222,0x4C64B891,0xC6854154,0x89ECF3C3,0x030D0A06,0xC3F629D2,0x4917D017,0x067E6280,0x8C9F9B45,
  0x598DDD8A,0xD36C244F,0x9C0596D8,0x16E46F1D,0xD61F4CC9,0x5CFEB50C,0x1397079B,0x9976FE5E,0xE2B5E4ED,0x68541D28,0x273DAFBF,0xADDC567A,0x6D2775AE,0xE7C68C6B,0xA8AF3EFC,0x224EC739,
  0xFBB2EFD3,0x71531616,0x3E3AA481,0xB4DB5D44,0x74207E90,0xFEC18755,0xB1A835C2,0x3B49CC07,0x408AD6B4,0xCA6B2F71,0x85029DE6,0x0FE36423,0xCF1847F7,0x45F9BE32,0x0A900CA5,0x8071F560,
  0x5563B3AF,0xDF824A6A,0x90EBF8FD,0x1A0A0138,0xDAF122EC,0x5010DB29,0x1F7969BE,0x9598907B,0xEE5B8AC8,0x64BA730D,0x2BD3C19A,0xA132385F,0x61C91B8B,0xEB28E24E,0xA44150D9,0x2EA0A91C,
  0x0CEE6E25,0x860F97E0,0xC9662577,0x4387DCB2,0x837CFF66,0x099D06A3,0x46F4B434,0xCC154DF1,0xB7D65742,0x3D37AE87,0x725E1C10,0xF8BFE5D5,0x3844C601,0xB2A53FC4,0xFDCC8D53,0x772D7496,
  0xA23F3259,0x28DECB9C,0x67B7790B,0xED5680CE,0x2DADA31A,0xA74C5ADF,0xE825E848,0x62C4118D,0x19070B3E,0x93E6F2FB,0xDC8F406C,0x566EB9A9,0x96959A7D,0x1C7463B8,0x531DD12F,0xD9FC28EA,
  0xA333B3BD,0x29D24A78,0x66BBF8EF,0xEC5A012A,0x2CA122FE,0xA640DB3B,0xE92969AC,0x63C89069,0x180B8ADA,0x92EA731F,0xDD83C188,0x5762384D,0x97991B99,0x1D78E25C,0x521150CB,0xD8F0A90E,
  0x0DE2EFC1,0x87031604,0xC86AA493,0x428B5D56,0x82707E82,0x08918747,0x47F835D0,0xCD19CC15,0xB6DAD6A6,0x3C3B2F63,0x73529DF4,0xF9B36431,0x394847E5,0xB3A9BE20,0xFCC00CB7,0x7621F572,
  0x546F324B,0xDE8ECB8E,0x91E77919,0x1B0680DC,0xDBFDA308,0x511C5ACD,0x1E75E85A,0x9494119F,0xEF570B2C,0x65B6F2E9,0x2ADF407E,0xA03EB9BB,0x60C59A6F,0xEA2463AA,0xA54DD13D,0x2FAC28F8,
  0xFABE6E37,0x705F97F2,0x3F362565,0xB5D7DCA0,0x752CFF74,0xFFCD06B1,0xB0A4B426,0x3A454DE3,0x41865750,0xCB67AE95,0x840E1C02,0x0EEFE5C7,0xCE14C613,0x44F53FD6,0x0B9C8D41,0x817D7484,
  0x58815C6E,0xD260A5AB,0x9D09173C,0x17E8EEF9,0xD713CD2D,0x5DF234E8,0x129B867F,0x987A7FBA,0xE3B96509,0x69589CCC,0x26312E5B,0xACD0D79E,0x6C2BF44A,0xE6CA0D8F,0xA9A3BF18,0x234246DD,
  0xF6500012,0x7CB1F9D7,0x33D84B40,0xB939B285,0x79C29151,0xF3236894,0xBC4ADA03,0x36AB23C6,0x4D683975,0xC789C0B0,0x88E07227,0x02018BE2,0xC2FAA836,0x481B51F3,0x0772E364,0x8D931AA1,
  0xAFDDDD98,0x253C245D,0x6A5596CA,0xE0B46F0F,0x204F4CDB,0xAAAEB51E,0xE5C70789,0x6F26FE4C,0x14E5E4FF,0x9E041D3A,0xD16DAFAD,0x5B8C5668,0x9B7775BC,0x11968C79,0x5EFF3EEE,0xD41EC72B,
  0x010C81E4,0x8BED7821,0xC484CAB6,0x4E653373,0x8E9E10A7,0x047FE962,0x4B165BF5,0xC1F7A230,0xBA34B883,0x30D54146,0x7FBCF3D1,0xF55D0A14,0x35A629C0,0xBF47D005,0xF02E6292,0x7ACF9B57,
  0x00000000,0xD4B44853,0x79D271BB,0xAD6639E8,0x379845B7,0xE32C0DE4,0x4E4A340C,0x9AFE7C5F,0x5F031527,0x8BB75D74,0x26D1649C,0xF2652CCF,0x689B5090,0xBC2F18C3,0x1149212B,0xC5FD6978,
  0x03CFAE23,0xD77BE670,0x7A1DDF98,0xAEA997CB,0x3457EB94,0xE0E3A3C7,0x4D859A2F,0x9931D27C,0x5CCCBB04,0x8878F357,0x251ECABF,0xF1AA82EC,0x6B54FEB3,0xBFE0B6E0,0x12868F08,0xC632C75B,
  0x98FAF449,0x4C4EBC1A,0xE12885F2,0x359CCDA1,0xAF62B1FE,0x7BD6F9AD,0xD6B0C045,0x02048816,0xC7F9E16E,0x134DA93D,0xBE2B90D5,0x6A9FD886,0xF061A4D9,0x24D5EC8A,0x89B3D562,0x5D079D31,
  0x9B355A6A,0x4F811239,0xE2E72BD1,0x36536382,0xACAD1FDD,0x7819578E,0xD57F6E66,0x01CB2635,0xC4364F4D,0x1082071E,0xBDE43EF6,0x695076A5,0xF3AE0AFA,0x271A42A9,0x8A7C7B41,0x5EC83312,
  0xA701D4A6,0x73B59CF5,0xDED3A51D,0x0A67ED4E,0x90999111,0x442DD942,0xE94BE0AA,0x3DFFA8F9,0xF802C181,0x2CB689D2,0x81D0B03A,0x5564F869,0xCF9A8436,0x1B2ECC65,0xB648F58D,0x62FCBDDE,
  0xA4CE7A85,0x707A32D6,0xDD1C0B3E,0x09A8436D,0x93563F32,0x47E27761,0xEA844E89,0x3E3006DA,0xFBCD6FA2,0x2F7927F1,0x821F1E19,0x56AB564A,0xCC552A15,0x18E16246,0xB5875BAE,0x613313FD,
  0x3FFB20EF,0xEB4F68BC,0x46295154,0x929D1907,0x08636558,0xDCD72D0B,0x71B114E3,0xA5055CB0,0x60F835C8,0xB44C7D9B,0x192A4473,0xCD9E0C20,0x5760707F,0x83D4382C,0x2EB201C4,0xFA064997,
  0x3C348ECC,0xE880C69F,0x45E6FF77,0x9152B724,0x0BACCB7B,0xDF188328,0x727EBAC0,0xA6CAF293,0x63379BEB,0xB783D3B8,0x1AE5EA50,0xCE51A203,0x54AFDE5C,0x801B960F,0x2D7DAFE7,0xF9C9E7B4,
  0x69ED9B6E,0xBD59D33D,0x103FEAD5,0xC48BA286,0x5E75DED9,0x8AC1968A,0x27A7AF62,0xF313E731,0x36EE8E49,0xE25AC61A,0x4F3CFFF2,0x9B88B7A1,0x0176CBFE,0xD5C283AD,0x78A4BA45,0xAC10F216,
  0x6A22354D,0xBE967D1E,0x13F044F6,0xC7440CA5,0x5DBA70FA,0x890E38A9,0x24680141,0xF0DC4912,0x3521206A,0xE1956839,0x4CF351D1,0x98471982,0x02B965DD,0xD60D2D8E,0x7B6B1466,0xAFDF5C35,
  0xF1176F27,0x25A32774,0x88C51E9C,0x5C7156CF,0xC68F2A90,0x123B62C3,0xBF5D5B2B,0x6BE91378,0xAE147A00,0x7AA03253,0xD7C60BBB,0x037243E8,0x998C3FB7,0x4D3877E4,0xE05E4E0C,0x34EA065F,
  0xF2D8C104,0x266C8957,0x8B0AB0BF,0x5FBEF8EC,0xC54084B3,0x11F4CCE0,0xBC92F508,0x6826BD5B,0xADDBD423,0x796F9C70,0xD409A598,0x00BDEDCB,0x9A439194,0x4EF7D9C7,0xE391E02F,0x3725A87C,
  0xCEEC4FC8,0x1A58079B,0xB73E3E73,0x638A7620,0xF9740A7F,0x2DC0422C,0x80A67BC4,0x54123397,0x91EF5AEF,0x455B12BC,0xE83D2B54,0x3C896307,0xA6771F58,0x72C3570B,0xDFA56EE3,0x0B1126B0,
  0xCD23E1EB,0x1997A9B8,0xB4F19050,0x6045D803,0xFABBA45C,0x2E0FEC0F,0x8369D5E7,0x57DD9DB4,0x9220F4CC,0x4694BC9F,0xEBF28577,0x3F46CD24,0xA5B8B17B,0x710CF928,0xDC6AC0C0,0x08DE8893,
  0x5616BB81,0x82A2F3D2,0x2FC4CA3A,0xFB708269,0x618EFE36,0xB53AB665,0x185C8F8D,0xCCE8C7DE,0x0915AEA6,0xDDA1E6F5,0x70C7DF1D,0xA473974E,0x3E8DEB11,0xEA39A342,0x475F9AAA,0x93EBD2F9,
  0x55D915A2,0x816D5DF1,0x2C0B6419,0xF8BF2C4A,0x62415015,0xB6F51846,0x1B9321AE,0xCF2769FD,0x0ADA0085,0xDE6E48D6,0x7308713E,0xA7BC396D,0x3D424532,0xE9F60D61,0x44903489,0x90247CDA,
  0x00000000,0x9D9D9838,0x05BCE4FF,0x98217CC7,0x44C4CB8F,0xD95953B7,0x41782F70,0xDCE5B748,0x6C213710,0xF1BCAF28,0x699DD3EF,0xF4004BD7,0x28E5FC9F,0xB57864A7,0x2D591860,0xB0C48058,
  0x3EFE74D6,0xA363ECEE,0x3B429029,0xA6DF0811,0x7A3ABF59,0xE7A72761,0x7F865BA6,0xE21BC39E,0x52DF43C6,0xCF42DBFE,0x5763A739,0xCAFE3F01,0x161B8849,0x8B861071,0x13A76CB6,0x8E3AF48E,
  0x9636A4F0,0x0BAB3CC8,0x938A400F,0x0E17D837,0xD2F26F7F,0x4F6FF747,0xD74E8B80,0x4AD313B8,0xFA1793E0,0x678A0BD8,0xFFAB771F,0x6236EF27,0xBED3586F,0x234EC057,0xBB6FBC90,0x26F224A8,
  0xA8C8D026,0x3555481E,0xAD7434D9,0x30E9ACE1,0xEC0C1BA9,0x71918391,0xE9B0FF56,0x742D676E,0xC4E9E736,0x59747F0E,0xC15503C9,0x5CC89BF1,0x802D2CB9,0x1DB0B481,0x8591C846,0x180C507E,
  0x15A5BBCA,0x883823F2,0x10195F35,0x8D84C70D,0x51617045,0xCCFCE87D,0x54DD94BA,0xC9400C82,0x79848CDA,0xE41914E2,0x7C386825,0xE1A5F01D,0x3D404755,0xA0DDDF6D,0x38FCA3AA,0xA5613B92,
  0x2B5BCF1C,0xB6C65724,0x2EE72BE3,0xB37AB3DB,0x6F9F0493,0xF2029CAB,0x6A23E06C,0xF7BE7854,0x477AF80C,0xDAE76034,0x42C61CF3,0xDF5B84CB,0x03BE3383,0x9E23ABBB,0x0602D77C,0x9B9F4F44,
  0x83931F3A,0x1E0E8702,0x862FFBC5,0x1BB263FD,0xC757D4B5,0x5ACA4C8D,0xC2EB304A,0x5F76A872,0xEFB2282A,0x722FB012,0xEA0ECCD5,0x779354ED,0xAB76E3A5,0x36EB7B9D,0xAECA075A,0x33579F62,
  0xBD6D6BEC,0x20F0F3D4,0xB8D18F13,0x254C172B,0xF9A9A063,0x6434385B,0xFC15449C,0x6188DCA4,0xD14C5CFC,0x4CD1C4C4,0xD4F0B803,0x496D203B,0x95889773,0x08150F4B,0x9034738C,0x0DA9EBB4,
  0xF9B54D95,0x6428D5AD,0xFC09A96A,0x61943152,0xBD71861A,0x20EC1E22,0xB8CD62E5,0x2550FADD,0x95947A85,0x0809E2BD,0x90289E7A,0x0DB50642,0xD150B10A,0x4CCD2932,0xD4EC55F5,0x4971CDCD,
  0xC74B3943,0x5AD6A17B,0xC2F7DDBC,0x5F6A4584,0x838FF2CC,0x1E126AF4,0x86331633,0x1BAE8E0B,0xAB6A0E53,0x36F7966B,0xAED6EAAC,0x334B7294,0xEFAEC5DC,0x72335DE4,0xEA122123,0x778FB91B,
  0x6F83E965,0xF21E715D,0x6A3F0D9A,0xF7A295A2,0x2B4722EA,0xB6DABAD2,0x2EFBC615,0xB3665E2D,0x03A2DE75,0x9E3F464D,0x061E3A8A,0x9B83A2B2,0x476615FA,0xDAFB8DC2,0x42DAF105,0xDF47693D,
  0x517D9DB3,0xCCE0058B,0x54C1794C,0xC95CE174,0x15B9563C,0x8824CE04,0x1005B2C3,0x8D982AFB,0x3D5CAAA3,0xA0C1329B,0x38E04E5C,0xA57DD664,0x7998612C,0xE405F914,0x7C2485D3,0xE1B91DEB,
  0xEC10F65F,0x718D6E67,0xE9AC12A0,0x74318A98,0xA8D43DD0,0x3549A5E8,0xAD68D92F,0x30F54117,0x8031C14F,0x1DAC5977,0x858D25B0,0x1810BD88,0xC4F50AC0,0x596892F8,0xC149EE3F,0x5CD47607,
  0xD2EE8289,0x4F731AB1,0xD7526676,0x4ACFFE4E,0x962A4906,0x0BB7D13E,0x9396ADF9,0x0E0B35C1,0xBECFB599,0x23522DA1,0xBB735166,0x26EEC95E,0xFA0B7E16,0x6796E62E,0xFFB79AE9,0x622A02D1,
  0x7A2652AF,0xE7BBCA97,0x7F9AB650,0xE2072E68,0x3EE29920,0xA37F0118,0x3B5E7DDF,0xA6C3E5E7,0x160765BF,0x8B9AFD87,0x13BB8140,0x8E261978,0x52C3AE30,0xCF5E3608,0x577F4ACF,0xCAE2D2F7,
  0x44D82679,0xD945BE41,0x4164C286,0xDCF95ABE,0x001CEDF6,0x9D8175CE,0x05A00909,0x983D9131,0x28F91169,0xB5648951,0x2D45F596,0xB0D86DAE,0x6C3DDAE6,0xF1A042DE,0x69813E19,0xF41CA621,
  0x00000000,0x6E17AC4B,0xC1AB425F,0xAFBCEE14,0x10B1BE80,0x7EA612CB,0xD11AFCDF,0xBF0D5094,0x574B65BF,0x395CC9F4,0x96E027E0,0xF8F78BAB,0x47FADB3F,0x29ED7774,0x86519960,0xE846352B,
  0x13CDAD0E,0x7DDA0145,0xD266EF51,0xBC71431A,0x037C138E,0x6D6BBFC5,0xC2D751D1,0xACC0FD9A,0x4486C8B1,0x2A9164FA,0x852D8AEE,0xEB3A26A5,0x54377631,0x3A20DA7A,0x959C346E,0xFB8B9825,
  0x829131A1,0xEC869DEA,0x433A73FE,0x2D2DDFB5,0x92208F21,0xFC37236A,0x538BCD7E,0x3D9C6135,0xD5DA541E,0xBBCDF855,0x14711641,0x7A66BA0A,0xC56BEA9E,0xAB7C46D5,0x04C0A8C1,0x6AD7048A,
  0x915C9CAF,0xFF4B30E4,0x50F7DEF0,0x3EE072BB,0x81ED222F,0xEFFA8E64,0x40466070,0x2E51CC3B,0xC617F910,0xA800555B,0x07BCBB4F,0x69AB1704,0xD6A64790,0xB8B1EBDB,0x170D05CF,0x791AA984,
  0x0A166D56,0x6401C11D,0xCBBD2F09,0xA5AA8342,0x1AA7D3D6,0x74B07F9D,0xDB0C9189,0xB51B3DC2,0x5D5D08E9,0x334AA4A2,0x9CF64AB6,0xF2E1E6FD,0x4DECB669,0x23FB1A22,0x8C47F436,0xE250587D,
  0x19DBC058,0x77CC6C13,0xD8708207,0xB6672E4C,0x096A7ED8,0x677DD293,0xC8C13C87,0xA6D690CC,0x4E90A5E7,0x208709AC,0x8F3BE7B8,0xE12C4BF3,0x5E211B67,0x3036B72C,0x9F8A5938,0xF19DF573,
  0x88875CF7,0xE690F0BC,0x492C1EA8,0x273BB2E3,0x9836E277,0xF6214E3C,0x599DA028,0x378A0C63,0xDFCC3948,0xB1DB9503,0x1E677B17,0x7070D75C,0xCF7D87C8,0xA16A2B83,0x0ED6C597,0x60C169DC,
  0x9B4AF1F9,0xF55D5DB2,0x5AE1B3A6,0x34F61FED,0x8BFB4F79,0xE5ECE332,0x4A500D26,0x2447A16D,0xCC019446,0xA216380D,0x0DAAD619,0x63BD7A52,0xDCB02AC6,0xB2A7868D,0x1D1B6899,0x730CC4D2,
  0x71D2276B,0x1FC58B20,0xB0796534,0xDE6EC97F,0x616399EB,0x0F7435A0,0xA0C8DBB4,0xCEDF77FF,0x269942D4,0x488EEE9F,0xE732008B,0x8925ACC0,0x3628FC54,0x583F501F,0xF783BE0B,0x99941240,
  0x621F8A65,0x0C08262E,0xA3B4C83A,0xCDA36471,0x72AE34E5,0x1CB998AE,0xB30576BA,0xDD12DAF1,0x3554EFDA,0x5B434391,0xF4FFAD85,0x9AE801CE,0x25E5515A,0x4BF2FD11,0xE44E1305,0x8A59BF4E,
  0xF34316CA,0x9D54BA81,0x32E85495,0x5CFFF8DE,0xE3F2A84A,0x8DE50401,0x2259EA15,0x4C4E465E,0xA4087375,0xCA1FDF3E,0x65A3312A,0x0BB49D61,0xB4B9CDF5,0xDAAE61BE,0x75128FAA,0x1B0523E1,
  0xE08EBBC4,0x8E99178F,0x2125F99B,0x4F3255D0,0xF03F0544,0x9E28A90F,0x3194471B,0x5F83EB50,0xB7C5DE7B,0xD9D27230,0x766E9C24,0x1879306F,0xA77460FB,0xC963CCB0,0x66DF22A4,0x08C88EEF,
  0x7BC44A3D,0x15D3E676,0xBA6F0862,0xD478A429,0x6B75F4BD,0x056258F6,0xAADEB6E2,0xC4C91AA9,0x2C8F2F82,0x429883C9,0xED246DDD,0x8333C196,0x3C3E9102,0x52293D49,0xFD95D35D,0x93827F16,
  0x6809E733,0x061E4B78,0xA9A2A56C,0xC7B50927,0x78B859B3,0x16AFF5F8,0xB9131BEC,0xD704B7A7,0x3F42828C,0x51552EC7,0xFEE9C0D3,0x90FE6C98,0x2FF33C0C,0x41E49047,0xEE587E53,0x804FD218,
  0xF9557B9C,0x9742D7D7,0x38FE39C3,0x56E99588,0xE9E4C51C,0x87F36957,0x284F8743,0x46582B08,0xAE1E1E23,0xC009B268,0x6FB55C7C,0x01A2F037,0xBEAFA0A3,0xD0B80CE8,0x7F04E2FC,0x11134EB7,
  0xEA98D692,0x848F7AD9,0x2B3394CD,0x45243886,0xFA296812,0x943EC459,0x3B822A4D,0x55958606,0xBDD3B32D,0xD3C41F66,0x7C78F172,0x126F5D39,0xAD620DAD,0xC375A1E6,0x6CC94FF2,0x02DEE3B9,
  0x00000000,0x1C96D8E1,0xC61A0597,0xDA8CDD76,0x33166A9D,0x2F80B27C,0xF50C6F0A,0xE99AB7EB,0xB2B32153,0xAE25F9B2,0x74A924C4,0x683FFC25,0x81A54BCE,0x9D33932F,0x47BF4E59,0x5B2996B8,
  0xB6B35239,0xAA258AD8,0x70A957AE,0x6C3F8F4F,0x85A538A4,0x9933E045,0x43BF3D33,0x5F29E5D2,0x0400736A,0x1896AB8B,0xC21A76FD,0xDE8CAE1C,0x371619F7,0x2B80C116,0xF10C1C60,0xED9AC481,
  0x4D03DFF1,0x51950710,0x8B19DA66,0x978F0287,0x7E15B56C,0x62836D8D,0xB80FB0FB,0xA499681A,0xFFB0FEA2,0xE3262643,0x39AAFB35,0x253C23D4,0xCCA6943F,0xD0304CDE,0x0ABC91A8,0x162A4949,
  0xFBB08DC8,0xE7265529,0x3DAA885F,0x213C50BE,0xC8A6E755,0xD4303FB4,0x0EBCE2C2,0x122A3A23,0x4903AC9B,0x5595747A,0x8F19A90C,0x938F71ED,0x7A15C606,0x66831EE7,0xBC0FC391,0xA0991B70,
  0xD10A7CAB,0xCD9CA44A,0x1710793C,0x0B86A1DD,0xE21C1636,0xFE8ACED7,0x240613A1,0x3890CB40,0x63B95DF8,0x7F2F8519,0xA5A3586F,0xB935808E,0x50AF3765,0x4C39EF84,0x96B532F2,0x8A23EA13,
  0x67B92E92,0x7B2FF673,0xA1A32B05,0xBD35F3E4,0x54AF440F,0x48399CEE,0x92B54198,0x8E239979,0xD50A0FC1,0xC99CD720,0x13100A56,0x0F86D2B7,0xE61C655C,0xFA8ABDBD,0x200660CB,0x3C90B82A,
  0x9C09A35A,0x809F7BBB,0x5A13A6CD,0x46857E2C,0xAF1FC9C7,0xB3891126,0x6905CC50,0x759314B1,0x2EBA8209,0x322C5AE8,0xE8A0879E,0xF4365F7F,0x1DACE894,0x013A3075,0xDBB6ED03,0xC72035E2,
  0x2ABAF163,0x362C2982,0xECA0F4F4,0xF0362C15,0x19AC9BFE,0x053A431F,0xDFB69E69,0xC3204688,0x9809D030,0x849F08D1,0x5E13D5A7,0x42850D46,0xAB1FBAAD,0xB789624C,0x6D05BF3A,0x719367DB,
  0x799818DE,0x650EC03F,0xBF821D49,0xA314C5A8,0x4A8E7243,0x5618AAA2,0x8C9477D4,0x9002AF35,0xCB2B398D,0xD7BDE16C,0x0D313C1A,0x11A7E4FB,0xF83D5310,0xE4AB8BF1,0x3E275687,0x22B18E66,
  0xCF2B4AE7,0xD3BD9206,0x09314F70,0x15A79791,0xFC3D207A,0xE0ABF89B,0x3A2725ED,0x26B1FD0C,0x7D986BB4,0x610EB355,0xBB826E23,0xA714B6C2,0x4E8E0129,0x5218D9C8,0x889404BE,0x9402DC5F,
  0x349BC72F,0x280D1FCE,0xF281C2B8,0xEE171A59,0x078DADB2,0x1B1B7553,0xC197A825,0xDD0170C4,0x8628E67C,0x9ABE3E9D,0x4032E3EB,0x5CA43B0A,0xB53E8CE1,0xA9A85400,0x73248976,0x6FB25197,
  0x82289516,0x9EBE4DF7,0x44329081,0x58A44860,0xB13EFF8B,0xADA8276A,0x7724FA1C,0x6BB222FD,0x309BB445,0x2C0D6CA4,0xF681B1D2,0xEA176933,0x038DDED8,0x1F1B0639,0xC597DB4F,0xD90103AE,
  0xA8926475,0xB404BC94,0x6E8861E2,0x721EB903,0x9B840EE8,0x8712D609,0x5D9E0B7F,0x4108D39E,0x1A214526,0x06B79DC7,0xDC3B40B1,0xC0AD9850,0x29372FBB,0x35A1F75A,0xEF2D2A2C,0xF3BBF2CD,
  0x1E21364C,0x02B7EEAD,0xD83B33DB,0xC4ADEB3A,0x2D375CD1,0x31A18430,0xEB2D5946,0xF7BB81A7,0xAC92171F,0xB004CFFE,0x6A881288,0x761ECA69,0x9F847D82,0x8312A563,0x599E7815,0x4508A0F4,
  0xE591BB84,0xF9076365,0x238BBE13,0x3F1D66F2,0xD687D119,0xCA1109F8,0x109DD48E,0x0C0B0C6F,0x57229AD7,0x4BB44236,0x91389F40,0x8DAE47A1,0x6434F04A,0x78A228AB,0xA22EF5DD,0xBEB82D3C,
  0x5322E9BD,0x4FB4315C,0x9538EC2A,0x89AE34CB,0x60348320,0x7CA25BC1,0xA62E86B7,0xBAB85E56,0xE191C8EE,0xFD07100F,0x278BCD79,0x3B1D1598,0xD287A273,0xCE117A92,0x149DA7E4,0x080B7F05,
  0x00000000,0xCDF76F31,0x9F4C08FC,0x52BB67CD,0x093F2A3B,0xC4C8450A,0x967322C7,0x5B844DF6,0x1BE8A36E,0xD61FCC5F,0x84A4AB92,0x4953C4A3,0x12D78955,0xDF20E664,0x8D9B81A9,0x406CEE98,
  0xA26AA548,0x6F9DCA79,0x3D26ADB4,0xF0D1C285,0xAB558F73,0x66A2E042,0x3419878F,0xF9EEE8BE,0xB9820626,0x74756917,0x26CE0EDA,0xEB3961EB,0xB0BD2C1D,0x7D4A432C,0x2FF124E1,0xE2064BD0,
  0x03B919E6,0xCE4E76D7,0x9CF5111A,0x51027E2B,0x0A8633DD,0xC7715CEC,0x95CA3B21,0x583D5410,0x1851BA88,0xD5A6D5B9,0x871DB274,0x4AEADD45,0x116E90B3,0xDC99FF82,0x8E22984F,0x43D5F77E,
  0xA1D3BCAE,0x6C24D39F,0x3E9FB452,0xF368DB63,0xA8EC9695,0x651BF9A4,0x37A09E69,0xFA57F158,0xBA3B1FC0,0x77CC70F1,0x2577173C,0xE880780D,0xB30435FB,0x7EF35ACA,0x2C483D07,0xE1BF5236,
  0x9703072F,0x5AF4681E,0x084F0FD3,0xC5B860E2,0x9E3C2D14,0x53CB4225,0x017025E8,0xCC874AD9,0x8CEBA441,0x411CCB70,0x13A7ACBD,0xDE50C38C,0x85D48E7A,0x4823E14B,0x1A988686,0xD76FE9B7,
  0x3569A267,0xF89ECD56,0xAA25AA9B,0x67D2C5AA,0x3C56885C,0xF1A1E76D,0xA31A80A0,0x6EEDEF91,0x2E810109,0xE3766E38,0xB1CD09F5,0x7C3A66C4,0x27BE2B32,0xEA494403,0xB8F223CE,0x75054CFF,
  0x94BA1EC9,0x594D71F8,0x0BF61635,0xC6017904,0x9D8534F2,0x50725BC3,0x02C93C0E,0xCF3E533F,0x8F52BDA7,0x42A5D296,0x101EB55B,0xDDE9DA6A,0x866D979C,0x4B9AF8AD,0x19219F60,0xD4D6F051,
  0x36D0BB81,0xFB27D4B0,0xA99CB37D,0x646BDC4C,0x3FEF91BA,0xF218FE8B,0xA0A39946,0x6D54F677,0x2D3818EF,0xE0CF77DE,0xB2741013,0x7F837F22,0x240732D4,0xE9F05DE5,0xBB4B3A28,0x76BC5519,
  0x4AF9488F,0x870E27BE,0xD5B54073,0x18422F42,0x43C662B4,0x8E310D85,0xDC8A6A48,0x117D0579,0x5111EBE1,0x9CE684D0,0xCE5DE31D,0x03AA8C2C,0x582EC1DA,0x95D9AEEB,0xC762C926,0x0A95A617,
  0xE893EDC7,0x256482F6,0x77DFE53B,0xBA288A0A,0xE1ACC7FC,0x2C5BA8CD,0x7EE0CF00,0xB317A031,0xF37B4EA9,0x3E8C2198,0x6C374655,0xA1C02964,0xFA446492,0x37B30BA3,0x65086C6E,0xA8FF035F,
  0x49405169,0x84B73E58,0xD60C5995,0x1BFB36A4,0x407F7B52,0x8D881463,0xDF3373AE,0x12C41C9F,0x52A8F207,0x9F5F9D36,0xCDE4FAFB,0x001395CA,0x5B97D83C,0x9660B70D,0xC4DBD0C0,0x092CBFF1,
  0xEB2AF421,0x26DD9B10,0x7466FCDD,0xB99193EC,0xE215DE1A,0x2FE2B12B,0x7D59D6E6,0xB0AEB9D7,0xF0C2574F,0x3D35387E,0x6F8E5FB3,0xA2793082,0xF9FD7D74,0x340A1245,0x66B17588,0xAB461AB9,
  0xDDFA4FA0,0x100D2091,0x42B6475C,0x8F41286D,0xD4C5659B,0x19320AAA,0x4B896D67,0x867E0256,0xC612ECCE,0x0BE583FF,0x595EE432,0x94A98B03,0xCF2DC6F5,0x02DAA9C4,0x5061CE09,0x9D96A138,
  0x7F90EAE8,0xB26785D9,0xE0DCE214,0x2D2B8D25,0x76AFC0D3,0xBB58AFE2,0xE9E3C82F,0x2414A71E,0x64784986,0xA98F26B7,0xFB34417A,0x36C32E4B,0x6D4763BD,0xA0B00C8C,0xF20B6B41,0x3FFC0470,
  0xDE435646,0x13B43977,0x410F5EBA,0x8CF8318B,0xD77C7C7D,0x1A8B134C,0x48307481,0x85C71BB0,0xC5ABF528,0x085C9A19,0x5AE7FDD4,0x971092E5,0xCC94DF13,0x0163B022,0x53D8D7EF,0x9E2FB8DE,
  0x7C29F30E,0xB1DE9C3F,0xE365FBF2,0x2E9294C3,0x7516D935,0xB8E1B604,0xEA5AD1C9,0x27ADBEF8,0x67C15060,0xAA363F51,0xF88D589C,0x357A37AD,0x6EFE7A5B,0xA309156A,0xF1B272A7,0x3C451D96,
  0x00000000,0x33126E19,0xEF1478F8,0xDC0616E1,0xA5FADF90,0x96E8B189,0x4AEEA768,0x79FCC971,0xEAFC0FEF,0xD9EE61F6,0x05E87717,0x36FA190E,0x4F06D07F,0x7C14BE66,0xA012A887,0x9300C69E,
  0x95A52C26,0xA6B7423F,0x7AB154DE,0x49A33AC7,0x305FF3B6,0x034D9DAF,0xDF4B8B4E,0xEC59E557,0x7F5923C9,0x4C4B4DD0,0x904D5B31,0xA35F3528,0xDAA3FC59,0xE9B19240,0x35B784A1,0x06A5EAB8,
  0x9E79368D,0xAD6B5894,0x716D4E75,0x427F206C,0x3B83E91D,0x08918704,0xD49791E5,0xE785FFFC,0x74853962,0x4797577B,0x9B91419A,0xA8832F83,0xD17FE6F2,0xE26D88EB,0x3E6B9E0A,0x0D79F013,
  0x0BDC1AAB,0x38CE74B2,0xE4C86253,0xD7DA0C4A,0xAE26C53B,0x9D34AB22,0x4132BDC3,0x7220D3DA,0xE1201544,0xD2327B5D,0x0E346DBC,0x3D2603A5,0x44DACAD4,0x77C8A4CD,0xABCEB22C,0x98DCDC35,
  0xB9E44BE6,0x8AF625FF,0x56F0331E,0x65E25D07,0x1C1E9476,0x2F0CFA6F,0xF30AEC8E,0xC0188297,0x53184409,0x600A2A10,0xBC0C3CF1,0x8F1E52E8,0xF6E29B99,0xC5F0F580,0x19F6E361,0x2AE48D78,
  0x2C4167C0,0x1F5309D9,0xC3551F38,0xF0477121,0x89BBB850,0xBAA9D649,0x66AFC0A8,0x55BDAEB1,0xC6BD682F,0xF5AF0636,0x29A910D7,0x1ABB7ECE,0x6347B7BF,0x5055D9A6,0x8C53CF47,0xBF41A15E,
  0x279D7D6B,0x148F1372,0xC8890593,0xFB9B6B8A,0x8267A2FB,0xB175CCE2,0x6D73DA03,0x5E61B41A,0xCD617284,0xFE731C9D,0x22750A7C,0x11676465,0x689BAD14,0x5B89C30D,0x878FD5EC,0xB49DBBF5,
  0xB238514D,0x812A3F54,0x5D2C29B5,0x6E3E47AC,0x17C28EDD,0x24D0E0C4,0xF8D6F625,0xCBC4983C,0x58C45EA2,0x6BD630BB,0xB7D0265A,0x84C24843,0xFD3E8132,0xCE2CEF2B,0x122AF9CA,0x213897D3,
  0x815BF62B,0xB2499832,0x6E4F8ED3,0x5D5DE0CA,0x24A129BB,0x17B347A2,0xCBB55143,0xF8A73F5A,0x6BA7F9C4,0x58B597DD,0x84B3813C,0xB7A1EF25,0xCE5D2654,0xFD4F484D,0x21495EAC,0x125B30B5,
  0x14FEDA0D,0x27ECB414,0xFBEAA2F5,0xC8F8CCEC,0xB104059D,0x82166B84,0x5E107D65,0x6D02137C,0xFE02D5E2,0xCD10BBFB,0x1116AD1A,0x2204C303,0x5BF80A72,0x68EA646B,0xB4EC728A,0x87FE1C93,
  0x1F22C0A6,0x2C30AEBF,0xF036B85E,0xC324D647,0xBAD81F36,0x89CA712F,0x55CC67CE,0x66DE09D7,0xF5DECF49,0xC6CCA150,0x1ACAB7B1,0x29D8D9A8,0x502410D9,0x63367EC0,0xBF306821,0x8C220638,
  0x8A87EC80,0xB9958299,0x65939478,0x5681FA61,0x2F7D3310,0x1C6F5D09,0xC0694BE8,0xF37B25F1,0x607BE36F,0x53698D76,0x8F6F9B97,0xBC7DF58E,0xC5813CFF,0xF69352E6,0x2A954407,0x19872A1E,
  0x38BFBDCD,0x0BADD3D4,0xD7ABC535,0xE4B9AB2C,0x9D45625D,0xAE570C44,0x72511AA5,0x414374BC,0xD243B222,0xE151DC3B,0x3D57CADA,0x0E45A4C3,0x77B96DB2,0x44AB03AB,0x98AD154A,0xABBF7B53,
  0xAD1A91EB,0x9E08FFF2,0x420EE913,0x711C870A,0x08E04E7B,0x3BF22062,0xE7F43683,0xD4E6589A,0x47E69E04,0x74F4F01D,0xA8F2E6FC,0x9BE088E5,0xE21C4194,0xD10E2F8D,0x0D08396C,0x3E1A5775,
  0xA6C68B40,0x95D4E559,0x49D2F3B8,0x7AC09DA1,0x033C54D0,0x302E3AC9,0xEC282C28,0xDF3A4231,0x4C3A84AF,0x7F28EAB6,0xA32EFC57,0x903C924E,0xE9C05B3F,0xDAD23526,0x06D423C7,0x35C64DDE,
  0x3363A766,0x0071C97F,0xDC77DF9E,0xEF65B187,0x969978F6,0xA58B16EF,0x798D000E,0x4A9F6E17,0xD99FA889,0xEA8DC690,0x368BD071,0x0599BE68,0x7C657719,0x4F771900,0x93710FE1,0xA06361F8,
  0x00000000,0x3544FF72,0xA21E5C60,0x975AA312,0x78693CCD,0x4D2DC3BF,0xDA7760AD,0xEF339FDF,0x090E3837,0x3C4AC745,0xAB106457,0x9E549B25,0x716704FA,0x4423FB88,0xD379589A,0xE63DA7E8,
  0x09437EF6,0x3C078184,0xAB5D2296,0x9E19DDE4,0x712A423B,0x446EBD49,0xD3341E5B,0xE670E129,0x004D46C1,0x3509B9B3,0xA2531AA1,0x9717E5D3,0x78247A0C,0x4D60857E,0xDA3A266C,0xEF7ED91E,
  0x905E7C69,0xA51A831B,0x32402009,0x0704DF7B,0xE83740A4,0xDD73BFD6,0x4A291CC4,0x7F6DE3B6,0x9950445E,0xAC14BB2C,0x3B4E183E,0x0E0AE74C,0xE1397893,0xD47D87E1,0x432724F3,0x7663DB81,
  0x991D029F,0xAC59FDED,0x3B035EFF,0x0E47A18D,0xE1743E52,0xD430C120,0x436A6232,0x762E9D40,0x90133AA8,0xA557C5DA,0x320D66C8,0x074999BA,0xE87A0665,0xDD3EF917,0x4A645A05,0x7F20A577,
  0x700AC40A,0x454E3B78,0xD214986A,0xE7506718,0x0863F8C7,0x3D2707B5,0xAA7DA4A7,0x9F395BD5,0x7904FC3D,0x4C40034F,0xDB1AA05D,0xEE5E5F2F,0x016DC0F0,0x34293F82,0xA3739C90,0x963763E2,
  0x7949BAFC,0x4C0D458E,0xDB57E69C,0xEE1319EE,0x01208631,0x34647943,0xA33EDA51,0x967A2523,0x704782CB,0x45037DB9,0xD259DEAB,0xE71D21D9,0x082EBE06,0x3D6A4174,0xAA30E266,0x9F741D14,
  0xE054B863,0xD5104711,0x424AE403,0x770E1B71,0x983D84AE,0xAD797BDC,0x3A23D8CE,0x0F6727BC,0xE95A8054,0xDC1E7F26,0x4B44DC34,0x7E002346,0x9133BC99,0xA47743EB,0x332DE0F9,0x06691F8B,
  0xE917C695,0xDC5339E7,0x4B099AF5,0x7E4D6587,0x917EFA58,0xA43A052A,0x3360A638,0x0624594A,0xE019FEA2,0xD55D01D0,0x4207A2C2,0x77435DB0,0x9870C26F,0xAD343D1D,0x3A6E9E0F,0x0F2A617D,
  0xF406140B,0xC142EB79,0x5618486B,0x635CB719,0x8C6F28C6,0xB92BD7B4,0x2E7174A6,0x1B358BD4,0xFD082C3C,0xC84CD34E,0x5F16705C,0x6A528F2E,0x856110F1,0xB025EF83,0x277F4C91,0x123BB3E3,
  0xFD456AFD,0xC801958F,0x5F5B369D,0x6A1FC9EF,0x852C5630,0xB068A942,0x27320A50,0x1276F522,0xF44B52CA,0xC10FADB8,0x56550EAA,0x6311F1D8,0x8C226E07,0xB9669175,0x2E3C3267,0x1B78CD15,
  0x64586862,0x511C9710,0xC6463402,0xF302CB70,0x1C3154AF,0x2975ABDD,0xBE2F08CF,0x8B6BF7BD,0x6D565055,0x5812AF27,0xCF480C35,0xFA0CF347,0x153F6C98,0x207B93EA,0xB72130F8,0x8265CF8A,
  0x6D1B1694,0x585FE9E6,0xCF054AF4,0xFA41B586,0x15722A59,0x2036D52B,0xB76C7639,0x8228894B,0x64152EA3,0x5151D1D1,0xC60B72C3,0xF34F8DB1,0x1C7C126E,0x2938ED1C,0xBE624E0E,0x8B26B17C,
  0x840CD001,0xB1482F73,0x26128C61,0x13567313,0xFC65ECCC,0xC92113BE,0x5E7BB0AC,0x6B3F4FDE,0x8D02E836,0xB8461744,0x2F1CB456,0x1A584B24,0xF56BD4FB,0xC02F2B89,0x5775889B,0x623177E9,
  0x8D4FAEF7,0xB80B5185,0x2F51F297,0x1A150DE5,0xF526923A,0xC0626D48,0x5738CE5A,0x627C3128,0x844196C0,0xB10569B2,0x265FCAA0,0x131B35D2,0xFC28AA0D,0xC96C557F,0x5E36F66D,0x6B72091F,
  0x1452AC68,0x2116531A,0xB64CF008,0x83080F7A,0x6C3B90A5,0x597F6FD7,0xCE25CCC5,0xFB6133B7,0x1D5C945F,0x28186B2D,0xBF42C83F,0x8A06374D,0x6535A892,0x507157E0,0xC72BF4F2,0xF26F0B80,
  0x1D11D29E,0x28552DEC,0xBF0F8EFE,0x8A4B718C,0x6578EE53,0x503C1121,0xC766B233,0xF2224D41,0x141FEAA9,0x215B15DB,0xB601B6C9,0x834549BB,0x6C76D664,0x59322916,0xCE688A04,0xFB2C7576,
  0x00000000,0x597A2CE9,0x8CBAD9A0,0xD5C0F549,0x6ED1CA42,0x37ABE6AB,0xE26B13E2,0xBB113F0B,0xDEAED05A,0x87D4FCB3,0x521409FA,0x0B6E2513,0xB07F1A18,0xE90536F1,0x3CC5C3B8,0x65BFEF51,
  0x3A6594F0,0x631FB819,0xB6DF4D50,0xEFA561B9,0x54B45EB2,0x0DCE725B,0xD80E8712,0x8174ABFB,0xE4CB44AA,0xBDB16843,0x68719D0A,0x310BB1E3,0x8A1A8EE8,0xD360A201,0x06A05748,0x5FDA7BA1,
  0x59D2C101,0x00A8EDE8,0xD56818A1,0x8C123448,0x37030B43,0x6E7927AA,0xBBB9D2E3,0xE2C3FE0A,0x877C115B,0xDE063DB2,0x0BC6C8FB,0x52BCE412,0xE9ADDB19,0xB0D7F7F0,0x651702B9,0x3C6D2E50,
  0x63B755F1,0x3ACD7918,0xEF0D8C51,0xB677A0B8,0x0D669FB3,0x541CB35A,0x81DC4613,0xD8A66AFA,0xBD1985AB,0xE463A942,0x31A35C0B,0x68D970E2,0xD3C84FE9,0x8AB26300,0x5F729649,0x0608BAA0,
  0x22B76E69,0x7BCD4280,0xAE0DB7C9,0xF7779B20,0x4C66A42B,0x151C88C2,0xC0DC7D8B,0x99A65162,0xFC19BE33,0xA56392DA,0x70A36793,0x29D94B7A,0x92C87471,0xCBB25898,0x1E72ADD1,0x47088138,
  0x18D2FA99,0x41A8D670,0x94682339,0xCD120FD0,0x760330DB,0x2F791C32,0xFAB9E97B,0xA3C3C592,0xC67C2AC3,0x9F06062A,0x4AC6F363,0x13BCDF8A,0xA8ADE081,0xF1D7CC68,0x24173921,0x7D6D15C8,
  0x7B65AF68,0x221F8381,0xF7DF76C8,0xAEA55A21,0x15B4652A,0x4CCE49C3,0x990EBC8A,0xC0749063,0xA5CB7F32,0xFCB153DB,0x2971A692,0x700B8A7B,0xCB1AB570,0x92609999,0x47A06CD0,0x1EDA4039,
  0x41003B98,0x187A1771,0xCDBAE238,0x94C0CED1,0x2FD1F1DA,0x76ABDD33,0xA36B287A,0xFA110493,0x9FAEEBC2,0xC6D4C72B,0x13143262,0x4A6E1E8B,0xF17F2180,0xA8050D69,0x7DC5F820,0x24BFD4C9,
  0x4273DE27,0x1B09F2CE,0xCEC90787,0x97B32B6E,0x2CA21465,0x75D8388C,0xA018CDC5,0xF962E12C,0x9CDD0E7D,0xC5A72294,0x1067D7DD,0x491DFB34,0xF20CC43F,0xAB76E8D6,0x7EB61D9F,0x27CC3176,
  0x78164AD7,0x216C663E,0xF4AC9377,0xADD6BF9E,0x16C78095,0x4FBDAC7C,0x9A7D5935,0xC30775DC,0xA6B89A8D,0xFFC2B664,0x2A02432D,0x73786FC4,0xC86950CF,0x91137C26,0x44D3896F,0x1DA9A586,
  0x1BA11F26,0x42DB33CF,0x971BC686,0xCE61EA6F,0x7570D564,0x2C0AF98D,0xF9CA0CC4,0xA0B0202D,0xC50FCF7C,0x9C75E395,0x49B516DC,0x10CF3A35,0xABDE053E,0xF2A429D7,0x2764DC9E,0x7E1EF077,
  0x21C48BD6,0x78BEA73F,0xAD7E5276,0xF4047E9F,0x4F154194,0x166F6D7D,0xC3AF9834,0x9AD5B4DD,0xFF6A5B8C,0xA6107765,0x73D0822C,0x2AAAAEC5,0x91BB91CE,0xC8C1BD27,0x1D01486E,0x447B6487,
  0x60C4B04E,0x39BE9CA7,0xEC7E69EE,0xB5044507,0x0E157A0C,0x576F56E5,0x82AFA3AC,0xDBD58F45,0xBE6A6014,0xE7104CFD,0x32D0B9B4,0x6BAA955D,0xD0BBAA56,0x89C186BF,0x5C0173F6,0x057B5F1F,
  0x5AA124BE,0x03DB0857,0xD61BFD1E,0x8F61D1F7,0x3470EEFC,0x6D0AC215,0xB8CA375C,0xE1B01BB5,0x840FF4E4,0xDD75D80D,0x08B52D44,0x51CF01AD,0xEADE3EA6,0xB3A4124F,0x6664E706,0x3F1ECBEF,
  0x3916714F,0x606C5DA6,0xB5ACA8EF,0xECD68406,0x57C7BB0D,0x0EBD97E4,0xDB7D62AD,0x82074E44,0xE7B8A115,0xBEC28DFC,0x6B0278B5,0x3278545C,0x89696B57,0xD01347BE,0x05D3B2F7,0x5CA99E1E,
  0x0373E5BF,0x5A09C956,0x8FC93C1F,0xD6B310F6,0x6DA22FFD,0x34D80314,0xE118F65D,0xB862DAB4,0xDDDD35E5,0x84A7190C,0x5167EC45,0x081DC0AC,0xB30CFFA7,0xEA76D34E,0x3FB62607,0x66CC0AEE,
  0x00000000,0x587E38EF,0x93073A5B,0xCB7902B4,0x52A82D8B,0x0AD61564,0xC1AF17D0,0x99D12F3F,0x70EFC7D8,0x2891FF37,0xE3E8FD83,0xBB96C56C,0x2247EA53,0x7A39D2BC,0xB140D008,0xE93EE8E7,
  0x1DB974E6,0x45C74C09,0x8EBE4EBD,0xD6C07652,0x4F11596D,0x176F6182,0xDC166336,0x84685BD9,0x6D56B33E,0x35288BD1,0xFE518965,0xA62FB18A,0x3FFE9EB5,0x6780A65A,0xACF9A4EE,0xF4879C01,
  0x362653BC,0x6E586B53,0xA52169E7,0xFD5F5108,0x648E7E37,0x3CF046D8,0xF789446C,0xAFF77C83,0x46C99464,0x1EB7AC8B,0xD5CEAE3F,0x8DB096D0,0x1461B9EF,0x4C1F8100,0x876683B4,0xDF18BB5B,
  0x2B9F275A,0x73E11FB5,0xB8981D01,0xE0E625EE,0x79370AD1,0x2149323E,0xEA30308A,0xB24E0865,0x5B70E082,0x030ED86D,0xC877DAD9,0x9009E236,0x09D8CD09,0x51A6F5E6,0x9ADFF752,0xC2A1CFBD,
  0xFB2997CF,0xA357AF20,0x682EAD94,0x3050957B,0xA981BA44,0xF1FF82AB,0x3A86801F,0x62F8B8F0,0x8BC65017,0xD3B868F8,0x18C16A4C,0x40BF52A3,0xD96E7D9C,0x81104573,0x4A6947C7,0x12177F28,
  0xE690E329,0xBEEEDBC6,0x7597D972,0x2DE9E19D,0xB438CEA2,0xEC46F64D,0x273FF4F9,0x7F41CC16,0x967F24F1,0xCE011C1E,0x05781EAA,0x5D062645,0xC4D7097A,0x9CA93195,0x57D03321,0x0FAE0BCE,
  0xCD0FC473,0x9571FC9C,0x5E08FE28,0x0676C6C7,0x9FA7E9F8,0xC7D9D117,0x0CA0D3A3,0x54DEEB4C,0xBDE003AB,0xE59E3B44,0x2EE739F0,0x7699011F,0xEF482E20,0xB73616CF,0x7C4F147B,0x24312C94,
  0xD0B6B095,0x88C8887A,0x43B18ACE,0x1BCFB221,0x821E9D1E,0xDA60A5F1,0x1119A745,0x49679FAA,0xA059774D,0xF8274FA2,0x335E4D16,0x6B2075F9,0xF2F15AC6,0xAA8F6229,0x61F6609D,0x39885872,
  0xBD573A75,0xE529029A,0x2E50002E,0x762E38C1,0xEFFF17FE,0xB7812F11,0x7CF82DA5,0x2486154A,0xCDB8FDAD,0x95C6C542,0x5EBFC7F6,0x06C1FF19,0x9F10D026,0xC76EE8C9,0x0C17EA7D,0x5469D292,
  0xA0EE4E93,0xF890767C,0x33E974C8,0x6B974C27,0xF2466318,0xAA385BF7,0x61415943,0x393F61AC,0xD001894B,0x887FB1A4,0x4306B310,0x1B788BFF,0x82A9A4C0,0xDAD79C2F,0x11AE9E9B,0x49D0A674,
  0x8B7169C9,0xD30F5126,0x18765392,0x40086B7D,0xD9D94442,0x81A77CAD,0x4ADE7E19,0x12A046F6,0xFB9EAE11,0xA3E096FE,0x6899944A,0x30E7ACA5,0xA936839A,0xF148BB75,0x3A31B9C1,0x624F812E,
  0x96C81D2F,0xCEB625C0,0x05CF2774,0x5DB11F9B,0xC46030A4,0x9C1E084B,0x57670AFF,0x0F193210,0xE627DAF7,0xBE59E218,0x7520E0AC,0x2D5ED843,0xB48FF77C,0xECF1CF93,0x2788CD27,0x7FF6F5C8,
  0x467EADBA,0x1E009555,0xD57997E1,0x8D07AF0E,0x14D68031,0x4CA8B8DE,0x87D1BA6A,0xDFAF8285,0x36916A62,0x6EEF528D,0xA5965039,0xFDE868D6,0x643947E9,0x3C477F06,0xF73E7DB2,0xAF40455D,
  0x5BC7D95C,0x03B9E1B3,0xC8C0E307,0x90BEDBE8,0x096FF4D7,0x5111CC38,0x9A68CE8C,0xC216F663,0x2B281E84,0x7356266B,0xB82F24DF,0xE0511C30,0x7980330F,0x21FE0BE0,0xEA870954,0xB2F931BB,
  0x7058FE06,0x2826C6E9,0xE35FC45D,0xBB21FCB2,0x22F0D38D,0x7A8EEB62,0xB1F7E9D6,0xE989D139,0x00B739DE,0x58C90131,0x93B00385,0xCBCE3B6A,0x521F1455,0x0A612CBA,0xC1182E0E,0x996616E1,
  0x6DE18AE0,0x359FB20F,0xFEE6B0BB,0xA6988854,0x3F49A76B,0x67379F84,0xAC4E9D30,0xF430A5DF,0x1D0E4D38,0x457075D7,0x8E097763,0xD6774F8C,0x4FA660B3,0x17D8585C,0xDCA15AE8,0x84DF6207,
  0x00000000,0x30A963EB,0xC3D68CF2,0xF37FEF19,0x91CBC0A9,0xA162A342,0x521D4C5B,0x62B42FB0,0xD9ECAF1D,0xE945CCF6,0x1A3A23EF,0x2A934004,0x48276FB4,0x788E0C5F,0x8BF1E346,0xBB5880AD,
  0xB16576E2,0x81CC1509,0x72B3FA10,0x421A99FB,0x20AEB64B,0x1007D5A0,0xE3783AB9,0xD3D15952,0x6889D9FF,0x5820BA14,0xAB5F550D,0x9BF636E6,0xF9421956,0xC9EB7ABD,0x3A9495A4,0x0A3DF64F,
  0x21047ABA,0x11AD1951,0xE2D2F648,0xD27B95A3,0xB0CFBA13,0x8066D9F8,0x731936E1,0x43B0550A,0xF8E8D5A7,0xC841B64C,0x3B3E5955,0x0B973ABE,0x6923150E,0x598A76E5,0xAAF599FC,0x9A5CFA17,
  0x90610C58,0xA0C86FB3,0x53B780AA,0x631EE341,0x01AACCF1,0x3103AF1A,0xC27C4003,0xF2D523E8,0x498DA345,0x7924C0AE,0x8A5B2FB7,0xBAF24C5C,0xD84663EC,0xE8EF0007,0x1B90EF1E,0x2B398CF5,
  0x4FDF82EB,0x7F76E100,0x8C090E19,0xBCA06DF2,0xDE144242,0xEEBD21A9,0x1DC2CEB0,0x2D6BAD5B,0x96332DF6,0xA69A4E1D,0x55E5A104,0x654CC2EF,0x07F8ED5F,0x37518EB4,0xC42E61AD,0xF4870246,
  0xFEBAF409,0xCE1397E2,0x3D6C78FB,0x0DC51B10,0x6F7134A0,0x5FD8574B,0xACA7B852,0x9C0EDBB9,0x27565B14,0x17FF38FF,0xE480D7E6,0xD429B40D,0xB69D9BBD,0x8634F856,0x754B174F,0x45E274A4,
  0x6EDBF851,0x5E729BBA,0xAD0D74A3,0x9DA41748,0xFF1038F8,0xCFB95B13,0x3CC6B40A,0x0C6FD7E1,0xB737574C,0x879E34A7,0x74E1DBBE,0x4448B855,0x26FC97E5,0x1655F40E,0xE52A1B17,0xD58378FC,
  0xDFBE8EB3,0xEF17ED58,0x1C680241,0x2CC161AA,0x4E754E1A,0x7EDC2DF1,0x8DA3C2E8,0xBD0AA103,0x065221AE,0x36FB4245,0xC584AD5C,0xF52DCEB7,0x9799E107,0xA73082EC,0x544F6DF5,0x64E60E1E,
  0x1D54F60B,0x2DFD95E0,0xDE827AF9,0xEE2B1912,0x8C9F36A2,0xBC365549,0x4F49BA50,0x7FE0D9BB,0xC4B85916,0xF4113AFD,0x076ED5E4,0x37C7B60F,0x557399BF,0x65DAFA54,0x96A5154D,0xA60C76A6,
  0xAC3180E9,0x9C98E302,0x6FE70C1B,0x5F4E6FF0,0x3DFA4040,0x0D5323AB,0xFE2CCCB2,0xCE85AF59,0x75DD2FF4,0x45744C1F,0xB60BA306,0x86A2C0ED,0xE416EF5D,0xD4BF8CB6,0x27C063AF,0x17690044,
  0x3C508CB1,0x0CF9EF5A,0xFF860043,0xCF2F63A8,0xAD9B4C18,0x9D322FF3,0x6E4DC0EA,0x5EE4A301,0xE5BC23AC,0xD5154047,0x266AAF5E,0x16C3CCB5,0x7477E305,0x44DE80EE,0xB7A16FF7,0x87080C1C,
  0x8D35FA53,0xBD9C99B8,0x4EE376A1,0x7E4A154A,0x1CFE3AFA,0x2C575911,0xDF28B608,0xEF81D5E3,0x54D9554E,0x647036A5,0x970FD9BC,0xA7A6BA57,0xC51295E7,0xF5BBF60C,0x06C41915,0x366D7AFE,
  0x528B74E0,0x6222170B,0x915DF812,0xA1F49BF9,0xC340B449,0xF3E9D7A2,0x009638BB,0x303F5B50,0x8B67DBFD,0xBBCEB816,0x48B1570F,0x781834E4,0x1AAC1B54,0x2A0578BF,0xD97A97A6,0xE9D3F44D,
  0xE3EE0202,0xD34761E9,0x20388EF0,0x1091ED1B,0x7225C2AB,0x428CA140,0xB1F34E59,0x815A2DB2,0x3A02AD1F,0x0AABCEF4,0xF9D421ED,0xC97D4206,0xABC96DB6,0x9B600E5D,0x681FE144,0x58B682AF,
  0x738F0E5A,0x43266DB1,0xB05982A8,0x80F0E143,0xE244CEF3,0xD2EDAD18,0x21924201,0x113B21EA,0xAA63A147,0x9ACAC2AC,0x69B52DB5,0x591C4E5E,0x3BA861EE,0x0B010205,0xF87EED1C,0xC8D78EF7,
  0xC2EA78B8,0xF2431B53,0x013CF44A,0x319597A1,0x5321B811,0x6388DBFA,0x90F734E3,0xA05E5708,0x1B06D7A5,0x2BAFB44E,0xD8D05B57,0xE87938BC,0x8ACD170C,0xBA6474E7,0x491B9BFE,0x79B2F815,
  0x00000000,0xED9B2751,0x4EDD96B0,0xA346B1E1,0x36701CFB,0xDBEB3BAA,0x78AD8A4B,0x9536AD1A,0xABF6699E,0x466D4ECF,0xE52BFF2E,0x08B0D87F,0x9D867565,0x701D5234,0xD35BE3D5,0x3EC0C484,
  0xFA41AC7E,0x17DA8B2F,0xB49C3ACE,0x59071D9F,0xCC31B085,0x21AA97D4,0x82EC2635,0x6F770164,0x51B7C5E0,0xBC2CE2B1,0x1F6A5350,0xF2F17401,0x67C7D91B,0x8A5CFE4A,0x291A4FAB,0xC48168FA,
  0x0BB8EE73,0xE623C922,0x456578C3,0xA8FE5F92,0x3DC8F288,0xD053D5D9,0x73156438,0x9E8E4369,0xA04E87ED,0x4DD5A0BC,0xEE93115D,0x0308360C,0x963E9B16,0x7BA5BC47,0xD8E30DA6,0x35782AF7,
  0xF1F9420D,0x1C62655C,0xBF24D4BD,0x52BFF3EC,0xC7895EF6,0x2A1279A7,0x8954C846,0x64CFEF17,0x5A0F2B93,0xB7940CC2,0x14D2BD23,0xF9499A72,0x6C7F3768,0x81E41039,0x22A2A1D8,0xCF398689,
  0x0287384C,0xEF1C1F1D,0x4C5AAEFC,0xA1C189AD,0x34F724B7,0xD96C03E6,0x7A2AB207,0x97B19556,0xA97151D2,0x44EA7683,0xE7ACC762,0x0A37E033,0x9F014D29,0x729A6A78,0xD1DCDB99,0x3C47FCC8,
  0xF8C69432,0x155DB363,0xB61B0282,0x5B8025D3,0xCEB688C9,0x232DAF98,0x806B1E79,0x6DF03928,0x5330FDAC,0xBEABDAFD,0x1DED6B1C,0xF0764C4D,0x6540E157,0x88DBC606,0x2B9D77E7,0xC60650B6,
  0x093FD63F,0xE4A4F16E,0x47E2408F,0xAA7967DE,0x3F4FCAC4,0xD2D4ED95,0x71925C74,0x9C097B25,0xA2C9BFA1,0x4F5298F0,0xEC142911,0x018F0E40,0x94B9A35A,0x7922840B,0xDA6435EA,0x37FF12BB,
  0xF37E7A41,0x1EE55D10,0xBDA3ECF1,0x5038CBA0,0xC50E66BA,0x289541EB,0x8BD3F00A,0x6648D75B,0x588813DF,0xB513348E,0x1655856F,0xFBCEA23E,0x6EF80F24,0x83632875,0x20259994,0xCDBEBEC5,
  0x0A2EEDF7,0xE7B5CAA6,0x44F37B47,0xA9685C16,0x3C5EF10C,0xD1C5D65D,0x728367BC,0x9F1840ED,0xA1D88469,0x4C43A338,0xEF0512D9,0x029E3588,0x97A89892,0x7A33BFC3,0xD9750E22,0x34EE2973,
  0xF06F4189,0x1DF466D8,0xBEB2D739,0x5329F068,0xC61F5D72,0x2B847A23,0x88C2CBC2,0x6559EC93,0x5B992817,0xB6020F46,0x1544BEA7,0xF8DF99F6,0x6DE934EC,0x807213BD,0x2334A25C,0xCEAF850D,
  0x01960384,0xEC0D24D5,0x4F4B9534,0xA2D0B265,0x37E61F7F,0xDA7D382E,0x793B89CF,0x94A0AE9E,0xAA606A1A,0x47FB4D4B,0xE4BDFCAA,0x0926DBFB,0x9C1076E1,0x718B51B0,0xD2CDE051,0x3F56C700,
  0xFBD7AFFA,0x164C88AB,0xB50A394A,0x58911E1B,0xCDA7B301,0x203C9450,0x837A25B1,0x6EE102E0,0x5021C664,0xBDBAE135,0x1EFC50D4,0xF3677785,0x6651DA9F,0x8BCAFDCE,0x288C4C2F,0xC5176B7E,
  0x08A9D5BB,0xE532F2EA,0x4674430B,0xABEF645A,0x3ED9C940,0xD342EE11,0x70045FF0,0x9D9F78A1,0xA35FBC25,0x4EC49B74,0xED822A95,0x00190DC4,0x952FA0DE,0x78B4878F,0xDBF2366E,0x3669113F,
  0xF2E879C5,0x1F735E94,0xBC35EF75,0x51AEC824,0xC498653E,0x2903426F,0x8A45F38E,0x67DED4DF,0x591E105B,0xB485370A,0x17C386EB,0xFA58A1BA,0x6F6E0CA0,0x82F52BF1,0x21B39A10,0xCC28BD41,
  0x03113BC8,0xEE8A1C99,0x4DCCAD78,0xA0578A29,0x35612733,0xD8FA0062,0x7BBCB183,0x962796D2,0xA8E75256,0x457C7507,0xE63AC4E6,0x0BA1E3B7,0x9E974EAD,0x730C69FC,0xD04AD81D,0x3DD1FF4C,
  0xF95097B6,0x14CBB0E7,0xB78D0106,0x5A162657,0xCF208B4D,0x22BBAC1C,0x81FD1DFD,0x6C663AAC,0x52A6FE28,0xBF3DD979,0x1C7B6898,0xF1E04FC9,0x64D6E2D3,0x894DC582,0x2A0B7463,0xC7905332,
  0x00000000,0x8DD58ED0,0xBBEEEEB4,0x363B6064,0x5F9290F0,0xD2471E20,0xE47C7E44,0x69A9F094,0x045E86F1,0x898B0821,0xBFB06845,0x3265E695,0x5BCC1601,0xD61998D1,0xE022F8B5,0x6DF77665,
  0x4B487A36,0xC69DF4E6,0xF0A69482,0x7D731A52,0x14DAEAC6,0x990F6416,0xAF340472,0x22E18AA2,0x4F16FCC7,0xC2C37217,0xF4F81273,0x792D9CA3,0x10846C37,0x9D51E2E7,0xAB6A8283,0x26BF0C53,
  0xAE2C28F3,0x23F9A623,0x15C2C647,0x98174897,0xF1BEB803,0x7C6B36D3,0x4A5056B7,0xC785D867,0xAA72AE02,0x27A720D2,0x119C40B6,0x9C49CE66,0xF5E03EF2,0x7835B022,0x4E0ED046,0xC3DB5E96,
  0xE56452C5,0x68B1DC15,0x5E8ABC71,0xD35F32A1,0xBAF6C235,0x37234CE5,0x01182C81,0x8CCDA251,0xE13AD434,0x6CEF5AE4,0x5AD43A80,0xD701B450,0xBEA844C4,0x337DCA14,0x0546AA70,0x889324A0,
  0xCD19A0E0,0x40CC2E30,0x76F74E54,0xFB22C084,0x928B3010,0x1F5EBEC0,0x2965DEA4,0xA4B05074,0xC9472611,0x4492A8C1,0x72A9C8A5,0xFF7C4675,0x96D5B6E1,0x1B003831,0x2D3B5855,0xA0EED685,
  0x8651DAD6,0x0B845406,0x3DBF3462,0xB06ABAB2,0xD9C34A26,0x5416C4F6,0x622DA492,0xEFF82A42,0x820F5C27,0x0FDAD2F7,0x39E1B293,0xB4343C43,0xDD9DCCD7,0x50484207,0x66732263,0xEBA6ACB3,
  0x63358813,0xEEE006C3,0xD8DB66A7,0x550EE877,0x3CA718E3,0xB1729633,0x8749F657,0x0A9C7887,0x676B0EE2,0xEABE8032,0xDC85E056,0x51506E86,0x38F99E12,0xB52C10C2,0x831770A6,0x0EC2FE76,
  0x287DF225,0xA5A87CF5,0x93931C91,0x1E469241,0x77EF62D5,0xFA3AEC05,0xCC018C61,0x41D402B1,0x2C2374D4,0xA1F6FA04,0x97CD9A60,0x1A1814B0,0x73B1E424,0xFE646AF4,0xC85F0A90,0x458A8440,
  0x39526EE1,0xB487E031,0x82BC8055,0x0F690E85,0x66C0FE11,0xEB1570C1,0xDD2E10A5,0x50FB9E75,0x3D0CE810,0xB0D966C0,0x86E206A4,0x0B378874,0x629E78E0,0xEF4BF630,0xD9709654,0x54A51884,
  0x721A14D7,0xFFCF9A07,0xC9F4FA63,0x442174B3,0x2D888427,0xA05D0AF7,0x96666A93,0x1BB3E443,0x76449226,0xFB911CF6,0xCDAA7C92,0x407FF242,0x29D602D6,0xA4038C06,0x9238EC62,0x1FED62B2,
  0x977E4612,0x1AABC8C2,0x2C90A8A6,0xA1452676,0xC8ECD6E2,0x45395832,0x73023856,0xFED7B686,0x9320C0E3,0x1EF54E33,0x28CE2E57,0xA51BA087,0xCCB25013,0x4167DEC3,0x775CBEA7,0xFA893077,
  0xDC363C24,0x51E3B2F4,0x67D8D290,0xEA0D5C40,0x83A4ACD4,0x0E712204,0x384A4260,0xB59FCCB0,0xD868BAD5,0x55BD3405,0x63865461,0xEE53DAB1,0x87FA2A25,0x0A2FA4F5,0x3C14C491,0xB1C14A41,
  0xF44BCE01,0x799E40D1,0x4FA520B5,0xC270AE65,0xABD95EF1,0x260CD021,0x1037B045,0x9DE23E95,0xF01548F0,0x7DC0C620,0x4BFBA644,0xC62E2894,0xAF87D800,0x225256D0,0x146936B4,0x99BCB864,
  0xBF03B437,0x32D63AE7,0x04ED5A83,0x8938D453,0xE09124C7,0x6D44AA17,0x5B7FCA73,0xD6AA44A3,0xBB5D32C6,0x3688BC16,0x00B3DC72,0x8D6652A2,0xE4CFA236,0x691A2CE6,0x5F214C82,0xD2F4C252,
  0x5A67E6F2,0xD7B26822,0xE1890846,0x6C5C8696,0x05F57602,0x8820F8D2,0xBE1B98B6,0x33CE1666,0x5E396003,0xD3ECEED3,0xE5D78EB7,0x68020067,0x01ABF0F3,0x8C7E7E23,0xBA451E47,0x37909097,
  0x112F9CC4,0x9CFA1214,0xAAC17270,0x2714FCA0,0x4EBD0C34,0xC36882E4,0xF553E280,0x78866C50,0x15711A35,0x98A494E5,0xAE9FF481,0x234A7A51,0x4AE38AC5,0xC7360415,0xF10D6471,0x7CD8EAA1,
  0x00000000,0x493D68D1,0xC0A98496,0x8994EC47,0x6D12032A,0x242F6BFB,0xADBB87BC,0xE486EF6D,0xF2678143,0xBB5AE992,0x32CE05D5,0x7BF36D04,0x9F758269,0xD648EAB8,0x5FDC06FF,0x16E16E2E,
  0x976D9401,0xDE50FCD0,0x57C41097,0x1EF97846,0xFA7F972B,0xB342FFFA,0x3AD613BD,0x73EB7B6C,0x650A1542,0x2C377D93,0xA5A391D4,0xEC9EF905,0x08181668,0x41257EB9,0xC8B192FE,0x818CFA2F,
  0x9E4D302A,0xD77058FB,0x5EE4B4BC,0x17D9DC6D,0xF35F3300,0xBA625BD1,0x33F6B796,0x7ACBDF47,0x6C2AB169,0x2517D9B8,0xAC8335FF,0xE5BE5D2E,0x0138B243,0x4805DA92,0xC19136D5,0x88AC5E04,
  0x0920A42B,0x401DCCFA,0xC98920BD,0x80B4486C,0x6432A701,0x2D0FCFD0,0xA49B2397,0xEDA64B46,0xFB472568,0xB27A4DB9,0x3BEEA1FE,0x72D3C92F,0x96552642,0xDF684E93,0x56FCA2D4,0x1FC1CA05,
  0x797B0673,0x30466EA2,0xB9D282E5,0xF0EFEA34,0x14690559,0x5D546D88,0xD4C081CF,0x9DFDE91E,0x8B1C8730,0xC221EFE1,0x4BB503A6,0x02886B77,0xE60E841A,0xAF33ECCB,0x26A7008C,0x6F9A685D,
  0xEE169272,0xA72BFAA3,0x2EBF16E4,0x67827E35,0x83049158,0xCA39F989,0x43AD15CE,0x0A907D1F,0x1C711331,0x554C7BE0,0xDCD897A7,0x95E5FF76,0x7163101B,0x385E78CA,0xB1CA948D,0xF8F7FC5C,
  0xE7363659,0xAE0B5E88,0x279FB2CF,0x6EA2DA1E,0x8A243573,0xC3195DA2,0x4A8DB1E5,0x03B0D934,0x1551B71A,0x5C6CDFCB,0xD5F8338C,0x9CC55B5D,0x7843B430,0x317EDCE1,0xB8EA30A6,0xF1D75877,
  0x705BA258,0x3966CA89,0xB0F226CE,0xF9CF4E1F,0x1D49A172,0x5474C9A3,0xDDE025E4,0x94DD4D35,0x823C231B,0xCB014BCA,0x4295A78D,0x0BA8CF5C,0xEF2E2031,0xA61348E0,0x2F87A4A7,0x66BACC76,
  0x3513EE6A,0x7C2E86BB,0xF5BA6AFC,0xBC87022D,0x5801ED40,0x113C8591,0x98A869D6,0xD1950107,0xC7746F29,0x8E4907F8,0x07DDEBBF,0x4EE0836E,0xAA666C03,0xE35B04D2,0x6ACFE895,0x23F28044,
  0xA27E7A6B,0xEB4312BA,0x62D7FEFD,0x2BEA962C,0xCF6C7941,0x86511190,0x0FC5FDD7,0x46F89506,0x5019FB28,0x192493F9,0x90B07FBE,0xD98D176F,0x3D0BF802,0x743690D3,0xFDA27C94,0xB49F1445,
  0xAB5EDE40,0xE263B691,0x6BF75AD6,0x22CA3207,0xC64CDD6A,0x8F71B5BB,0x06E559FC,0x4FD8312D,0x59395F03,0x100437D2,0x9990DB95,0xD0ADB344,0x342B5C29,0x7D1634F8,0xF482D8BF,0xBDBFB06E,
  0x3C334A41,0x750E2290,0xFC9ACED7,0xB5A7A606,0x5121496B,0x181C21BA,0x9188CDFD,0xD8B5A52C,0xCE54CB02,0x8769A3D3,0x0EFD4F94,0x47C02745,0xA346C828,0xEA7BA0F9,0x63EF4CBE,0x2AD2246F,
  0x4C68E819,0x055580C8,0x8CC16C8F,0xC5FC045E,0x217AEB33,0x684783E2,0xE1D36FA5,0xA8EE0774,0xBE0F695A,0xF732018B,0x7EA6EDCC,0x379B851D,0xD31D6A70,0x9A2002A1,0x13B4EEE6,0x5A898637,
  0xDB057C18,0x923814C9,0x1BACF88E,0x5291905F,0xB6177F32,0xFF2A17E3,0x76BEFBA4,0x3F839375,0x2962FD5B,0x605F958A,0xE9CB79CD,0xA0F6111C,0x4470FE71,0x0D4D96A0,0x84D97AE7,0xCDE41236,
  0xD225D833,0x9B18B0E2,0x128C5CA5,0x5BB13474,0xBF37DB19,0xF60AB3C8,0x7F9E5F8F,0x36A3375E,0x20425970,0x697F31A1,0xE0EBDDE6,0xA9D6B537,0x4D505A5A,0x046D328B,0x8DF9DECC,0xC4C4B61D,
  0x45484C32,0x0C7524E3,0x85E1C8A4,0xCCDCA075,0x285A4F18,0x616727C9,0xE8F3CB8E,0xA1CEA35F,0xB72FCD71,0xFE12A5A0,0x778649E7,0x3EBB2136,0xDA3DCE5B,0x9300A68A,0x1A944ACD,0x53A9221C,
  0x00000000,0xEE6D6A2B,0xC597B65D,0x2BFADC76,0x3BA17CFE,0xD5CC16D5,0xFE36CAA3,0x105BA088,0x22E86286,0xCC8508AD,0xE77FD4DB,0x0912BEF0,0x19491E78,0xF7247453,0xDCDEA825,0x32B3C20E,
  0xCC747FF2,0x221915D9,0x09E3C9AF,0xE78EA384,0xF7D5030C,0x19B86927,0x3242B551,0xDC2FDF7A,0xEE9C1D74,0x00F1775F,0x2B0BAB29,0xC566C102,0xD53D618A,0x3B500BA1,0x10AAD7D7,0xFEC7BDFC,
  0x30E58C41,0xDE88E66A,0xF5723A1C,0x1B1F5037,0x0B44F0BF,0xE5299A94,0xCED346E2,0x20BE2CC9,0x120DEEC7,0xFC6084EC,0xD79A589A,0x39F732B1,0x29AC9239,0xC7C1F812,0xEC3B2464,0x02564E4F,
  0xFC91F3B3,0x12FC9998,0x390645EE,0xD76B2FC5,0xC7308F4D,0x295DE566,0x02A73910,0xECCA533B,0xDE799135,0x3014FB1E,0x1BEE2768,0xF5834D43,0xE5D8EDCB,0x0BB587E0,0x204F5B96,0xCE2231BD,
  0xA93740E4,0x475A2ACF,0x6CA0F6B9,0x82CD9C92,0x92963C1A,0x7CFB5631,0x57018A47,0xB96CE06C,0x8BDF2262,0x65B24849,0x4E48943F,0xA025FE14,0xB07E5E9C,0x5E1334B7,0x75E9E8C1,0x9B8482EA,
  0x65433F16,0x8B2E553D,0xA0D4894B,0x4EB9E360,0x5EE243E8,0xB08F29C3,0x9B75F5B5,0x75189F9E,0x47AB5D90,0xA9C637BB,0x823CEBCD,0x6C5181E6,0x7C0A216E,0x92674B45,0xB99D9733,0x57F0FD18,
  0x99D2CCA5,0x77BFA68E,0x5C457AF8,0xB22810D3,0xA273B05B,0x4C1EDA70,0x67E40606,0x89896C2D,0xBB3AAE23,0x5557C408,0x7EAD187E,0x90C07255,0x809BD2DD,0x6EF6B8F6,0x450C6480,0xAB610EAB,
  0x55A6B357,0xBBCBD97C,0x9031050A,0x7E5C6F21,0x6E07CFA9,0x806AA582,0xAB9079F4,0x45FD13DF,0x774ED1D1,0x9923BBFA,0xB2D9678C,0x5CB40DA7,0x4CEFAD2F,0xA282C704,0x89781B72,0x67157159,
  0x5FDF8717,0xB1B2ED3C,0x9A48314A,0x74255B61,0x647EFBE9,0x8A1391C2,0xA1E94DB4,0x4F84279F,0x7D37E591,0x935A8FBA,0xB8A053CC,0x56CD39E7,0x4696996F,0xA8FBF344,0x83012F32,0x6D6C4519,
  0x93ABF8E5,0x7DC692CE,0x563C4EB8,0xB8512493,0xA80A841B,0x4667EE30,0x6D9D3246,0x83F0586D,0xB1439A63,0x5F2EF048,0x74D42C3E,0x9AB94615,0x8AE2E69D,0x648F8CB6,0x4F7550C0,0xA1183AEB,
  0x6F3A0B56,0x8157617D,0xAAADBD0B,0x44C0D720,0x549B77A8,0xBAF61D83,0x910CC1F5,0x7F61ABDE,0x4DD269D0,0xA3BF03FB,0x8845DF8D,0x6628B5A6,0x7673152E,0x981E7F05,0xB3E4A373,0x5D89C958,
  0xA34E74A4,0x4D231E8F,0x66D9C2F9,0x88B4A8D2,0x98EF085A,0x76826271,0x5D78BE07,0xB315D42C,0x81A61622,0x6FCB7C09,0x4431A07F,0xAA5CCA54,0xBA076ADC,0x546A00F7,0x7F90DC81,0x91FDB6AA,
  0xF6E8C7F3,0x1885ADD8,0x337F71AE,0xDD121B85,0xCD49BB0D,0x2324D126,0x08DE0D50,0xE6B3677B,0xD400A575,0x3A6DCF5E,0x11971328,0xFFFA7903,0xEFA1D98B,0x01CCB3A0,0x2A366FD6,0xC45B05FD,
  0x3A9CB801,0xD4F1D22A,0xFF0B0E5C,0x11666477,0x013DC4FF,0xEF50AED4,0xC4AA72A2,0x2AC71889,0x1874DA87,0xF619B0AC,0xDDE36CDA,0x338E06F1,0x23D5A679,0xCDB8CC52,0xE6421024,0x082F7A0F,
  0xC60D4BB2,0x28602199,0x039AFDEF,0xEDF797C4,0xFDAC374C,0x13C15D67,0x383B8111,0xD656EB3A,0xE4E52934,0x0A88431F,0x21729F69,0xCF1FF542,0xDF4455CA,0x31293FE1,0x1AD3E397,0xF4BE89BC,
  0x0A793440,0xE4145E6B,0xCFEE821D,0x2183E836,0x31D848BE,0xDFB52295,0xF44FFEE3,0x1A2294C8,0x289156C6,0xC6FC3CED,0xED06E09B,0x036B8AB0,0x13302A38,0xFD5D4013,0xD6A79C65,0x38CAF64E,
  0x00000000,0xF18E06F6,0x38F5B786,0xC97BB170,0xB17281CA,0x40FC873C,0x8987364C,0x780930BA,0x62FC6ED3,0x93726825,0x5A09D955,0xAB87DFA3,0xD38EEF19,0x2200E9EF,0xEB7B589F,0x1AF55E69,
  0x6A1E200B,0x9B9026FD,0x52EB978D,0xA365917B,0xDB6CA1C1,0x2AE2A737,0xE3991647,0x121710B1,0x08E24ED8,0xF96C482E,0x3017F95E,0xC199FFA8,0xB990CF12,0x481EC9E4,0x81657894,0x70EB7E62,
  0x994F0E44,0x68C108B2,0xA1BAB9C2,0x5034BF34,0x283D8F8E,0xD9B38978,0x10C83808,0xE1463EFE,0xFBB36097,0x0A3D6661,0xC346D711,0x32C8D1E7,0x4AC1E15D,0xBB4FE7AB,0x723456DB,0x83BA502D,
  0xF3512E4F,0x02DF28B9,0xCBA499C9,0x3A2A9F3F,0x4223AF85,0xB3ADA973,0x7AD61803,0x8B581EF5,0x91AD409C,0x6023466A,0xA958F71A,0x58D6F1EC,0x20DFC156,0xD151C7A0,0x182A76D0,0xE9A47026,
  0x1107EF8E,0xE089E978,0x29F25808,0xD87C5EFE,0xA0756E44,0x51FB68B2,0x9880D9C2,0x690EDF34,0x73FB815D,0x827587AB,0x4B0E36DB,0xBA80302D,0xC2890097,0x33070661,0xFA7CB711,0x0BF2B1E7,
  0x7B19CF85,0x8A97C973,0x43EC7803,0xB2627EF5,0xCA6B4E4F,0x3BE548B9,0xF29EF9C9,0x0310FF3F,0x19E5A156,0xE86BA7A0,0x211016D0,0xD09E1026,0xA897209C,0x5919266A,0x9062971A,0x61EC91EC,
  0x8848E1CA,0x79C6E73C,0xB0BD564C,0x413350BA,0x393A6000,0xC8B466F6,0x01CFD786,0xF041D170,0xEAB48F19,0x1B3A89EF,0xD241389F,0x23CF3E69,0x5BC60ED3,0xAA480825,0x6333B955,0x92BDBFA3,
  0xE256C1C1,0x13D8C737,0xDAA37647,0x2B2D70B1,0x5324400B,0xA2AA46FD,0x6BD1F78D,0x9A5FF17B,0x80AAAF12,0x7124A9E4,0xB85F1894,0x49D11E62,0x31D82ED8,0xC056282E,0x092D995E,0xF8A39FA8,
  0xF71E4F40,0x069049B6,0xCFEBF8C6,0x3E65FE30,0x466CCE8A,0xB7E2C87C,0x7E99790C,0x8F177FFA,0x95E22193,0x646C2765,0xAD179615,0x5C9990E3,0x2490A059,0xD51EA6AF,0x1C6517DF,0xEDEB1129,
  0x9D006F4B,0x6C8E69BD,0xA5F5D8CD,0x547BDE3B,0x2C72EE81,0xDDFCE877,0x14875907,0xE5095FF1,0xFFFC0198,0x0E72076E,0xC709B61E,0x3687B0E8,0x4E8E8052,0xBF0086A4,0x767B37D4,0x87F53122,
  0x6E514104,0x9FDF47F2,0x56A4F682,0xA72AF074,0xDF23C0CE,0x2EADC638,0xE7D67748,0x165871BE,0x0CAD2FD7,0xFD232921,0x34589851,0xC5D69EA7,0xBDDFAE1D,0x4C51A8EB,0x852A199B,0x74A41F6D,
  0x044F610F,0xF5C167F9,0x3CBAD689,0xCD34D07F,0xB53DE0C5,0x44B3E633,0x8DC85743,0x7C4651B5,0x66B30FDC,0x973D092A,0x5E46B85A,0xAFC8BEAC,0xD7C18E16,0x264F88E0,0xEF343990,0x1EBA3F66,
  0xE619A0CE,0x1797A638,0xDEEC1748,0x2F6211BE,0x576B2104,0xA6E527F2,0x6F9E9682,0x9E109074,0x84E5CE1D,0x756BC8EB,0xBC10799B,0x4D9E7F6D,0x35974FD7,0xC4194921,0x0D62F851,0xFCECFEA7,
  0x8C0780C5,0x7D898633,0xB4F23743,0x457C31B5,0x3D75010F,0xCCFB07F9,0x0580B689,0xF40EB07F,0xEEFBEE16,0x1F75E8E0,0xD60E5990,0x27805F66,0x5F896FDC,0xAE07692A,0x677CD85A,0x96F2DEAC,
  0x7F56AE8A,0x8ED8A87C,0x47A3190C,0xB62D1FFA,0xCE242F40,0x3FAA29B6,0xF6D198C6,0x075F9E30,0x1DAAC059,0xEC24C6AF,0x255F77DF,0xD4D17129,0xACD84193,0x5D564765,0x942DF615,0x65A3F0E3,
  0x15488E81,0xE4C68877,0x2DBD3907,0xDC333FF1,0xA43A0F4B,0x55B409BD,0x9CCFB8CD,0x6D41BE3B,0x77B4E052,0x863AE6A4,0x4F4157D4,0xBECF5122,0xC6C66198,0x3748676E,0xFE33D61E,0x0FBDD0E8,
  0x00000000,0xA7EBAD53,0x26EF7E95,0x8104D3C6,0x2DA57E92,0x8A4ED3C1,0x0B4A0007,0xACA1AD54,0xB3A01BDD,0x144BB68E,0x954F6548,0x32A4C81B,0x9E05654F,0x39EEC81C,0xB8EA1BDA,0x1F01B689,
  0xE37F4745,0x4494EA16,0xC59039D0,0x627B9483,0xCEDA39D7,0x69319484,0xE8354742,0x4FDEEA11,0x50DF5C98,0xF734F1CB,0x7630220D,0xD1DB8F5E,0x7D7A220A,0xDA918F59,0x5B955C9F,0xFC7EF1CC,
  0xB3DD72C0,0x1436DF93,0x95320C55,0x32D9A106,0x9E780C52,0x3993A101,0xB89772C7,0x1F7CDF94,0x007D691D,0xA796C44E,0x26921788,0x8179BADB,0x2DD8178F,0x8A33BADC,0x0B37691A,0xACDCC449,
  0x50A23585,0xF74998D6,0x764D4B10,0xD1A6E643,0x7D074B17,0xDAECE644,0x5BE83582,0xFC0398D1,0xE3022E58,0x44E9830B,0xC5ED50CD,0x6206FD9E,0xCEA750CA,0x694CFD99,0xE8482E5F,0x4FA3830C,
  0xD308148B,0x74E3B9D8,0xF5E76A1E,0x520CC74D,0xFEAD6A19,0x5946C74A,0xD842148C,0x7FA9B9DF,0x60A80F56,0xC743A205,0x464771C3,0xE1ACDC90,0x4D0D71C4,0xEAE6DC97,0x6BE20F51,0xCC09A202,
  0x307753CE,0x979CFE9D,0x16982D5B,0xB1738008,0x1DD22D5C,0xBA39800F,0x3B3D53C9,0x9CD6FE9A,0x83D74813,0x243CE540,0xA5383686,0x02D39BD5,0xAE723681,0x09999BD2,0x889D4814,0x2F76E547,
  0x60D5664B,0xC73ECB18,0x463A18DE,0xE1D1B58D,0x4D7018D9,0xEA9BB58A,0x6B9F664C,0xCC74CB1F,0xD3757D96,0x749ED0C5,0xF59A0303,0x5271AE50,0xFED00304,0x593BAE57,0xD83F7D91,0x7FD4D0C2,
  0x83AA210E,0x24418C5D,0xA5455F9B,0x02AEF2C8,0xAE0F5F9C,0x09E4F2CF,0x88E02109,0x2F0B8C5A,0x300A3AD3,0x97E19780,0x16E54446,0xB10EE915,0x1DAF4441,0xBA44E912,0x3B403AD4,0x9CAB9787,
  0xD6DCF5A3,0x713758F0,0xF0338B36,0x57D82665,0xFB798B31,0x5C922662,0xDD96F5A4,0x7A7D58F7,0x657CEE7E,0xC297432D,0x439390EB,0xE4783DB8,0x48D990EC,0xEF323DBF,0x6E36EE79,0xC9DD432A,
  0x35A3B2E6,0x92481FB5,0x134CCC73,0xB4A76120,0x1806CC74,0xBFED6127,0x3EE9B2E1,0x99021FB2,0x8603A93B,0x21E80468,0xA0ECD7AE,0x07077AFD,0xABA6D7A9,0x0C4D7AFA,0x8D49A93C,0x2AA2046F,
  0x65018763,0xC2EA2A30,0x43EEF9F6,0xE40554A5,0x48A4F9F1,0xEF4F54A2,0x6E4B8764,0xC9A02A37,0xD6A19CBE,0x714A31ED,0xF04EE22B,0x57A54F78,0xFB04E22C,0x5CEF4F7F,0xDDEB9CB9,0x7A0031EA,
  0x867EC026,0x21956D75,0xA091BEB3,0x077A13E0,0xABDBBEB4,0x0C3013E7,0x8D34C021,0x2ADF6D72,0x35DEDBFB,0x923576A8,0x1331A56E,0xB4DA083D,0x187BA569,0xBF90083A,0x3E94DBFC,0x997F76AF,
  0x05D4E128,0xA23F4C7B,0x233B9FBD,0x84D032EE,0x28719FBA,0x8F9A32E9,0x0E9EE12F,0xA9754C7C,0xB674FAF5,0x119F57A6,0x909B8460,0x37702933,0x9BD18467,0x3C3A2934,0xBD3EFAF2,0x1AD557A1,
  0xE6ABA66D,0x41400B3E,0xC044D8F8,0x67AF75AB,0xCB0ED8FF,0x6CE575AC,0xEDE1A66A,0x4A0A0B39,0x550BBDB0,0xF2E010E3,0x73E4C325,0xD40F6E76,0x78AEC322,0xDF456E71,0x5E41BDB7,0xF9AA10E4,
  0xB60993E8,0x11E23EBB,0x90E6ED7D,0x370D402E,0x9BACED7A,0x3C474029,0xBD4393EF,0x1AA83EBC,0x05A98835,0xA2422566,0x2346F6A0,0x84AD5BF3,0x280CF6A7,0x8FE75BF4,0x0EE38832,0xA9082561,
  0x5576D4AD,0xF29D79FE,0x7399AA38,0xD472076B,0x78D3AA3F,0xDF38076C,0x5E3CD4AA,0xF9D779F9,0xE6D6CF70,0x413D6223,0xC039B1E5,0x67D21CB6,0xCB73B1E2,0x6C981CB1,0xED9CCF77,0x4A776224,
  0x00000000,0x428B3ED1,0x26CB4226,0x64407CF7,0x35E5E51E,0x776EDBCF,0x132EA738,0x51A599E9,0xD28ACB8E,0x9001F55F,0xF44189A8,0xB6CAB779,0xE76F2E90,0xA5E41041,0xC1A46CB6,0x832F5267,
  0x54F23E2F,0x167900FE,0x72397C09,0x30B242D8,0x6117DB31,0x239CE5E0,0x47DC9917,0x0557A7C6,0x8678F5A1,0xC4F3CB70,0xA0B3B787,0xE2388956,0xB39D10BF,0xF1162E6E,0x95565299,0xD7DD6C48,
  0x60F4BE17,0x227F80C6,0x463FFC31,0x04B4C2E0,0x55115B09,0x179A65D8,0x73DA192F,0x315127FE,0xB27E7599,0xF0F54B48,0x94B537BF,0xD63E096E,0x879B9087,0xC510AE56,0xA150D2A1,0xE3DBEC70,
  0x34068038,0x768DBEE9,0x12CDC21E,0x5046FCCF,0x01E36526,0x43685BF7,0x27282700,0x65A319D1,0xE68C4BB6,0xA4077567,0xC0470990,0x82CC3741,0xD369AEA8,0x91E29079,0xF5A2EC8E,0xB729D25F,
  0xB7A53F7B,0xF52E01AA,0x916E7D5D,0xD3E5438C,0x8240DA65,0xC0CBE4B4,0xA48B9843,0xE600A692,0x652FF4F5,0x27A4CA24,0x43E4B6D3,0x016F8802,0x50CA11EB,0x12412F3A,0x760153CD,0x348A6D1C,
  0xE3570154,0xA1DC3F85,0xC59C4372,0x87177DA3,0xD6B2E44A,0x9439DA9B,0xF079A66C,0xB2F298BD,0x31DDCADA,0x7356F40B,0x171688FC,0x559DB62D,0x04382FC4,0x46B31115,0x22F36DE2,0x60785333,
  0xD751816C,0x95DABFBD,0xF19AC34A,0xB311FD9B,0xE2B46472,0xA03F5AA3,0xC47F2654,0x86F41885,0x05DB4AE2,0x47507433,0x231008C4,0x619B3615,0x303EAFFC,0x72B5912D,0x16F5EDDA,0x547ED30B,
  0x83A3BF43,0xC1288192,0xA568FD65,0xE7E3C3B4,0xB6465A5D,0xF4CD648C,0x908D187B,0xD20626AA,0x512974CD,0x13A24A1C,0x77E236EB,0x3569083A,0x64CC91D3,0x2647AF02,0x4207D3F5,0x008CED24,
  0x8EE5D628,0xCC6EE8F9,0xA82E940E,0xEAA5AADF,0xBB003336,0xF98B0DE7,0x9DCB7110,0xDF404FC1,0x5C6F1DA6,0x1EE42377,0x7AA45F80,0x382F6151,0x698AF8B8,0x2B01C669,0x4F41BA9E,0x0DCA844F,
  0xDA17E807,0x989CD6D6,0xFCDCAA21,0xBE5794F0,0xEFF20D19,0xAD7933C8,0xC9394F3F,0x8BB271EE,0x089D2389,0x4A161D58,0x2E5661AF,0x6CDD5F7E,0x3D78C697,0x7FF3F846,0x1BB384B1,0x5938BA60,
  0xEE11683F,0xAC9A56EE,0xC8DA2A19,0x8A5114C8,0xDBF48D21,0x997FB3F0,0xFD3FCF07,0xBFB4F1D6,0x3C9BA3B1,0x7E109D60,0x1A50E197,0x58DBDF46,0x097E46AF,0x4BF5787E,0x2FB50489,0x6D3E3A58,
  0xBAE35610,0xF86868C1,0x9C281436,0xDEA32AE7,0x8F06B30E,0xCD8D8DDF,0xA9CDF128,0xEB46CFF9,0x68699D9E,0x2AE2A34F,0x4EA2DFB8,0x0C29E169,0x5D8C7880,0x1F074651,0x7B473AA6,0x39CC0477,
  0x3940E953,0x7BCBD782,0x1F8BAB75,0x5D0095A4,0x0CA50C4D,0x4E2E329C,0x2A6E4E6B,0x68E570BA,0xEBCA22DD,0xA9411C0C,0xCD0160FB,0x8F8A5E2A,0xDE2FC7C3,0x9CA4F912,0xF8E485E5,0xBA6FBB34,
  0x6DB2D77C,0x2F39E9AD,0x4B79955A,0x09F2AB8B,0x58573262,0x1ADC0CB3,0x7E9C7044,0x3C174E95,0xBF381CF2,0xFDB32223,0x99F35ED4,0xDB786005,0x8ADDF9EC,0xC856C73D,0xAC16BBCA,0xEE9D851B,
  0x59B45744,0x1B3F6995,0x7F7F1562,0x3DF42BB3,0x6C51B25A,0x2EDA8C8B,0x4A9AF07C,0x0811CEAD,0x8B3E9CCA,0xC9B5A21B,0xADF5DEEC,0xEF7EE03D,0xBEDB79D4,0xFC504705,0x98103BF2,0xDA9B0523,
  0x0D46696B,0x4FCD57BA,0x2B8D2B4D,0x6906159C,0x38A38C75,0x7A28B2A4,0x1E68CE53,0x5CE3F082,0xDFCCA2E5,0x9D479C34,0xF907E0C3,0xBB8CDE12,0xEA2947FB,0xA8A2792A,0xCCE205DD,0x8E693B0C,
  0x00000000,0x33B92074,0x763AAFB6,0x45838FC2,0x32F16FE3,0x01484F97,0x44CBC055,0x7772E021,0x45AA60BB,0x761340CF,0x3390CF0D,0x0029EF79,0x775B0F58,0x44E22F2C,0x0161A0EE,0x32D8809A,
  0x4EA27D0F,0x7D1B5D7B,0x3898D2B9,0x0B21F2CD,0x7C5312EC,0x4FEA3298,0x0A69BD5A,0x39D09D2E,0x0B081DB4,0x38B13DC0,0x7D32B202,0x4E8B9276,0x39F97257,0x0A405223,0x4FC3DDE1,0x7C7AFD95,
  0x85DBDEEA,0xB662FE9E,0xF3E1715C,0xC0585128,0xB72AB109,0x8493917D,0xC1101EBF,0xF2A93ECB,0xC071BE51,0xF3C89E25,0xB64B11E7,0x85F23193,0xF280D1B2,0xC139F1C6,0x84BA7E04,0xB7035E70,
  0xCB79A3E5,0xF8C08391,0xBD430C53,0x8EFA2C27,0xF988CC06,0xCA31EC72,0x8FB263B0,0xBC0B43C4,0x8ED3C35E,0xBD6AE32A,0xF8E96CE8,0xCB504C9C,0xBC22ACBD,0x8F9B8CC9,0xCA18030B,0xF9A1237F,
  0xED6810A9,0xDED130DD,0x9B52BF1F,0xA8EB9F6B,0xDF997F4A,0xEC205F3E,0xA9A3D0FC,0x9A1AF088,0xA8C27012,0x9B7B5066,0xDEF8DFA4,0xED41FFD0,0x9A331FF1,0xA98A3F85,0xEC09B047,0xDFB09033,
  0xA3CA6DA6,0x90734DD2,0xD5F0C210,0xE649E264,0x913B0245,0xA2822231,0xE701ADF3,0xD4B88D87,0xE6600D1D,0xD5D92D69,0x905AA2AB,0xA3E382DF,0xD49162FE,0xE728428A,0xA2ABCD48,0x9112ED3C,
  0x68B3CE43,0x5B0AEE37,0x1E8961F5,0x2D304181,0x5A42A1A0,0x69FB81D4,0x2C780E16,0x1FC12E62,0x2D19AEF8,0x1EA08E8C,0x5B23014E,0x689A213A,0x1FE8C11B,0x2C51E16F,0x69D26EAD,0x5A6B4ED9,
  0x2611B34C,0x15A89338,0x502B1CFA,0x63923C8E,0x14E0DCAF,0x2759FCDB,0x62DA7319,0x5163536D,0x63BBD3F7,0x5002F383,0x15817C41,0x26385C35,0x514ABC14,0x62F39C60,0x277013A2,0x14C933D6,
  0xC9082820,0xFAB10854,0xBF328796,0x8C8BA7E2,0xFBF947C3,0xC84067B7,0x8DC3E875,0xBE7AC801,0x8CA2489B,0xBF1B68EF,0xFA98E72D,0xC921C759,0xBE532778,0x8DEA070C,0xC86988CE,0xFBD0A8BA,
  0x87AA552F,0xB413755B,0xF190FA99,0xC229DAED,0xB55B3ACC,0x86E21AB8,0xC361957A,0xF0D8B50E,0xC2003594,0xF1B915E0,0xB43A9A22,0x8783BA56,0xF0F15A77,0xC3487A03,0x86CBF5C1,0xB572D5B5,
  0x4CD3F6CA,0x7F6AD6BE,0x3AE9597C,0x09507908,0x7E229929,0x4D9BB95D,0x0818369F,0x3BA116EB,0x09799671,0x3AC0B605,0x7F4339C7,0x4CFA19B3,0x3B88F992,0x0831D9E6,0x4DB25624,0x7E0B7650,
  0x02718BC5,0x31C8ABB1,0x744B2473,0x47F20407,0x3080E426,0x0339C452,0x46BA4B90,0x75036BE4,0x47DBEB7E,0x7462CB0A,0x31E144C8,0x025864BC,0x752A849D,0x4693A4E9,0x03102B2B,0x30A90B5F,
  0x24603889,0x17D918FD,0x525A973F,0x61E3B74B,0x1691576A,0x2528771E,0x60ABF8DC,0x5312D8A8,0x61CA5832,0x52737846,0x17F0F784,0x2449D7F0,0x533B37D1,0x608217A5,0x25019867,0x16B8B813,
  0x6AC24586,0x597B65F2,0x1CF8EA30,0x2F41CA44,0x58332A65,0x6B8A0A11,0x2E0985D3,0x1DB0A5A7,0x2F68253D,0x1CD10549,0x59528A8B,0x6AEBAAFF,0x1D994ADE,0x2E206AAA,0x6BA3E568,0x581AC51C,
  0xA1BBE663,0x9202C617,0xD78149D5,0xE43869A1,0x934A8980,0xA0F3A9F4,0xE5702636,0xD6C90642,0xE41186D8,0xD7A8A6AC,0x922B296E,0xA192091A,0xD6E0E93B,0xE559C94F,0xA0DA468D,0x936366F9,
  0xEF199B6C,0xDCA0BB18,0x992334DA,0xAA9A14AE,0xDDE8F48F,0xEE51D4FB,0xABD25B39,0x986B7B4D,0xAAB3FBD7,0x990ADBA3,0xDC895461,0xEF307415,0x98429434,0xABFBB440,0xEE783B82,0xDDC11BF6,
  0x00000000,0x898ED6F7,0x88BB5D2B,0x01358BDC,0x6BC40B2F,0xE24ADDD8,0xE37F5604,0x6AF180F3,0x64764B58,0xEDF89DAF,0xECCD1673,0x6543C084,0x0FB24077,0x863C9680,0x87091D5C,0x0E87CBAB,
  0xFB829BBC,0x720C4D4B,0x7339C697,0xFAB71060,0x90469093,0x19C84664,0x18FDCDB8,0x91731B4F,0x9FF4D0E4,0x167A0613,0x174F8DCF,0x9EC15B38,0xF430DBCB,0x7DBE0D3C,0x7C8B86E0,0xF5055017,
  0x34F4419F,0xBD7A9768,0xBC4F1CB4,0x35C1CA43,0x5F304AB0,0xD6BE9C47,0xD78B179B,0x5E05C16C,0x50820AC7,0xD90CDC30,0xD83957EC,0x51B7811B,0x3B4601E8,0xB2C8D71F,0xB3FD5CC3,0x3A738A34,
  0xCF76DA23,0x46F80CD4,0x47CD8708,0xCE4351FF,0xA4B2D10C,0x2D3C07FB,0x2C098C27,0xA5875AD0,0xAB00917B,0x228E478C,0x23BBCC50,0xAA351AA7,0xC0C49A54,0x494A4CA3,0x487FC77F,0xC1F11188,
  0xAD8F7554,0x2401A3A3,0x2534287F,0xACBAFE88,0xC64B7E7B,0x4FC5A88C,0x4EF02350,0xC77EF5A7,0xC9F93E0C,0x4077E8FB,0x41426327,0xC8CCB5D0,0xA23D3523,0x2BB3E3D4,0x2A866808,0xA308BEFF,
  0x560DEEE8,0xDF83381F,0xDEB6B3C3,0x57386534,0x3DC9E5C7,0xB4473330,0xB572B8EC,0x3CFC6E1B,0x327BA5B0,0xBBF57347,0xBAC0F89B,0x334E2E6C,0x59BFAE9F,0xD0317868,0xD104F3B4,0x588A2543,
  0x997B34CB,0x10F5E23C,0x11C069E0,0x984EBF17,0xF2BF3FE4,0x7B31E913,0x7A0462CF,0xF38AB438,0xFD0D7F93,0x7483A964,0x75B622B8,0xFC38F44F,0x96C974BC,0x1F47A24B,0x1E722997,0x97FCFF60,
  0x62F9AF77,0xEB777980,0xEA42F25C,0x63CC24AB,0x093DA458,0x80B372AF,0x8186F973,0x08082F84,0x068FE42F,0x8F0132D8,0x8E34B904,0x07BA6FF3,0x6D4BEF00,0xE4C539F7,0xE5F0B22B,0x6C7E64DC,
  0x3451C6D2,0xBDDF1025,0xBCEA9BF9,0x35644D0E,0x5F95CDFD,0xD61B1B0A,0xD72E90D6,0x5EA04621,0x50278D8A,0xD9A95B7D,0xD89CD0A1,0x51120656,0x3BE386A5,0xB26D5052,0xB358DB8E,0x3AD60D79,
  0xCFD35D6E,0x465D8B99,0x47680045,0xCEE6D6B2,0xA4175641,0x2D9980B6,0x2CAC0B6A,0xA522DD9D,0xABA51636,0x222BC0C1,0x231E4B1D,0xAA909DEA,0xC0611D19,0x49EFCBEE,0x48DA4032,0xC15496C5,
  0x00A5874D,0x892B51BA,0x881EDA66,0x01900C91,0x6B618C62,0xE2EF5A95,0xE3DAD149,0x6A5407BE,0x64D3CC15,0xED5D1AE2,0xEC68913E,0x65E647C9,0x0F17C73A,0x869911CD,0x87AC9A11,0x0E224CE6,
  0xFB271CF1,0x72A9CA06,0x739C41DA,0xFA12972D,0x90E317DE,0x196DC129,0x18584AF5,0x91D69C02,0x9F5157A9,0x16DF815E,0x17EA0A82,0x9E64DC75,0xF4955C86,0x7D1B8A71,0x7C2E01AD,0xF5A0D75A,
  0x99DEB386,0x10506571,0x1165EEAD,0x98EB385A,0xF21AB8A9,0x7B946E5E,0x7AA1E582,0xF32F3375,0xFDA8F8DE,0x74262E29,0x7513A5F5,0xFC9D7302,0x966CF3F1,0x1FE22506,0x1ED7AEDA,0x9759782D,
  0x625C283A,0xEBD2FECD,0xEAE77511,0x6369A3E6,0x09982315,0x8016F5E2,0x81237E3E,0x08ADA8C9,0x062A6362,0x8FA4B595,0x8E913E49,0x071FE8BE,0x6DEE684D,0xE460BEBA,0xE5553566,0x6CDBE391,
  0xAD2AF219,0x24A424EE,0x2591AF32,0xAC1F79C5,0xC6EEF936,0x4F602FC1,0x4E55A41D,0xC7DB72EA,0xC95CB941,0x40D26FB6,0x41E7E46A,0xC869329D,0xA298B26E,0x2B166499,0x2A23EF45,0xA3AD39B2,
  0x56A869A5,0xDF26BF52,0xDE13348E,0x579DE279,0x3D6C628A,0xB4E2B47D,0xB5D73FA1,0x3C59E956,0x32DE22FD,0xBB50F40A,0xBA657FD6,0x33EBA921,0x591A29D2,0xD094FF25,0xD1A174F9,0x582FA20E,
  0x00000000,0xD7582DD6,0x306C3464,0xE73419B2,0x6FCF48E7,0xB8976531,0x5FA37C83,0x88FB5155,0xAEE5D931,0x79BDF4E7,0x9E89ED55,0x49D1C083,0xC12A91D6,0x1672BC00,0xF146A5B2,0x261E8864,
  0xD33C1943,0x04643495,0xE3502D27,0x340800F1,0xBCF351A4,0x6BAB7C72,0x8C9F65C0,0x5BC74816,0x7DD9C072,0xAA81EDA4,0x4DB5F416,0x9AEDD9C0,0x12168895,0xC54EA543,0x227ABCF1,0xF5229127,
  0x279901B3,0xF0C12C65,0x17F535D7,0xC0AD1801,0x48564954,0x9F0E6482,0x783A7D30,0xAF6250E6,0x897CD882,0x5E24F554,0xB910ECE6,0x6E48C130,0xE6B39065,0x31EBBDB3,0xD6DFA401,0x018789D7,
  0xF4A518F0,0x23FD3526,0xC4C92C94,0x13910142,0x9B6A5017,0x4C327DC1,0xAB066473,0x7C5E49A5,0x5A40C1C1,0x8D18EC17,0x6A2CF5A5,0xBD74D873,0x358F8926,0xE2D7A4F0,0x05E3BD42,0xD2BB9094,
  0x22F68778,0xF5AEAAAE,0x129AB31C,0xC5C29ECA,0x4D39CF9F,0x9A61E249,0x7D55FBFB,0xAA0DD62D,0x8C135E49,0x5B4B739F,0xBC7F6A2D,0x6B2747FB,0xE3DC16AE,0x34843B78,0xD3B022CA,0x04E80F1C,
  0xF1CA9E3B,0x2692B3ED,0xC1A6AA5F,0x16FE8789,0x9E05D6DC,0x495DFB0A,0xAE69E2B8,0x7931CF6E,0x5F2F470A,0x88776ADC,0x6F43736E,0xB81B5EB8,0x30E00FED,0xE7B8223B,0x008C3B89,0xD7D4165F,
  0x056F86CB,0xD237AB1D,0x3503B2AF,0xE25B9F79,0x6AA0CE2C,0xBDF8E3FA,0x5ACCFA48,0x8D94D79E,0xAB8A5FFA,0x7CD2722C,0x9BE66B9E,0x4CBE4648,0xC445171D,0x131D3ACB,0xF4292379,0x23710EAF,
  0xD6539F88,0x010BB25E,0xE63FABEC,0x3167863A,0xB99CD76F,0x6EC4FAB9,0x89F0E30B,0x5EA8CEDD,0x78B646B9,0xAFEE6B6F,0x48DA72DD,0x9F825F0B,0x17790E5E,0xC0212388,0x27153A3A,0xF04D17EC,
  0x3921FF3A,0xEE79D2EC,0x094DCB5E,0xDE15E688,0x56EEB7DD,0x81B69A0B,0x668283B9,0xB1DAAE6F,0x97C4260B,0x409C0BDD,0xA7A8126F,0x70F03FB9,0xF80B6EEC,0x2F53433A,0xC8675A88,0x1F3F775E,
  0xEA1DE679,0x3D45CBAF,0xDA71D21D,0x0D29FFCB,0x85D2AE9E,0x528A8348,0xB5BE9AFA,0x62E6B72C,0x44F83F48,0x93A0129E,0x74940B2C,0xA3CC26FA,0x2B3777AF,0xFC6F5A79,0x1B5B43CB,0xCC036E1D,
  0x1EB8FE89,0xC9E0D35F,0x2ED4CAED,0xF98CE73B,0x7177B66E,0xA62F9BB8,0x411B820A,0x9643AFDC,0xB05D27B8,0x67050A6E,0x803113DC,0x57693E0A,0xDF926F5F,0x08CA4289,0xEFFE5B3B,0x38A676ED,
  0xCD84E7CA,0x1ADCCA1C,0xFDE8D3AE,0x2AB0FE78,0xA24BAF2D,0x751382FB,0x92279B49,0x457FB69F,0x63613EFB,0xB439132D,0x530D0A9F,0x84552749,0x0CAE761C,0xDBF65BCA,0x3CC24278,0xEB9A6FAE,
  0x1BD77842,0xCC8F5594,0x2BBB4C26,0xFCE361F0,0x741830A5,0xA3401D73,0x447404C1,0x932C2917,0xB532A173,0x626A8CA5,0x855E9517,0x5206B8C1,0xDAFDE994,0x0DA5C442,0xEA91DDF0,0x3DC9F026,
  0xC8EB6101,0x1FB34CD7,0xF8875565,0x2FDF78B3,0xA72429E6,0x707C0430,0x97481D82,0x40103054,0x660EB830,0xB15695E6,0x56628C54,0x813AA182,0x09C1F0D7,0xDE99DD01,0x39ADC4B3,0xEEF5E965,
  0x3C4E79F1,0xEB165427,0x0C224D95,0xDB7A6043,0x53813116,0x84D91CC0,0x63ED0572,0xB4B528A4,0x92ABA0C0,0x45F38D16,0xA2C794A4,0x759FB972,0xFD64E827,0x2A3CC5F1,0xCD08DC43,0x1A50F195,
  0xEF7260B2,0x382A4D64,0xDF1E54D6,0x08467900,0x80BD2855,0x57E50583,0xB0D11C31,0x678931E7,0x4197B983,0x96CF9455,0x71FB8DE7,0xA6A3A031,0x2E58F164,0xF900DCB2,0x1E34C500,0xC96CE8D6,
  0x00000000,0x5B28B123,0xD9A8CA47,0x82807B64,0xAF2850B8,0xF400E19B,0x76809AFF,0x2DA82BDC,0xA2914D9B,0xF9B9FCB8,0x7B3987DC,0x201136FF,0x0DB91D23,0x5691AC00,0xD411D764,0x8F396647,
  0x8CBBAFB2,0xD7931E91,0x551365F5,0x0E3BD4D6,0x2393FF0A,0x78BB4E29,0xFA3B354D,0xA113846E,0x2E2AE229,0x7502530A,0xF782286E,0xACAA994D,0x8102B291,0xDA2A03B2,0x58AA78D6,0x0382C9F5,
  0x8863D43C,0xD34B651F,0x51CB1E7B,0x0AE3AF58,0x274B8484,0x7C6335A7,0xFEE34EC3,0xA5CBFFE0,0x2AF299A7,0x71DA2884,0xF35A53E0,0xA872E2C3,0x85DAC91F,0xDEF2783C,0x5C720358,0x075AB27B,
  0x04D87B8E,0x5FF0CAAD,0xDD70B1C9,0x865800EA,0xABF02B36,0xF0D89A15,0x7258E171,0x29705052,0xA6493615,0xFD618736,0x7FE1FC52,0x24C94D71,0x096166AD,0x5249D78E,0xD0C9ACEA,0x8BE11DC9,
  0xD136F482,0x8A1E45A1,0x089E3EC5,0x53B68FE6,0x7E1EA43A,0x25361519,0xA7B66E7D,0xFC9EDF5E,0x73A7B919,0x288F083A,0xAA0F735E,0xF127C27D,0xDC8FE9A1,0x87A75882,0x052723E6,0x5E0F92C5,
  0x5D8D5B30,0x06A5EA13,0x84259177,0xDF0D2054,0xF2A50B88,0xA98DBAAB,0x2B0DC1CF,0x702570EC,0xFF1C16AB,0xA434A788,0x26B4DCEC,0x7D9C6DCF,0x50344613,0x0B1CF730,0x899C8C54,0xD2B43D77,
  0x595520BE,0x027D919D,0x80FDEAF9,0xDBD55BDA,0xF67D7006,0xAD55C125,0x2FD5BA41,0x74FD0B62,0xFBC46D25,0xA0ECDC06,0x226CA762,0x79441641,0x54EC3D9D,0x0FC48CBE,0x8D44F7DA,0xD66C46F9,
  0xD5EE8F0C,0x8EC63E2F,0x0C46454B,0x576EF468,0x7AC6DFB4,0x21EE6E97,0xA36E15F3,0xF846A4D0,0x777FC297,0x2C5773B4,0xAED708D0,0xF5FFB9F3,0xD857922F,0x837F230C,0x01FF5868,0x5AD7E94B,
  0x597CB4C5,0x025405E6,0x80D47E82,0xDBFCCFA1,0xF654E47D,0xAD7C555E,0x2FFC2E3A,0x74D49F19,0xFBEDF95E,0xA0C5487D,0x22453319,0x796D823A,0x54C5A9E6,0x0FED18C5,0x8D6D63A1,0xD645D282,
  0xD5C71B77,0x8EEFAA54,0x0C6FD130,0x57476013,0x7AEF4BCF,0x21C7FAEC,0xA3478188,0xF86F30AB,0x775656EC,0x2C7EE7CF,0xAEFE9CAB,0xF5D62D88,0xD87E0654,0x8356B777,0x01D6CC13,0x5AFE7D30,
  0xD11F60F9,0x8A37D1DA,0x08B7AABE,0x539F1B9D,0x7E373041,0x251F8162,0xA79FFA06,0xFCB74B25,0x738E2D62,0x28A69C41,0xAA26E725,0xF10E5606,0xDCA67DDA,0x878ECCF9,0x050EB79D,0x5E2606BE,
  0x5DA4CF4B,0x068C7E68,0x840C050C,0xDF24B42F,0xF28C9FF3,0xA9A42ED0,0x2B2455B4,0x700CE497,0xFF3582D0,0xA41D33F3,0x269D4897,0x7DB5F9B4,0x501DD268,0x0B35634B,0x89B5182F,0xD29DA90C,
  0x884A4047,0xD362F164,0x51E28A00,0x0ACA3B23,0x276210FF,0x7C4AA1DC,0xFECADAB8,0xA5E26B9B,0x2ADB0DDC,0x71F3BCFF,0xF373C79B,0xA85B76B8,0x85F35D64,0xDEDBEC47,0x5C5B9723,0x07732600,
  0x04F1EFF5,0x5FD95ED6,0xDD5925B2,0x86719491,0xABD9BF4D,0xF0F10E6E,0x7271750A,0x2959C429,0xA660A26E,0xFD48134D,0x7FC86829,0x24E0D90A,0x0948F2D6,0x526043F5,0xD0E03891,0x8BC889B2,
  0x0029947B,0x5B012558,0xD9815E3C,0x82A9EF1F,0xAF01C4C3,0xF42975E0,0x76A90E84,0x2D81BFA7,0xA2B8D9E0,0xF99068C3,0x7B1013A7,0x2038A284,0x0D908958,0x56B8387B,0xD438431F,0x8F10F23C,
  0x8C923BC9,0xD7BA8AEA,0x553AF18E,0x0E1240AD,0x23BA6B71,0x7892DA52,0xFA12A136,0xA13A1015,0x2E037652,0x752BC771,0xF7ABBC15,0xAC830D36,0x812B26EA,0xDA0397C9,0x5883ECAD,0x03AB5D8E,
  0x00000000,0x5B001A72,0xAC3F037C,0xF73F190E,0x6165C87C,0x3A65D20E,0xCD5ACB00,0x965AD172,0xBEE45097,0xE5E44AE5,0x12DB53EB,0x49DB4999,0xDF8198EB,0x84818299,0x73BE9B97,0x28BE81E5,
  0xD51C6425,0x8E1C7E57,0x79236759,0x22237D2B,0xB479AC59,0xEF79B62B,0x1846AF25,0x4346B557,0x6BF834B2,0x30F82EC0,0xC7C737CE,0x9CC72DBC,0x0A9DFCCE,0x519DE6BC,0xA6A2FFB2,0xFDA2E5C0,
  0x4620B795,0x1D20ADE7,0xEA1FB4E9,0xB11FAE9B,0x27457FE9,0x7C45659B,0x8B7A7C95,0xD07A66E7,0xF8C4E702,0xA3C4FD70,0x54FBE47E,0x0FFBFE0C,0x99A12F7E,0xC2A1350C,0x359E2C02,0x6E9E3670,
  0x933CD3B0,0xC83CC9C2,0x3F03D0CC,0x6403CABE,0xF2591BCC,0xA95901BE,0x5E6618B0,0x056602C2,0x2DD88327,0x76D89955,0x81E7805B,0xDAE79A29,0x4CBD4B5B,0x17BD5129,0xE0824827,0xBB825255,
  0x80142C20,0xDB143652,0x2C2B2F5C,0x772B352E,0xE171E45C,0xBA71FE2E,0x4D4EE720,0x164EFD52,0x3EF07CB7,0x65F066C5,0x92CF7FCB,0xC9CF65B9,0x5F95B4CB,0x0495AEB9,0xF3AAB7B7,0xA8AAADC5,
  0x55084805,0x0E085277,0xF9374B79,0xA237510B,0x346D8079,0x6F6D9A0B,0x98528305,0xC3529977,0xEBEC1892,0xB0EC02E0,0x47D31BEE,0x1CD3019C,0x8A89D0EE,0xD189CA9C,0x26B6D392,0x7DB6C9E0,
  0xC6349BB5,0x9D3481C7,0x6A0B98C9,0x310B82BB,0xA75153C9,0xFC5149BB,0x0B6E50B5,0x506E4AC7,0x78D0CB22,0x23D0D150,0xD4EFC85E,0x8FEFD22C,0x19B5035E,0x42B5192C,0xB58A0022,0xEE8A1A50,
  0x1328FF90,0x4828E5E2,0xBF17FCEC,0xE417E69E,0x724D37EC,0x294D2D9E,0xDE723490,0x85722EE2,0xADCCAF07,0xF6CCB575,0x01F3AC7B,0x5AF3B609,0xCCA9677B,0x97A97D09,0x60966407,0x3B967E75,
  0x97E9ADEF,0xCCE9B79D,0x3BD6AE93,0x60D6B4E1,0xF68C6593,0xAD8C7FE1,0x5AB366EF,0x01B37C9D,0x290DFD78,0x720DE70A,0x8532FE04,0xDE32E476,0x48683504,0x13682F76,0xE4573678,0xBF572C0A,
  0x42F5C9CA,0x19F5D3B8,0xEECACAB6,0xB5CAD0C4,0x239001B6,0x78901BC4,0x8FAF02CA,0xD4AF18B8,0xFC11995D,0xA711832F,0x502E9A21,0x0B2E8053,0x9D745121,0xC6744B53,0x314B525D,0x6A4B482F,
  0xD1C91A7A,0x8AC90008,0x7DF61906,0x26F60374,0xB0ACD206,0xEBACC874,0x1C93D17A,0x4793CB08,0x6F2D4AED,0x342D509F,0xC3124991,0x981253E3,0x0E488291,0x554898E3,0xA27781ED,0xF9779B9F,
  0x04D57E5F,0x5FD5642D,0xA8EA7D23,0xF3EA6751,0x65B0B623,0x3EB0AC51,0xC98FB55F,0x928FAF2D,0xBA312EC8,0xE13134BA,0x160E2DB4,0x4D0E37C6,0xDB54E6B4,0x8054FCC6,0x776BE5C8,0x2C6BFFBA,
  0x17FD81CF,0x4CFD9BBD,0xBBC282B3,0xE0C298C1,0x769849B3,0x2D9853C1,0xDAA74ACF,0x81A750BD,0xA919D158,0xF219CB2A,0x0526D224,0x5E26C856,0xC87C1924,0x937C0356,0x64431A58,0x3F43002A,
  0xC2E1E5EA,0x99E1FF98,0x6EDEE696,0x35DEFCE4,0xA3842D96,0xF88437E4,0x0FBB2EEA,0x54BB3498,0x7C05B57D,0x2705AF0F,0xD03AB601,0x8B3AAC73,0x1D607D01,0x46606773,0xB15F7E7D,0xEA5F640F,
  0x51DD365A,0x0ADD2C28,0xFDE23526,0xA6E22F54,0x30B8FE26,0x6BB8E454,0x9C87FD5A,0xC787E728,0xEF3966CD,0xB4397CBF,0x430665B1,0x18067FC3,0x8E5CAEB1,0xD55CB4C3,0x2263ADCD,0x7963B7BF,
  0x84C1527F,0xDFC1480D,0x28FE5103,0x73FE4B71,0xE5A49A03,0xBEA48071,0x499B997F,0x129B830D,0x3A2502E8,0x6125189A,0x961A0194,0xCD1A1BE6,0x5B40CA94,0x0040D0E6,0xF77FC9E8,0xAC7FD39A,
  0x00000000,0x38D1F237,0x930E399F,0xABDFCBA8,0xAFBB1B61,0x976AE956,0x3CB522FE,0x0464D0C9,0xAB457BDA,0x939489ED,0x384B4245,0x009AB072,0x04FE60BB,0x3C2F928C,0x97F05924,0xAF21AB13,
  0xAC80FF37,0x94510D00,0x3F8EC6A8,0x075F349F,0x033BE456,0x3BEA1661,0x9035DDC9,0xA8E42FFE,0x07C584ED,0x3F1476DA,0x94CBBD72,0xAC1A4F45,0xA87E9F8C,0x90AF6DBB,0x3B70A613,0x03A15424,
  0xCA29076E,0xF2F8F559,0x59273EF1,0x61F6CCC6,0x65921C0F,0x5D43EE38,0xF69C2590,0xCE4DD7A7,0x616C7CB4,0x59BD8E83,0xF262452B,0xCAB3B71C,0xCED767D5,0xF60695E2,0x5DD95E4A,0x6508AC7D,
  0x66A9F859,0x5E780A6E,0xF5A7C1C6,0xCD7633F1,0xC912E338,0xF1C3110F,0x5A1CDAA7,0x62CD2890,0xCDEC8383,0xF53D71B4,0x5EE2BA1C,0x6633482B,0x625798E2,0x5A866AD5,0xF159A17D,0xC988534A,
  0x87FECD11,0xBF2F3F26,0x14F0F48E,0x2C2106B9,0x2845D670,0x10942447,0xBB4BEFEF,0x839A1DD8,0x2CBBB6CB,0x146A44FC,0xBFB58F54,0x87647D63,0x8300ADAA,0xBBD15F9D,0x100E9435,0x28DF6602,
  0x2B7E3226,0x13AFC011,0xB8700BB9,0x80A1F98E,0x84C52947,0xBC14DB70,0x17CB10D8,0x2F1AE2EF,0x803B49FC,0xB8EABBCB,0x13357063,0x2BE48254,0x2F80529D,0x1751A0AA,0xBC8E6B02,0x845F9935,
  0x4DD7CA7F,0x75063848,0xDED9F3E0,0xE60801D7,0xE26CD11E,0xDABD2329,0x7162E881,0x49B31AB6,0xE692B1A5,0xDE434392,0x759C883A,0x4D4D7A0D,0x4929AAC4,0x71F858F3,0xDA27935B,0xE2F6616C,
  0xE1573548,0xD986C77F,0x72590CD7,0x4A88FEE0,0x4EEC2E29,0x763DDC1E,0xDDE217B6,0xE533E581,0x4A124E92,0x72C3BCA5,0xD91C770D,0xE1CD853A,0xE5A955F3,0xDD78A7C4,0x76A76C6C,0x4E769E5B,
  0xAF9FF511,0x974E0726,0x3C91CC8E,0x04403EB9,0x0024EE70,0x38F51C47,0x932AD7EF,0xABFB25D8,0x04DA8ECB,0x3C0B7CFC,0x97D4B754,0xAF054563,0xAB6195AA,0x93B0679D,0x386FAC35,0x00BE5E02,
  0x031F0A26,0x3BCEF811,0x901133B9,0xA8C0C18E,0xACA41147,0x9475E370,0x3FAA28D8,0x077BDAEF,0xA85A71FC,0x908B83CB,0x3B544863,0x0385BA54,0x07E16A9D,0x3F3098AA,0x94EF5302,0xAC3EA135,
  0x65B6F27F,0x5D670048,0xF6B8CBE0,0xCE6939D7,0xCA0DE91E,0xF2DC1B29,0x5903D081,0x61D222B6,0xCEF389A5,0xF6227B92,0x5DFDB03A,0x652C420D,0x614892C4,0x599960F3,0xF246AB5B,0xCA97596C,
  0xC9360D48,0xF1E7FF7F,0x5A3834D7,0x62E9C6E0,0x668D1629,0x5E5CE41E,0xF5832FB6,0xCD52DD81,0x62737692,0x5AA284A5,0xF17D4F0D,0xC9ACBD3A,0xCDC86DF3,0xF5199FC4,0x5EC6546C,0x6617A65B,
  0x28613800,0x10B0CA37,0xBB6F019F,0x83BEF3A8,0x87DA2361,0xBF0BD156,0x14D41AFE,0x2C05E8C9,0x832443DA,0xBBF5B1ED,0x102A7A45,0x28FB8872,0x2C9F58BB,0x144EAA8C,0xBF916124,0x87409313,
  0x84E1C737,0xBC303500,0x17EFFEA8,0x2F3E0C9F,0x2B5ADC56,0x138B2E61,0xB854E5C9,0x808517FE,0x2FA4BCED,0x17754EDA,0xBCAA8572,0x847B7745,0x801FA78C,0xB8CE55BB,0x13119E13,0x2BC06C24,
  0xE2483F6E,0xDA99CD59,0x714606F1,0x4997F4C6,0x4DF3240F,0x7522D638,0xDEFD1D90,0xE62CEFA7,0x490D44B4,0x71DCB683,0xDA037D2B,0xE2D28F1C,0xE6B65FD5,0xDE67ADE2,0x75B8664A,0x4D69947D,
  0x4EC8C059,0x7619326E,0xDDC6F9C6,0xE5170BF1,0xE173DB38,0xD9A2290F,0x727DE2A7,0x4AAC1090,0xE58DBB83,0xDD5C49B4,0x7683821C,0x4E52702B,0x4A36A0E2,0x72E752D5,0xD938997D,0xE1E96B4A,
  0x00000000,0xB054DAB9,0x34EAA8DB,0x84BE7262,0xD06CCE42,0x603814FB,0xE4866699,0x54D2BC20,0xE594E55B,0x55C03FE2,0xD17E4D80,0x612A9739,0x35F82B19,0x85ACF1A0,0x011283C2,0xB146597B,
  0xD53672B7,0x6562A80E,0xE1DCDA6C,0x518800D5,0x055ABCF5,0xB50E664C,0x31B0142E,0x81E4CE97,0x30A297EC,0x80F64D55,0x04483F37,0xB41CE58E,0xE0CE59AE,0x509A8317,0xD424F175,0x64702BCC,
  0xEA44FD74,0x5A1027CD,0xDEAE55AF,0x6EFA8F16,0x3A283336,0x8A7CE98F,0x0EC29BED,0xBE964154,0x0FD0182F,0xBF84C296,0x3B3AB0F4,0x8B6E6A4D,0xDFBCD66D,0x6FE80CD4,0xEB567EB6,0x5B02A40F,
  0x3F728FC3,0x8F26557A,0x0B982718,0xBBCCFDA1,0xEF1E4181,0x5F4A9B38,0xDBF4E95A,0x6BA033E3,0xDAE66A98,0x6AB2B021,0xEE0CC243,0x5E5818FA,0x0A8AA4DA,0xBADE7E63,0x3E600C01,0x8E34D6B8,
  0xFB5984B8,0x4B0D5E01,0xCFB32C63,0x7FE7F6DA,0x2B354AFA,0x9B619043,0x1FDFE221,0xAF8B3898,0x1ECD61E3,0xAE99BB5A,0x2A27C938,0x9A731381,0xCEA1AFA1,0x7EF57518,0xFA4B077A,0x4A1FDDC3,
  0x2E6FF60F,0x9E3B2CB6,0x1A855ED4,0xAAD1846D,0xFE03384D,0x4E57E2F4,0xCAE99096,0x7ABD4A2F,0xCBFB1354,0x7BAFC9ED,0xFF11BB8F,0x4F456136,0x1B97DD16,0xABC307AF,0x2F7D75CD,0x9F29AF74,
  0x111D79CC,0xA149A375,0x25F7D117,0x95A30BAE,0xC171B78E,0x71256D37,0xF59B1F55,0x45CFC5EC,0xF4899C97,0x44DD462E,0xC063344C,0x7037EEF5,0x24E552D5,0x94B1886C,0x100FFA0E,0xA05B20B7,
  0xC42B0B7B,0x747FD1C2,0xF0C1A3A0,0x40957919,0x1447C539,0xA4131F80,0x20AD6DE2,0x90F9B75B,0x21BFEE20,0x91EB3499,0x155546FB,0xA5019C42,0xF1D32062,0x4187FADB,0xC53988B9,0x756D5200,
  0x314E77F2,0x811AAD4B,0x05A4DF29,0xB5F00590,0xE122B9B0,0x51766309,0xD5C8116B,0x659CCBD2,0xD4DA92A9,0x648E4810,0xE0303A72,0x5064E0CB,0x04B65CEB,0xB4E28652,0x305CF430,0x80082E89,
  0xE4780545,0x542CDFFC,0xD092AD9E,0x60C67727,0x3414CB07,0x844011BE,0x00FE63DC,0xB0AAB965,0x01ECE01E,0xB1B83AA7,0x350648C5,0x8552927C,0xD1802E5C,0x61D4F4E5,0xE56A8687,0x553E5C3E,
  0xDB0A8A86,0x6B5E503F,0xEFE0225D,0x5FB4F8E4,0x0B6644C4,0xBB329E7D,0x3F8CEC1F,0x8FD836A6,0x3E9E6FDD,0x8ECAB564,0x0A74C706,0xBA201DBF,0xEEF2A19F,0x5EA67B26,0xDA180944,0x6A4CD3FD,
  0x0E3CF831,0xBE682288,0x3AD650EA,0x8A828A53,0xDE503673,0x6E04ECCA,0xEABA9EA8,0x5AEE4411,0xEBA81D6A,0x5BFCC7D3,0xDF42B5B1,0x6F166F08,0x3BC4D328,0x8B900991,0x0F2E7BF3,0xBF7AA14A,
  0xCA17F34A,0x7A4329F3,0xFEFD5B91,0x4EA98128,0x1A7B3D08,0xAA2FE7B1,0x2E9195D3,0x9EC54F6A,0x2F831611,0x9FD7CCA8,0x1B69BECA,0xAB3D6473,0xFFEFD853,0x4FBB02EA,0xCB057088,0x7B51AA31,
  0x1F2181FD,0xAF755B44,0x2BCB2926,0x9B9FF39F,0xCF4D4FBF,0x7F199506,0xFBA7E764,0x4BF33DDD,0xFAB564A6,0x4AE1BE1F,0xCE5FCC7D,0x7E0B16C4,0x2AD9AAE4,0x9A8D705D,0x1E33023F,0xAE67D886,
  0x20530E3E,0x9007D487,0x14B9A6E5,0xA4ED7C5C,0xF03FC07C,0x406B1AC5,0xC4D568A7,0x7481B21E,0xC5C7EB65,0x759331DC,0xF12D43BE,0x41799907,0x15AB2527,0xA5FFFF9E,0x21418DFC,0x91155745,
  0xF5657C89,0x4531A630,0xC18FD452,0x71DB0EEB,0x2509B2CB,0x955D6872,0x11E31A10,0xA1B7C0A9,0x10F199D2,0xA0A5436B,0x241B3109,0x944FEBB0,0xC09D5790,0x70C98D29,0xF477FF4B,0x442325F2,
  0x00000000,0x187DEFF2,0x79DC4487,0x61A1AB75,0x34FF6457,0x2C828BA5,0x4D2320D0,0x555ECF22,0xAF4E7090,0xB7339F62,0xD6923417,0xCEEFDBE5,0x9BB114C7,0x83CCFB35,0xE26D5040,0xFA10BFB2,
  0x18E34610,0x009EA9E2,0x613F0297,0x7942ED65,0x2C1C2247,0x3461CDB5,0x55C066C0,0x4DBD8932,0xB7AD3680,0xAFD0D972,0xCE717207,0xD60C9DF5,0x835252D7,0x9B2FBD25,0xFA8E1650,0xE2F3F9A2,
  0x1C5161F2,0x042C8E00,0x658D2575,0x7DF0CA87,0x28AE05A5,0x30D3EA57,0x51724122,0x490FAED0,0xB31F1162,0xAB62FE90,0xCAC355E5,0xD2BEBA17,0x87E07535,0x9F9D9AC7,0xFE3C31B2,0xE641DE40,
  0x04B227E2,0x1CCFC810,0x7D6E6365,0x65138C97,0x304D43B5,0x2830AC47,0x49910732,0x51ECE8C0,0xABFC5772,0xB381B880,0xD22013F5,0xCA5DFC07,0x9F033325,0x877EDCD7,0xE6DF77A2,0xFEA29850,
  0x1AD9E6B8,0x02A4094A,0x6305A23F,0x7B784DCD,0x2E2682EF,0x365B6D1D,0x57FAC668,0x4F87299A,0xB5979628,0xADEA79DA,0xCC4BD2AF,0xD4363D5D,0x8168F27F,0x99151D8D,0xF8B4B6F8,0xE0C9590A,
  0x023AA0A8,0x1A474F5A,0x7BE6E42F,0x639B0BDD,0x36C5C4FF,0x2EB82B0D,0x4F198078,0x57646F8A,0xAD74D038,0xB5093FCA,0xD4A894BF,0xCCD57B4D,0x998BB46F,0x81F65B9D,0xE057F0E8,0xF82A1F1A,
  0x0688874A,0x1EF568B8,0x7F54C3CD,0x67292C3F,0x3277E31D,0x2A0A0CEF,0x4BABA79A,0x53D64868,0xA9C6F7DA,0xB1BB1828,0xD01AB35D,0xC8675CAF,0x9D39938D,0x85447C7F,0xE4E5D70A,0xFC9838F8,
  0x1E6BC15A,0x06162EA8,0x67B785DD,0x7FCA6A2F,0x2A94A50D,0x32E94AFF,0x5348E18A,0x4B350E78,0xB125B1CA,0xA9585E38,0xC8F9F54D,0xD0841ABF,0x85DAD59D,0x9DA73A6F,0xFC06911A,0xE47B7EE8,
  0xA89ED2A9,0xB0E33D5B,0xD142962E,0xC93F79DC,0x9C61B6FE,0x841C590C,0xE5BDF279,0xFDC01D8B,0x07D0A239,0x1FAD4DCB,0x7E0CE6BE,0x6671094C,0x332FC66E,0x2B52299C,0x4AF382E9,0x528E6D1B,
  0xB07D94B9,0xA8007B4B,0xC9A1D03E,0xD1DC3FCC,0x8482F0EE,0x9CFF1F1C,0xFD5EB469,0xE5235B9B,0x1F33E429,0x074E0BDB,0x66EFA0AE,0x7E924F5C,0x2BCC807E,0x33B16F8C,0x5210C4F9,0x4A6D2B0B,
  0xB4CFB35B,0xACB25CA9,0xCD13F7DC,0xD56E182E,0x8030D70C,0x984D38FE,0xF9EC938B,0xE1917C79,0x1B81C3CB,0x03FC2C39,0x625D874C,0x7A2068BE,0x2F7EA79C,0x3703486E,0x56A2E31B,0x4EDF0CE9,
  0xAC2CF54B,0xB4511AB9,0xD5F0B1CC,0xCD8D5E3E,0x98D3911C,0x80AE7EEE,0xE10FD59B,0xF9723A69,0x036285DB,0x1B1F6A29,0x7ABEC15C,0x62C32EAE,0x379DE18C,0x2FE00E7E,0x4E41A50B,0x563C4AF9,
  0xB2473411,0xAA3ADBE3,0xCB9B7096,0xD3E69F64,0x86B85046,0x9EC5BFB4,0xFF6414C1,0xE719FB33,0x1D094481,0x0574AB73,0x64D50006,0x7CA8EFF4,0x29F620D6,0x318BCF24,0x502A6451,0x48578BA3,
  0xAAA47201,0xB2D99DF3,0xD3783686,0xCB05D974,0x9E5B1656,0x8626F9A4,0xE78752D1,0xFFFABD23,0x05EA0291,0x1D97ED63,0x7C364616,0x644BA9E4,0x311566C6,0x29688934,0x48C92241,0x50B4CDB3,
  0xAE1655E3,0xB66BBA11,0xD7CA1164,0xCFB7FE96,0x9AE931B4,0x8294DE46,0xE3357533,0xFB489AC1,0x01582573,0x1925CA81,0x788461F4,0x60F98E06,0x35A74124,0x2DDAAED6,0x4C7B05A3,0x5406EA51,
  0xB6F513F3,0xAE88FC01,0xCF295774,0xD754B886,0x820A77A4,0x9A779856,0xFBD63323,0xE3ABDCD1,0x19BB6363,0x01C68C91,0x606727E4,0x781AC816,0x2D440734,0x3539E8C6,0x549843B3,0x4CE5AC41,
  0x00000000,0xB904B6C2,0x80BCB715,0x39B801D7,0xB7F532EE,0x0EF1842C,0x374985FB,0x8E4D3339,0x7D0CB6D2,0xC4080010,0xFDB001C7,0x44B4B705,0xCAF9843C,0x73FD32FE,0x4A453329,0xF34185EB,
  0xAE4833B1,0x174C8573,0x2EF484A4,0x97F03266,0x19BD015F,0xA0B9B79D,0x9901B64A,0x20050088,0xD3448563,0x6A4033A1,0x53F83276,0xEAFC84B4,0x64B1B78D,0xDDB5014F,0xE40D0098,0x5D09B65A,
  0x2AA6536A,0x93A2E5A8,0xAA1AE47F,0x131E52BD,0x9D536184,0x2457D746,0x1DEFD691,0xA4EB6053,0x57AAE5B8,0xEEAE537A,0xD71652AD,0x6E12E46F,0xE05FD756,0x595B6194,0x60E36043,0xD9E7D681,
  0x84EE60DB,0x3DEAD619,0x0452D7CE,0xBD56610C,0x331B5235,0x8A1FE4F7,0xB3A7E520,0x0AA353E2,0xF9E2D609,0x40E660CB,0x795E611C,0xC05AD7DE,0x4E17E4E7,0xF7135225,0xCEAB53F2,0x77AFE530,
  0x5141C733,0xE84571F1,0xD1FD7026,0x68F9C6E4,0xE6B4F5DD,0x5FB0431F,0x660842C8,0xDF0CF40A,0x2C4D71E1,0x9549C723,0xACF1C6F4,0x15F57036,0x9BB8430F,0x22BCF5CD,0x1B04F41A,0xA20042D8,
  0xFF09F482,0x460D4240,0x7FB54397,0xC6B1F555,0x48FCC66C,0xF1F870AE,0xC8407179,0x7144C7BB,0x82054250,0x3B01F492,0x02B9F545,0xBBBD4387,0x35F070BE,0x8CF4C67C,0xB54CC7AB,0x0C487169,
  0x7BE79459,0xC2E3229B,0xFB5B234C,0x425F958E,0xCC12A6B7,0x75161075,0x4CAE11A2,0xF5AAA760,0x06EB228B,0xBFEF9449,0x8657959E,0x3F53235C,0xB11E1065,0x081AA6A7,0x31A2A770,0x88A611B2,
  0xD5AFA7E8,0x6CAB112A,0x551310FD,0xEC17A63F,0x625A9506,0xDB5E23C4,0xE2E62213,0x5BE294D1,0xA8A3113A,0x11A7A7F8,0x281FA62F,0x911B10ED,0x1F5623D4,0xA6529516,0x9FEA94C1,0x26EE2203,
  0xCB4920B2,0x724D9670,0x4BF597A7,0xF2F12165,0x7CBC125C,0xC5B8A49E,0xFC00A549,0x4504138B,0xB6459660,0x0F4120A2,0x36F92175,0x8FFD97B7,0x01B0A48E,0xB8B4124C,0x810C139B,0x3808A559,
  0x65011303,0xDC05A5C1,0xE5BDA416,0x5CB912D4,0xD2F421ED,0x6BF0972F,0x524896F8,0xEB4C203A,0x180DA5D1,0xA1091313,0x98B112C4,0x21B5A406,0xAFF8973F,0x16FC21FD,0x2F44202A,0x964096E8,
  0xE1EF73D8,0x58EBC51A,0x6153C4CD,0xD857720F,0x561A4136,0xEF1EF7F4,0xD6A6F623,0x6FA240E1,0x9CE3C50A,0x25E773C8,0x1C5F721F,0xA55BC4DD,0x2B16F7E4,0x92124126,0xABAA40F1,0x12AEF633,
  0x4FA74069,0xF6A3F6AB,0xCF1BF77C,0x761F41BE,0xF8527287,0x4156C445,0x78EEC592,0xC1EA7350,0x32ABF6BB,0x8BAF4079,0xB21741AE,0x0B13F76C,0x855EC455,0x3C5A7297,0x05E27340,0xBCE6C582,
  0x9A08E781,0x230C5143,0x1AB45094,0xA3B0E656,0x2DFDD56F,0x94F963AD,0xAD41627A,0x1445D4B8,0xE7045153,0x5E00E791,0x67B8E646,0xDEBC5084,0x50F163BD,0xE9F5D57F,0xD04DD4A8,0x6949626A,
  0x3440D430,0x8D4462F2,0xB4FC6325,0x0DF8D5E7,0x83B5E6DE,0x3AB1501C,0x030951CB,0xBA0DE709,0x494C62E2,0xF048D420,0xC9F0D5F7,0x70F46335,0xFEB9500C,0x47BDE6CE,0x7E05E719,0xC70151DB,
  0xB0AEB4EB,0x09AA0229,0x301203FE,0x8916B53C,0x075B8605,0xBE5F30C7,0x87E73110,0x3EE387D2,0xCDA20239,0x74A6B4FB,0x4D1EB52C,0xF41A03EE,0x7A5730D7,0xC3538615,0xFAEB87C2,0x43EF3100,
  0x1EE6875A,0xA7E23198,0x9E5A304F,0x275E868D,0xA913B5B4,0x10170376,0x29AF02A1,0x90ABB463,0x63EA3188,0xDAEE874A,0xE356869D,0x5A52305F,0xD41F0366,0x6D1BB5A4,0x54A3B473,0xEDA702B1,
  0x00000000,0xE2E25123,0x1EA37996,0xFC4128B5,0x01EFEEEE,0xE30DBFCD,0x1F4C9778,0xFDAEC65B,0x13C89B28,0xF12ACA0B,0x0D6BE2BE,0xEF89B39D,0x122775C6,0xF0C524E5,0x0C840C50,0xEE665D73,
  0xD6E92286,0x340B73A5,0xC84A5B10,0x2AA80A33,0xD706CC68,0x35E49D4B,0xC9A5B5FE,0x2B47E4DD,0xC521B9AE,0x27C3E88D,0xDB82C038,0x3960911B,0xC4CE5740,0x262C0663,0xDA6D2ED6,0x388F7FF5,
  0xF46AC8D5,0x168899F6,0xEAC9B143,0x082BE060,0xF585263B,0x17677718,0xEB265FAD,0x09C40E8E,0xE7A253FD,0x054002DE,0xF9012A6B,0x1BE37B48,0xE64DBD13,0x04AFEC30,0xF8EEC485,0x1A0C95A6,
  0x2283EA53,0xC061BB70,0x3C2093C5,0xDEC2C2E6,0x236C04BD,0xC18E559E,0x3DCF7D2B,0xDF2D2C08,0x314B717B,0xD3A92058,0x2FE808ED,0xCD0A59CE,0x30A49F95,0xD246CEB6,0x2E07E603,0xCCE5B720,
  0x922FA2A8,0x70CDF38B,0x8C8CDB3E,0x6E6E8A1D,0x93C04C46,0x71221D65,0x8D6335D0,0x6F8164F3,0x81E73980,0x630568A3,0x9F444016,0x7DA61135,0x8008D76E,0x62EA864D,0x9EABAEF8,0x7C49FFDB,
  0x44C6802E,0xA624D10D,0x5A65F9B8,0xB887A89B,0x45296EC0,0xA7CB3FE3,0x5B8A1756,0xB9684675,0x570E1B06,0xB5EC4A25,0x49AD6290,0xAB4F33B3,0x56E1F5E8,0xB403A4CB,0x48428C7E,0xAAA0DD5D,
  0x66456A7D,0x84A73B5E,0x78E613EB,0x9A0442C8,0x67AA8493,0x8548D5B0,0x7909FD05,0x9BEBAC26,0x758DF155,0x976FA076,0x6B2E88C3,0x89CCD9E0,0x74621FBB,0x96804E98,0x6AC1662D,0x8823370E,
  0xB0AC48FB,0x524E19D8,0xAE0F316D,0x4CED604E,0xB143A615,0x53A1F736,0xAFE0DF83,0x4D028EA0,0xA364D3D3,0x418682F0,0xBDC7AA45,0x5F25FB66,0xA28B3D3D,0x40696C1E,0xBC2844AB,0x5ECA1588,
  0xFB94F4B7,0x1976A594,0xE5378D21,0x07D5DC02,0xFA7B1A59,0x18994B7A,0xE4D863CF,0x063A32EC,0xE85C6F9F,0x0ABE3EBC,0xF6FF1609,0x141D472A,0xE9B38171,0x0B51D052,0xF710F8E7,0x15F2A9C4,
  0x2D7DD631,0xCF9F8712,0x33DEAFA7,0xD13CFE84,0x2C9238DF,0xCE7069FC,0x32314149,0xD0D3106A,0x3EB54D19,0xDC571C3A,0x2016348F,0xC2F465AC,0x3F5AA3F7,0xDDB8F2D4,0x21F9DA61,0xC31B8B42,
  0x0FFE3C62,0xED1C6D41,0x115D45F4,0xF3BF14D7,0x0E11D28C,0xECF383AF,0x10B2AB1A,0xF250FA39,0x1C36A74A,0xFED4F669,0x0295DEDC,0xE0778FFF,0x1DD949A4,0xFF3B1887,0x037A3032,0xE1986111,
  0xD9171EE4,0x3BF54FC7,0xC7B46772,0x25563651,0xD8F8F00A,0x3A1AA129,0xC65B899C,0x24B9D8BF,0xCADF85CC,0x283DD4EF,0xD47CFC5A,0x369EAD79,0xCB306B22,0x29D23A01,0xD59312B4,0x37714397,
  0x69BB561F,0x8B59073C,0x77182F89,0x95FA7EAA,0x6854B8F1,0x8AB6E9D2,0x76F7C167,0x94159044,0x7A73CD37,0x98919C14,0x64D0B4A1,0x8632E582,0x7B9C23D9,0x997E72FA,0x653F5A4F,0x87DD0B6C,
  0xBF527499,0x5DB025BA,0xA1F10D0F,0x43135C2C,0xBEBD9A77,0x5C5FCB54,0xA01EE3E1,0x42FCB2C2,0xAC9AEFB1,0x4E78BE92,0xB2399627,0x50DBC704,0xAD75015F,0x4F97507C,0xB3D678C9,0x513429EA,
  0x9DD19ECA,0x7F33CFE9,0x8372E75C,0x6190B67F,0x9C3E7024,0x7EDC2107,0x829D09B2,0x607F5891,0x8E1905E2,0x6CFB54C1,0x90BA7C74,0x72582D57,0x8FF6EB0C,0x6D14BA2F,0x9155929A,0x73B7C3B9,
  0x4B38BC4C,0xA9DAED6F,0x559BC5DA,0xB77994F9,0x4AD752A2,0xA8350381,0x54742B34,0xB6967A17,0x58F02764,0xBA127647,0x46535EF2,0xA4B10FD1,0x591FC98A,0xBBFD98A9,0x47BCB01C,0xA55EE13F,
  0x00000000,0xF396E861,0x764A34B4,0x85DCDCD5,0x710E61D8,0x829889B9,0x0744556C,0xF4D2BD0D,0xA45CECEE,0x57CA048F,0xD216D85A,0x2180303B,0xD5528D36,0x26C46557,0xA318B982,0x508E51E3,
  0x1EDB048C,0xED4DECED,0x68913038,0x9B07D859,0x6FD56554,0x9C438D35,0x199F51E0,0xEA09B981,0xBA87E862,0x49110003,0xCCCDDCD6,0x3F5B34B7,0xCB8989BA,0x381F61DB,0xBDC3BD0E,0x4E55556F,
  0x5F887C17,0xAC1E9476,0x29C248A3,0xDA54A0C2,0x2E861DCF,0xDD10F5AE,0x58CC297B,0xAB5AC11A,0xFBD490F9,0x08427898,0x8D9EA44D,0x7E084C2C,0x8ADAF121,0x794C1940,0xFC90C595,0x0F062DF4,
  0x4153789B,0xB2C590FA,0x37194C2F,0xC48FA44E,0x305D1943,0xC3CBF122,0x46172DF7,0xB581C596,0xE50F9475,0x16997C14,0x9345A0C1,0x60D348A0,0x9401F5AD,0x67971DCC,0xE24BC119,0x11DD2978,
  0x77A7FF9A,0x843117FB,0x01EDCB2E,0xF27B234F,0x06A99E42,0xF53F7623,0x70E3AAF6,0x83754297,0xD3FB1374,0x206DFB15,0xA5B127C0,0x5627CFA1,0xA2F572AC,0x51639ACD,0xD4BF4618,0x2729AE79,
  0x697CFB16,0x9AEA1377,0x1F36CFA2,0xECA027C3,0x18729ACE,0xEBE472AF,0x6E38AE7A,0x9DAE461B,0xCD2017F8,0x3EB6FF99,0xBB6A234C,0x48FCCB2D,0xBC2E7620,0x4FB89E41,0xCA644294,0x39F2AAF5,
  0x282F838D,0xDBB96BEC,0x5E65B739,0xADF35F58,0x5921E255,0xAAB70A34,0x2F6BD6E1,0xDCFD3E80,0x8C736F63,0x7FE58702,0xFA395BD7,0x09AFB3B6,0xFD7D0EBB,0x0EEBE6DA,0x8B373A0F,0x78A1D26E,
  0x36F48701,0xC5626F60,0x40BEB3B5,0xB3285BD4,0x47FAE6D9,0xB46C0EB8,0x31B0D26D,0xC2263A0C,0x92A86BEF,0x613E838E,0xE4E25F5B,0x1774B73A,0xE3A60A37,0x1030E256,0x95EC3E83,0x667AD6E2,
  0x339B9DAA,0xC00D75CB,0x45D1A91E,0xB647417F,0x4295FC72,0xB1031413,0x34DFC8C6,0xC74920A7,0x97C77144,0x64519925,0xE18D45F0,0x121BAD91,0xE6C9109C,0x155FF8FD,0x90832428,0x6315CC49,
  0x2D409926,0xDED67147,0x5B0AAD92,0xA89C45F3,0x5C4EF8FE,0xAFD8109F,0x2A04CC4A,0xD992242B,0x891C75C8,0x7A8A9DA9,0xFF56417C,0x0CC0A91D,0xF8121410,0x0B84FC71,0x8E5820A4,0x7DCEC8C5,
  0x6C13E1BD,0x9F8509DC,0x1A59D509,0xE9CF3D68,0x1D1D8065,0xEE8B6804,0x6B57B4D1,0x98C15CB0,0xC84F0D53,0x3BD9E532,0xBE0539E7,0x4D93D186,0xB9416C8B,0x4AD784EA,0xCF0B583F,0x3C9DB05E,
  0x72C8E531,0x815E0D50,0x0482D185,0xF71439E4,0x03C684E9,0xF0506C88,0x758CB05D,0x861A583C,0xD69409DF,0x2502E1BE,0xA0DE3D6B,0x5348D50A,0xA79A6807,0x540C8066,0xD1D05CB3,0x2246B4D2,
  0x443C6230,0xB7AA8A51,0x32765684,0xC1E0BEE5,0x353203E8,0xC6A4EB89,0x4378375C,0xB0EEDF3D,0xE0608EDE,0x13F666BF,0x962ABA6A,0x65BC520B,0x916EEF06,0x62F80767,0xE724DBB2,0x14B233D3,
  0x5AE766BC,0xA9718EDD,0x2CAD5208,0xDF3BBA69,0x2BE90764,0xD87FEF05,0x5DA333D0,0xAE35DBB1,0xFEBB8A52,0x0D2D6233,0x88F1BEE6,0x7B675687,0x8FB5EB8A,0x7C2303EB,0xF9FFDF3E,0x0A69375F,
  0x1BB41E27,0xE822F646,0x6DFE2A93,0x9E68C2F2,0x6ABA7FFF,0x992C979E,0x1CF04B4B,0xEF66A32A,0xBFE8F2C9,0x4C7E1AA8,0xC9A2C67D,0x3A342E1C,0xCEE69311,0x3D707B70,0xB8ACA7A5,0x4B3A4FC4,
  0x056F1AAB,0xF6F9F2CA,0x73252E1F,0x80B3C67E,0x74617B73,0x87F79312,0x022B4FC7,0xF1BDA7A6,0xA133F645,0x52A51E24,0xD779C2F1,0x24EF2A90,0xD03D979D,0x23AB7FFC,0xA677A329,0x55E14B48,
  0x00000000,0x88ED38AB,0xE3ED354E,0x6B000DE5,0x105952D2,0x98B46A79,0xF3B4679C,0x7B595F37,0xE75208EF,0x6FBF3044,0x04BF3DA1,0x8C52050A,0xF70B5A3D,0x7FE66296,0x14E66F73,0x9C0B57D8,
  0x947053EE,0x1C9D6B45,0x779D66A0,0xFF705E0B,0x8429013C,0x0CC43997,0x67C43472,0xEF290CD9,0x73225B01,0xFBCF63AA,0x90CF6E4F,0x182256E4,0x637B09D3,0xEB963178,0x80963C9D,0x087B0436,
  0x3D86998D,0xB56BA126,0xDE6BACC3,0x56869468,0x2DDFCB5F,0xA532F3F4,0xCE32FE11,0x46DFC6BA,0xDAD49162,0x5239A9C9,0x3939A42C,0xB1D49C87,0xCA8DC3B0,0x4260FB1B,0x2960F6FE,0xA18DCE55,
  0xA9F6CA63,0x211BF2C8,0x4A1BFF2D,0xC2F6C786,0xB9AF98B1,0x3142A01A,0x5A42ADFF,0xD2AF9554,0x4EA4C28C,0xC649FA27,0xAD49F7C2,0x25A4CF69,0x5EFD905E,0xD610A8F5,0xBD10A510,0x35FD9DBB,
  0x1F301062,0x97DD28C9,0xFCDD252C,0x74301D87,0x0F6942B0,0x87847A1B,0xEC8477FE,0x64694F55,0xF862188D,0x708F2026,0x1B8F2DC3,0x93621568,0xE83B4A5F,0x60D672F4,0x0BD67F11,0x833B47BA,
  0x8B40438C,0x03AD7B27,0x68AD76C2,0xE0404E69,0x9B19115E,0x13F429F5,0x78F42410,0xF0191CBB,0x6C124B63,0xE4FF73C8,0x8FFF7E2D,0x07124686,0x7C4B19B1,0xF4A6211A,0x9FA62CFF,0x174B1454,
  0x22B689EF,0xAA5BB144,0xC15BBCA1,0x49B6840A,0x32EFDB3D,0xBA02E396,0xD102EE73,0x59EFD6D8,0xC5E48100,0x4D09B9AB,0x2609B44E,0xAEE48CE5,0xD5BDD3D2,0x5D50EB79,0x3650E69C,0xBEBDDE37,
  0xB6C6DA01,0x3E2BE2AA,0x552BEF4F,0xDDC6D7E4,0xA69F88D3,0x2E72B078,0x4572BD9D,0xCD9F8536,0x5194D2EE,0xD979EA45,0xB279E7A0,0x3A94DF0B,0x41CD803C,0xC920B897,0xA220B572,0x2ACD8DD9,
  0xA1FB0554,0x29163DFF,0x4216301A,0xCAFB08B1,0xB1A25786,0x394F6F2D,0x524F62C8,0xDAA25A63,0x46A90DBB,0xCE443510,0xA54438F5,0x2DA9005E,0x56F05F69,0xDE1D67C2,0xB51D6A27,0x3DF0528C,
  0x358B56BA,0xBD666E11,0xD66663F4,0x5E8B5B5F,0x25D20468,0xAD3F3CC3,0xC63F3126,0x4ED2098D,0xD2D95E55,0x5A3466FE,0x31346B1B,0xB9D953B0,0xC2800C87,0x4A6D342C,0x216D39C9,0xA9800162,
  0x9C7D9CD9,0x1490A472,0x7F90A997,0xF77D913C,0x8C24CE0B,0x04C9F6A0,0x6FC9FB45,0xE724C3EE,0x7B2F9436,0xF3C2AC9D,0x98C2A178,0x102F99D3,0x6B76C6E4,0xE39BFE4F,0x889BF3AA,0x0076CB01,
  0x080DCF37,0x80E0F79C,0xEBE0FA79,0x630DC2D2,0x18549DE5,0x90B9A54E,0xFBB9A8AB,0x73549000,0xEF5FC7D8,0x67B2FF73,0x0CB2F296,0x845FCA3D,0xFF06950A,0x77EBADA1,0x1CEBA044,0x940698EF,
  0xBECB1536,0x36262D9D,0x5D262078,0xD5CB18D3,0xAE9247E4,0x267F7F4F,0x4D7F72AA,0xC5924A01,0x59991DD9,0xD1742572,0xBA742897,0x3299103C,0x49C04F0B,0xC12D77A0,0xAA2D7A45,0x22C042EE,
  0x2ABB46D8,0xA2567E73,0xC9567396,0x41BB4B3D,0x3AE2140A,0xB20F2CA1,0xD90F2144,0x51E219EF,0xCDE94E37,0x4504769C,0x2E047B79,0xA6E943D2,0xDDB01CE5,0x555D244E,0x3E5D29AB,0xB6B01100,
  0x834D8CBB,0x0BA0B410,0x60A0B9F5,0xE84D815E,0x9314DE69,0x1BF9E6C2,0x70F9EB27,0xF814D38C,0x641F8454,0xECF2BCFF,0x87F2B11A,0x0F1F89B1,0x7446D686,0xFCABEE2D,0x97ABE3C8,0x1F46DB63,
  0x173DDF55,0x9FD0E7FE,0xF4D0EA1B,0x7C3DD2B0,0x07648D87,0x8F89B52C,0xE489B8C9,0x6C648062,0xF06FD7BA,0x7882EF11,0x1382E2F4,0x9B6FDA5F,0xE0368568,0x68DBBDC3,0x03DBB026,0x8B36888D,
  0x00000000,0x173ECD66,0xDFABC439,0xC895095F,0x5C819D8F,0x4BBF50E9,0x832A59B6,0x941494D0,0x3E28C0CE,0x29160DA8,0xE18304F7,0xF6BDC991,0x62A95D41,0x75979027,0xBD029978,0xAA3C541E,
  0xA292BCB7,0xB5AC71D1,0x7D39788E,0x6A07B5E8,0xFE132138,0xE92DEC5E,0x21B8E501,0x36862867,0x9CBA7C79,0x8B84B11F,0x4311B840,0x542F7526,0xC03BE1F6,0xD7052C90,0x1F9025CF,0x08AEE8A9,
  0xADA118EA,0xBA9FD58C,0x720ADCD3,0x653411B5,0xF1208565,0xE61E4803,0x2E8B415C,0x39B58C3A,0x9389D824,0x84B71542,0x4C221C1D,0x5B1CD17B,0xCF0845AB,0xD83688CD,0x10A38192,0x079D4CF4,
  0x0F33A45D,0x180D693B,0xD0986064,0xC7A6AD02,0x53B239D2,0x448CF4B4,0x8C19FDEB,0x9B27308D,0x311B6493,0x2625A9F5,0xEEB0A0AA,0xF98E6DCC,0x6D9AF91C,0x7AA4347A,0xB2313D25,0xA50FF043,
  0xD806D3BB,0xCF381EDD,0x07AD1782,0x1093DAE4,0x84874E34,0x93B98352,0x5B2C8A0D,0x4C12476B,0xE62E1375,0xF110DE13,0x3985D74C,0x2EBB1A2A,0xBAAF8EFA,0xAD91439C,0x65044AC3,0x723A87A5,
  0x7A946F0C,0x6DAAA26A,0xA53FAB35,0xB2016653,0x2615F283,0x312B3FE5,0xF9BE36BA,0xEE80FBDC,0x44BCAFC2,0x538262A4,0x9B176BFB,0x8C29A69D,0x183D324D,0x0F03FF2B,0xC796F674,0xD0A83B12,
  0x75A7CB51,0x62990637,0xAA0C0F68,0xBD32C20E,0x292656DE,0x3E189BB8,0xF68D92E7,0xE1B35F81,0x4B8F0B9F,0x5CB1C6F9,0x9424CFA6,0x831A02C0,0x170E9610,0x00305B76,0xC8A55229,0xDF9B9F4F,
  0xD73577E6,0xC00BBA80,0x089EB3DF,0x1FA07EB9,0x8BB4EA69,0x9C8A270F,0x541F2E50,0x4321E336,0xE91DB728,0xFE237A4E,0x36B67311,0x2188BE77,0xB59C2AA7,0xA2A2E7C1,0x6A37EE9E,0x7D0923F8,
  0x130C701A,0x0432BD7C,0xCCA7B423,0xDB997945,0x4F8DED95,0x58B320F3,0x902629AC,0x8718E4CA,0x2D24B0D4,0x3A1A7DB2,0xF28F74ED,0xE5B1B98B,0x71A52D5B,0x669BE03D,0xAE0EE962,0xB9302404,
  0xB19ECCAD,0xA6A001CB,0x6E350894,0x790BC5F2,0xED1F5122,0xFA219C44,0x32B4951B,0x258A587D,0x8FB60C63,0x9888C105,0x501DC85A,0x4723053C,0xD33791EC,0xC4095C8A,0x0C9C55D5,0x1BA298B3,
  0xBEAD68F0,0xA993A596,0x6106ACC9,0x763861AF,0xE22CF57F,0xF5123819,0x3D873146,0x2AB9FC20,0x8085A83E,0x97BB6558,0x5F2E6C07,0x4810A161,0xDC0435B1,0xCB3AF8D7,0x03AFF188,0x14913CEE,
  0x1C3FD447,0x0B011921,0xC394107E,0xD4AADD18,0x40BE49C8,0x578084AE,0x9F158DF1,0x882B4097,0x22171489,0x3529D9EF,0xFDBCD0B0,0xEA821DD6,0x7E968906,0x69A84460,0xA13D4D3F,0xB6038059,
  0xCB0AA3A1,0xDC346EC7,0x14A16798,0x039FAAFE,0x978B3E2E,0x80B5F348,0x4820FA17,0x5F1E3771,0xF522636F,0xE21CAE09,0x2A89A756,0x3DB76A30,0xA9A3FEE0,0xBE9D3386,0x76083AD9,0x6136F7BF,
  0x69981F16,0x7EA6D270,0xB633DB2F,0xA10D1649,0x35198299,0x22274FFF,0xEAB246A0,0xFD8C8BC6,0x57B0DFD8,0x408E12BE,0x881B1BE1,0x9F25D687,0x0B314257,0x1C0F8F31,0xD49A866E,0xC3A44B08,
  0x66ABBB4B,0x7195762D,0xB9007F72,0xAE3EB214,0x3A2A26C4,0x2D14EBA2,0xE581E2FD,0xF2BF2F9B,0x58837B85,0x4FBDB6E3,0x8728BFBC,0x901672DA,0x0402E60A,0x133C2B6C,0xDBA92233,0xCC97EF55,
  0xC43907FC,0xD307CA9A,0x1B92C3C5,0x0CAC0EA3,0x98B89A73,0x8F865715,0x47135E4A,0x502D932C,0xFA11C732,0xED2F0A54,0x25BA030B,0x3284CE6D,0xA6905ABD,0xB1AE97DB,0x793B9E84,0x6E0553E2,
};
